datetime,tempmax,tempmin,temp,dew,humidity,precipprob,precipcover,windgust,windspeed,winddir,sealevelpressure,cloudcover,visibility,solarradiation,uvindex,precipitation,month,day_of_year,year,month_sin,month_cos,doy_sin,doy_cos,daylight_hours,rained,temp_range,temp_lag1,humidity_lag1,temp_roll7
2015-01-01,60.7,39.1,50.0,41.7,74.7,100,4.17,11.2,5.8,166.0,1020.4,79.1,2.4,96.6,4,0.8,1,1,2015,0.49999999999999994,0.8660254037844387,0.017213356155834685,0.9998518392091162,10.421111111111111,1,21.6,,,
2015-01-02,71.0,49.9,54.9,48.4,80.1,100,20.83,19.9,9.2,26.0,1022.2,93.3,2.9,40.4,2,0.0,1,2,2015,0.49999999999999994,0.8660254037844387,0.03442161162274574,0.9994074007397048,10.428055555555556,0,21.1,50.0,74.7,
2015-01-03,67.7,48.1,54.8,50.5,86.3,100,8.33,15.4,15.7,304.8,1021.0,90.3,2.8,58.6,4,0.5,1,3,2015,0.49999999999999994,0.8660254037844387,0.051619667223253764,0.998666816288476,10.435555555555556,1,19.6,54.9,80.1,53.23333333333333
2015-01-04,69.9,48.1,54.5,49.6,85.5,100,4.17,17.0,9.2,252.4,1018.1,67.1,2.7,118.0,6,0.5,1,4,2015,0.49999999999999994,0.8660254037844387,0.06880242680231986,0.9976303053065857,10.444166666666666,1,21.800000000000004,54.8,86.3,53.55
2015-01-05,64.3,42.7,51.3,45.7,83.2,0,0.0,16.3,10.3,213.3,1013.9,41.6,3.9,139.2,6,0.0,1,5,2015,0.49999999999999994,0.8660254037844387,0.08596479873744647,0.9962981749346078,10.452777777777778,0,21.599999999999994,54.5,85.5,53.1
2015-01-06,62.5,46.3,52.2,45.0,78.0,0,0.0,16.1,10.3,243.1,1016.4,62.5,3.7,98.8,5,0.0,1,6,2015,0.49999999999999994,0.8660254037844387,0.10310169744743485,0.9946708199115211,10.462222222222222,0,16.200000000000003,51.3,83.2,52.949999999999996
2015-01-07,60.7,43.4,50.3,43.1,77.8,0,0.0,15.7,10.3,233.9,1017.1,65.7,3.4,102.8,5,0.0,1,7,2015,0.49999999999999994,0.8660254037844387,0.1202080448993527,0.9927487224577402,10.4725,0,17.300000000000004,52.2,78.0,52.57142857142857
2015-01-08,71.7,39.1,49.3,41.5,76.4,100,4.17,15.7,6.9,203.0,1018.9,50.1,3.9,114.1,5,0.0,1,8,2015,0.49999999999999994,0.8660254037844387,0.13727877211326478,0.9905324521322229,10.483055555555556,0,32.6,50.3,77.8,52.471428571428575
2015-01-09,64.3,39.1,48.4,38.7,72.8,0,0.0,15.4,9.2,58.0,1020.3,24.0,3.8,173.6,7,0.0,1,9,2015,0.49999999999999994,0.8660254037844387,0.15430882066428117,0.9880226656636976,10.494444444444444,0,25.199999999999996,49.3,76.4,51.542857142857144
2015-01-10,67.9,35.5,47.9,35.7,68.2,0,0.0,12.1,8.1,280.9,1018.8,22.9,3.9,190.1,7,0.0,1,10,2015,0.49999999999999994,0.8660254037844387,0.1712931441814776,0.9852201067560606,10.50611111111111,0,32.400000000000006,48.4,72.8,50.55714285714286
2015-01-11,66.1,37.3,49.3,36.3,64.8,0,0.0,11.6,6.9,180.1,1019.3,52.2,3.7,185.8,7,0.0,1,11,2015,0.49999999999999994,0.8660254037844387,0.1882267098432442,0.9821256058680006,10.518333333333333,0,28.799999999999997,47.9,68.2,49.81428571428571
2015-01-12,66.1,37.3,49.1,38.4,71.1,0,0.0,13.2,8.1,216.1,1020.7,31.3,3.3,188.1,7,0.0,1,12,2015,0.49999999999999994,0.8660254037844387,0.2051044998686192,0.9787400799669153,10.53111111111111,0,28.799999999999997,49.3,64.8,49.5
2015-01-13,66.1,37.3,49.7,39.6,72.0,100,4.17,14.5,9.2,263.4,1020.3,27.0,3.4,191.5,7,0.0,1,13,2015,0.49999999999999994,0.8660254037844387,0.22192151300416552,0.9750645322571948,10.544722222222223,0,28.799999999999997,49.1,71.1,49.142857142857146
2015-01-14,66.1,37.3,49.4,38.3,70.5,0,0.0,13.9,8.1,155.0,1021.1,25.0,3.5,187.5,7,0.0,1,14,2015,0.49999999999999994,0.8660254037844387,0.2386727660059501,0.9711000518829505,10.55888888888889,0,28.799999999999997,49.7,72.0,49.01428571428571
2015-01-15,75.8,37.3,50.0,39.2,70.3,0,0.0,15.0,9.2,240.6,1021.1,23.0,4.1,167.1,7,0.0,1,15,2015,0.49999999999999994,0.8660254037844387,0.255353295116187,0.9668478136052775,10.573333333333334,0,38.5,49.4,70.5,49.11428571428571
2015-01-16,62.5,37.3,49.3,40.0,73.3,0,0.0,14.8,6.9,172.3,1021.1,27.1,3.6,151.2,7,0.0,1,16,2015,0.49999999999999994,0.8660254037844387,0.2719581575341055,0.9623090774541486,10.588333333333333,0,25.200000000000003,50.0,70.3,49.24285714285714
2015-01-17,62.5,40.9,50.0,41.2,74.8,0,0.0,15.4,9.2,236.9,1020.0,29.2,3.8,170.2,6,0.0,1,17,2015,0.49999999999999994,0.8660254037844387,0.288482432880609,0.9574851883550393,10.60388888888889,0,21.6,49.3,73.3,49.542857142857144
2015-01-18,62.5,37.3,49.3,38.8,70.9,0,0.0,14.1,9.2,264.0,1019.8,25.2,4.1,193.5,7,0.0,1,18,2015,0.49999999999999994,0.8660254037844387,0.30492122465628907,0.9523775757303974,10.619722222222222,0,25.200000000000003,50.0,74.8,49.542857142857144
2015-01-19,66.1,37.3,49.4,37.5,69.2,0,0.0,14.8,8.1,203.8,1019.9,25.1,4.2,192.9,7,0.0,1,19,2015,0.49999999999999994,0.8660254037844387,0.3212696616923644,0.9469877530760753,10.636111111111111,0,28.799999999999997,49.3,70.9,49.58571428571428
2015-01-20,66.1,37.3,49.2,36.8,66.8,0,0.0,13.2,8.1,201.1,1022.5,33.3,4.1,181.8,7,0.0,1,20,2015,0.49999999999999994,0.8660254037844387,0.3375228995941133,0.9413173175128471,10.653055555555556,0,28.799999999999997,49.4,69.2,49.51428571428572
2015-01-21,74.9,37.3,50.8,38.5,66.9,0,0.0,14.1,6.9,173.6,1024.5,25.1,4.0,193.7,7,0.0,1,21,2015,0.49999999999999994,0.8660254037844387,0.3536761221763716,0.9353679493131483,10.670555555555556,0,37.60000000000001,49.2,66.8,49.714285714285715
2015-01-22,66.1,39.1,51.6,39.8,67.3,0,0.0,15.7,8.1,225.1,1022.8,69.7,3.8,187.8,7,0.0,1,22,2015,0.49999999999999994,0.8660254037844387,0.3697245428906731,0.9291414114031743,10.688333333333333,0,26.999999999999993,50.8,66.9,49.94285714285714
2015-01-23,64.3,46.3,54.0,43.3,69.2,0,0.0,18.6,8.1,228.5,1020.0,71.8,4.2,186.9,7,0.0,1,23,2015,0.49999999999999994,0.8660254037844387,0.38566340624360707,0.9226395488404876,10.706388888888888,0,18.0,51.6,67.3,50.614285714285714
2015-01-24,64.3,37.3,51.0,40.5,71.4,0,0.0,18.3,10.3,289.5,1020.1,44.7,3.9,194.5,7,0.0,1,24,2015,0.49999999999999994,0.8660254037844387,0.401487989205973,0.9158642882672872,10.725,0,27.0,54.0,69.2,50.75714285714286
2015-01-25,66.1,37.3,51.2,39.4,67.9,0,0.0,18.6,9.2,272.9,1021.2,61.3,4.3,189.6,7,0.0,1,25,2015,0.49999999999999994,0.8660254037844387,0.4171936026123168,0.9088176373395029,10.744166666666667,0,28.799999999999997,51.0,71.4,51.028571428571425
2015-01-26,60.7,46.3,52.0,44.4,76.4,0,0.0,14.3,8.1,337.7,1021.9,88.9,3.0,94.0,4,0.0,1,26,2015,0.49999999999999994,0.8660254037844387,0.4327755925504312,0.901501684131884,10.76361111111111,0,14.400000000000006,51.2,67.9,51.4
2015-01-27,66.3,44.5,52.4,42.1,71.7,0,0.0,19.7,10.3,283.7,1020.2,55.0,3.7,123.3,5,0.0,1,27,2015,0.49999999999999994,0.8660254037844387,0.4482293417404106,0.893918596519257,10.783611111111112,0,21.799999999999997,52.0,76.4,51.857142857142854
2015-01-28,67.9,35.5,50.0,37.3,67.4,0,0.0,18.8,9.2,282.7,1017.7,25.4,3.7,206.6,8,0.0,1,28,2015,0.49999999999999994,0.8660254037844387,0.4635502709028509,0.886070621534138,10.803888888888888,0,32.400000000000006,52.4,71.7,51.74285714285715
2015-01-29,64.3,39.1,49.4,36.7,67.0,0,0.0,16.6,9.2,209.0,1018.8,51.8,3.9,176.5,7,0.0,1,29,2015,0.49999999999999994,0.8660254037844387,0.47873384011578846,0.8779600847008882,10.824444444444444,0,25.199999999999996,50.0,67.4,51.42857142857143
2015-01-30,58.9,37.3,46.7,38.2,73.7,100,8.33,18.6,11.4,220.9,1018.0,31.1,3.4,164.7,7,0.0,1,30,2015,0.49999999999999994,0.8660254037844387,0.4937755501599772,0.869589389346611,10.845277777777778,0,21.6,49.4,67.0,50.385714285714286
2015-01-31,62.5,35.5,46.9,36.4,70.9,0,0.0,15.7,16.1,199.3,1018.6,28.0,3.6,176.3,7,0.0,1,31,2015,0.49999999999999994,0.8660254037844387,0.5086709438521044,0.8609610158889943,10.866388888888888,0,27.0,46.7,73.7,49.800000000000004
2015-02-01,60.7,37.3,47.7,38.8,73.9,0,0.0,16.1,10.3,212.3,1020.7,29.2,3.1,162.2,7,0.0,2,32,2015,0.8660254037844386,0.5000000000000001,0.5234156073655503,0.8520775211013093,10.888055555555555,0,23.400000000000006,46.9,70.9,49.300000000000004
2015-02-02,66.1,37.3,50.0,39.0,69.4,0,0.0,16.6,9.2,184.0,1023.5,27.1,3.4,197.1,7,0.0,2,33,2015,0.8660254037844386,0.5000000000000001,0.5380051715382996,0.8429415373547828,10.91,0,28.799999999999997,47.7,73.9,49.01428571428572
2015-02-03,69.7,39.1,53.2,40.4,67.2,0,0.0,30.0,17.2,286.9,1025.8,38.1,3.5,193.9,8,0.0,2,34,2015,0.8660254037844386,0.5000000000000001,0.5524353131676196,0.8335557718385699,10.932222222222222,0,30.6,50.0,69.4,49.12857142857143
2015-02-04,75.5,42.7,54.9,41.4,65.4,100,4.17,22.8,11.4,255.0,1021.9,30.6,4.4,213.5,8,1.0,2,35,2015,0.8660254037844386,0.5000000000000001,0.5667017562911176,0.8239230057575542,10.954722222222221,1,32.8,53.2,67.2,49.82857142857142
2015-02-05,67.9,39.1,51.7,43.0,74.7,0,0.0,17.2,11.4,205.2,1020.3,27.4,4.0,199.3,7,0.0,2,36,2015,0.8660254037844386,0.5000000000000001,0.5808002734538009,0.8140460935082178,10.9775,0,28.800000000000004,54.9,65.4,50.15714285714286
2015-02-06,69.5,42.3,52.6,45.4,78.7,0,0.0,17.9,9.2,251.8,1019.5,52.0,3.4,158.1,7,0.0,2,37,2015,0.8660254037844386,0.5000000000000001,0.5947266869607634,0.8039279618328213,11.000555555555556,0,27.200000000000003,51.7,74.7,51.0
2015-02-07,66.1,40.9,52.6,42.1,71.9,0,0.0,20.6,10.3,283.5,1019.3,41.5,3.9,204.0,8,0.0,2,38,2015,0.8660254037844386,0.5000000000000001,0.6084768701151261,0.7935716089521474,11.023888888888889,0,25.199999999999996,52.6,78.7,51.814285714285724
2015-02-08,64.3,40.9,52.2,41.6,70.0,0,0.0,21.9,11.4,302.6,1020.3,65.9,3.9,157.3,7,0.0,2,39,2015,0.8660254037844386,0.5000000000000001,0.6220467484408675,0.7829801036770629,11.047222222222222,0,23.4,52.6,71.9,52.457142857142856
2015-02-09,67.9,42.7,54.1,42.1,67.1,0,0.0,18.8,9.2,248.0,1021.1,30.2,4.0,203.3,8,0.0,2,40,2015,0.8660254037844386,0.5000000000000001,0.6354323008901774,0.7721565844991642,11.071388888888889,0,25.200000000000003,52.2,70.0,53.042857142857144
2015-02-10,67.9,40.9,54.1,42.3,68.1,0,0.0,23.3,11.4,275.0,1020.8,24.8,4.1,219.7,8,0.0,2,41,2015,0.8660254037844386,0.5000000000000001,0.6486295610349814,0.7611042586607747,11.095277777777778,0,27.000000000000007,54.1,67.1,53.17142857142857
2015-02-11,66.1,40.9,53.1,42.6,70.5,0,0.0,18.3,9.2,195.7,1019.4,48.3,3.3,198.7,8,0.0,2,42,2015,0.8660254037844386,0.5000000000000001,0.6616346182422783,0.7498264012045686,11.119444444444444,0,25.199999999999996,54.1,68.1,52.91428571428572
2015-02-12,66.1,42.7,53.5,43.0,71.6,0,0.0,15.2,11.4,208.3,1017.3,57.0,3.4,162.0,7,0.0,2,43,2015,0.8660254037844386,0.5000000000000001,0.6744436188329455,0.7383263540031065,11.143888888888888,0,23.39999999999999,53.1,70.5,53.17142857142857
2015-02-13,64.3,46.3,53.7,45.3,75.7,0,0.0,16.1,15.0,205.5,1015.1,55.4,3.3,152.4,6,0.0,2,44,2015,0.8660254037844386,0.5000000000000001,0.6870527672236669,0.7266075247685656,11.168611111111112,0,18.0,53.5,71.6,53.32857142857143
2015-02-14,62.5,42.7,52.6,44.6,75.6,0,0.0,15.9,12.8,200.0,1015.0,51.7,2.8,132.3,5,0.0,2,45,2015,0.8660254037844386,0.5000000000000001,0.6994583270516471,0.7146733860429609,11.19361111111111,0,19.799999999999997,53.7,75.7,53.32857142857143
2015-02-15,62.5,48.1,54.0,45.4,74.2,0,0.0,14.5,8.1,180.5,1017.0,76.9,2.6,108.8,5,0.0,2,46,2015,0.8660254037844386,0.5000000000000001,0.7116566222817746,0.702527474169157,11.21861111111111,0,14.399999999999999,52.6,75.6,53.58571428571429
2015-02-16,66.1,48.1,55.0,45.2,71.2,0,0.0,16.3,9.2,169.2,1020.2,53.3,2.5,186.0,7,0.0,2,47,2015,0.8660254037844386,0.5000000000000001,0.7236440382959124,0.6901733882429719,11.24388888888889,0,17.999999999999993,54.0,74.2,53.714285714285715
2015-02-17,67.9,46.3,55.9,45.6,71.2,0,0.0,13.6,11.4,209.8,1018.1,42.8,3.0,155.3,6,0.0,2,48,2015,0.8660254037844386,0.5000000000000001,0.7354170229639855,0.6776147890466889,11.269444444444444,0,21.60000000000001,55.0,71.2,53.971428571428575
2015-02-18,67.9,46.3,55.5,45.6,71.6,0,0.0,13.2,15.0,132.8,1017.1,61.1,2.9,139.8,6,0.0,2,49,2015,0.8660254037844386,0.5000000000000001,0.7469720876965552,0.6648553979642865,11.294722222222223,0,21.60000000000001,55.9,71.2,54.31428571428571
2015-02-19,79.1,44.5,55.3,45.5,72.0,100,4.17,17.4,8.1,251.1,1018.6,39.6,4.4,177.7,7,10.9,2,50,2015,0.8660254037844386,0.5000000000000001,0.7583058084785625,0.6518989958787126,11.320833333333333,1,34.599999999999994,55.5,71.6,54.57142857142857
2015-02-20,67.9,44.5,55.9,47.8,76.8,100,4.17,17.0,10.3,240.8,1018.8,27.9,3.2,176.9,7,0.0,2,51,2015,0.8660254037844386,0.5000000000000001,0.7694148268839378,0.6387494220515272,11.346388888888889,0,23.400000000000006,55.3,72.0,54.885714285714286
2015-02-21,67.9,48.1,57.0,49.7,78.6,0,0.0,19.2,8.1,210.0,1017.0,47.0,3.1,170.1,7,0.0,2,52,2015,0.8660254037844386,0.5000000000000001,0.7802958510707755,0.6254105729852463,11.372777777777777,0,19.800000000000004,55.9,76.8,55.51428571428571
2015-02-22,71.5,46.3,58.2,50.4,77.9,0,0.0,15.0,9.2,202.9,1018.3,27.1,3.0,213.0,8,0.0,2,53,2015,0.8660254037844386,0.5000000000000001,0.7909456567567772,0.6118864012687243,11.398888888888889,0,25.200000000000003,57.0,78.6,56.114285714285714
2015-02-23,71.5,55.3,61.9,53.7,76.7,100,4.17,18.8,20.1,221.0,1018.8,46.2,2.7,182.9,7,0.1016,2,54,2015,0.8660254037844386,0.5000000000000001,0.8013610881746766,0.5981809144059164,11.425,1,16.200000000000003,58.2,77.9,57.1
2015-02-24,69.7,55.3,62.4,54.6,76.9,0,0.0,19.2,8.1,234.5,1018.2,51.7,2.9,179.4,8,0.0,2,55,2015,0.8660254037844386,0.5000000000000001,0.8115390590073611,0.5842981736283683,11.45138888888889,0,14.400000000000006,61.9,76.7,58.028571428571425
2015-02-25,69.7,51.7,60.6,54.7,82.2,0,0.0,18.1,10.3,271.1,1016.5,63.7,2.3,173.7,6,0.0,2,56,2015,0.8660254037844386,0.5000000000000001,0.8214765533024142,0.5702422926917871,11.478055555555555,0,18.0,62.4,76.9,58.75714285714286
2015-02-26,58.9,49.9,53.9,50.9,89.7,100,4.17,23.7,15.0,78.6,1016.7,82.1,2.7,99.7,5,0.4064,2,57,2015,0.8660254037844386,0.5000000000000001,0.8311706263658079,0.5560174366570446,11.504722222222222,1,9.0,60.6,82.2,58.55714285714286
2015-02-27,71.5,44.9,57.9,45.8,68.9,100,4.17,19.5,17.2,277.1,1017.3,49.3,3.9,234.9,8,1.8,2,58,2015,0.8660254037844386,0.5000000000000001,0.8406184056344782,0.5416278206559814,11.53138888888889,1,26.6,53.9,89.7,58.84285714285715
2015-02-28,71.5,44.5,57.0,42.9,64.0,0,0.0,17.9,9.2,102.0,1019.5,64.5,4.1,191.0,8,0.0,2,59,2015,0.8660254037844386,0.5000000000000001,0.8498170915275278,0.5270777086423722,11.558055555555555,0,27.0,57.9,68.9,58.84285714285715
2015-03-01,72.8,51.7,54.4,48.7,82.0,100,4.17,17.2,13.4,80.2,1022.1,92.9,2.9,43.3,2,9.7,3,60,2015,1.0,6.123233995736766e-17,0.8587639582758029,0.5123714121284237,11.585,1,21.099999999999994,57.0,64.0,58.3
2015-03-02,63.2,48.6,52.5,49.2,88.7,100,8.33,15.9,13.9,81.2,1021.4,95.9,3.5,41.3,1,33.5,3,61,2015,1.0,6.123233995736766e-17,0.8674563547295968,0.49751328890718066,11.612222222222222,1,14.600000000000001,54.4,82.0,56.957142857142856
2015-03-03,64.3,48.1,54.9,49.6,83.6,100,4.17,11.9,8.1,255.9,1016.2,71.0,3.6,109.3,5,3.9878,3,62,2015,1.0,6.123233995736766e-17,0.8758917051442429,0.48250774176121847,11.639444444444445,1,16.199999999999996,52.5,88.7,55.88571428571429
2015-03-04,66.1,40.5,53.6,44.9,75.1,100,4.17,21.9,19.7,207.6,1014.2,53.1,4.2,209.3,8,0.0,3,63,2015,1.0,6.123233995736766e-17,0.8840675099433636,0.46735921715800227,11.66638888888889,0,25.599999999999994,54.9,83.6,54.885714285714286
2015-03-05,66.1,42.7,54.0,43.8,71.8,0,0.0,19.9,10.3,268.6,1017.3,28.1,4.7,232.5,8,0.0,3,64,2015,1.0,6.123233995736766e-17,0.8919813464595485,0.45207220393230435,11.69361111111111,0,23.39999999999999,53.6,75.1,54.9
2015-03-06,69.7,42.7,55.7,44.6,70.4,0,0.0,19.2,10.3,220.1,1018.7,26.0,4.4,243.4,9,0.0,3,65,2015,1.0,6.123233995736766e-17,0.8996308696522433,0.43665123195606403,11.720833333333333,0,27.0,54.0,71.8,54.58571428571428
2015-03-07,77.6,40.7,56.2,46.9,73.7,100,12.5,16.8,9.2,256.4,1017.3,26.6,4.3,238.9,8,0.0,3,66,2015,1.0,6.123233995736766e-17,0.9070138128026359,0.4211008707960896,11.748055555555556,0,36.89999999999999,55.7,70.4,54.471428571428575
2015-03-08,71.5,46.3,58.1,48.1,72.3,0,0.0,19.0,12.8,196.2,1020.4,39.7,3.9,256.2,9,0.0,3,67,2015,1.0,6.123233995736766e-17,0.9141279881853337,0.40542572835999735,11.775555555555556,0,25.200000000000003,56.2,73.7,55.0
2015-03-09,73.3,48.1,59.7,40.6,58.3,0,0.0,24.4,16.1,291.0,1022.8,25.0,4.4,266.2,9,0.0,3,68,2015,1.0,6.123233995736766e-17,0.9209712877166346,0.38963044953078796,11.803055555555556,0,25.199999999999996,58.1,72.3,56.02857142857143
2015-03-10,73.3,42.7,58.6,35.1,51.3,0,0.0,27.7,15.0,277.0,1021.2,25.0,4.4,281.0,10,0.0,3,69,2015,1.0,6.123233995736766e-17,0.9275416835791966,0.37371971479046906,11.830555555555556,0,30.599999999999994,59.7,58.3,56.557142857142864
2015-03-11,76.9,44.5,59.7,42.4,58.2,0,0.0,19.0,10.3,227.0,1020.7,28.1,4.4,277.6,9,0.0,3,70,2015,1.0,6.123233995736766e-17,0.9338372288229252,0.35769823883312546,11.858055555555556,0,32.400000000000006,58.6,51.3,57.42857142857143
2015-03-12,75.1,46.3,61.3,48.7,67.4,0,0.0,21.3,9.2,237.6,1020.6,40.9,3.9,272.7,9,0.0,3,71,2015,1.0,6.123233995736766e-17,0.9398560579418954,0.3415707691678556,11.885555555555555,0,28.799999999999997,59.7,58.2,58.471428571428575
2015-03-13,76.9,49.9,63.0,49.0,64.5,0,0.0,20.4,11.4,252.5,1018.9,54.3,4.1,236.2,9,0.0,3,72,2015,1.0,6.123233995736766e-17,0.9455963874271426,0.3253420847119801,11.913333333333334,0,27.000000000000007,61.3,67.4,59.51428571428572
2015-03-14,75.1,55.3,63.6,48.8,61.4,100,4.17,25.1,11.4,275.4,1020.2,63.2,4.2,229.6,8,0.0,3,73,2015,1.0,6.123233995736766e-17,0.9510565162951535,0.30901699437494745,11.940833333333334,0,19.799999999999997,63.0,64.5,60.57142857142857
2015-03-15,69.7,51.7,59.9,48.4,68.2,0,0.0,20.6,11.4,350.9,1021.9,71.1,4.1,89.9,4,0.0,3,74,2015,1.0,6.123233995736766e-17,0.9562348265919056,0.29260033563334836,11.96861111111111,0,18.0,63.6,61.4,60.82857142857143
2015-03-16,73.3,53.5,61.2,50.2,70.1,100,4.17,18.6,10.3,241.1,1022.5,75.3,4.0,206.1,8,2.3,3,75,2015,1.0,6.123233995736766e-17,0.9611297838723007,0.27609697309746883,11.99611111111111,1,19.799999999999997,59.9,68.2,61.042857142857144
2015-03-17,73.3,48.1,60.9,46.1,62.8,0,0.0,21.9,12.8,290.8,1018.1,25.0,4.5,270.3,9,0.0,3,76,2015,1.0,6.123233995736766e-17,0.9657399376548549,0.2595117970697999,12.023888888888889,0,25.199999999999996,61.2,70.1,61.371428571428574
2015-03-18,71.5,49.9,59.1,46.4,65.4,0,0.0,15.9,22.4,187.8,1015.7,61.7,4.2,203.6,7,0.0,3,77,2015,1.0,6.123233995736766e-17,0.970063921851507,0.2428497220959356,12.051388888888889,0,21.6,60.9,62.8,61.285714285714285
2015-03-19,71.5,46.3,58.8,43.7,60.0,0,0.0,20.6,9.2,259.7,1017.9,27.7,4.6,253.2,9,0.0,3,78,2015,1.0,6.123233995736766e-17,0.9741004551724205,0.22611568550828828,12.079166666666667,0,25.200000000000003,59.1,65.4,60.92857142857143
2015-03-20,75.1,48.1,61.0,47.7,64.6,0,0.0,18.6,15.0,187.5,1019.8,32.3,3.9,259.8,9,0.0,3,79,2015,1.0,6.123233995736766e-17,0.9778483415056568,0.20931464596304847,12.106944444444444,0,26.999999999999993,58.8,60.0,60.642857142857146
2015-03-21,73.3,51.7,63.2,52.5,70.2,0,0.0,19.0,11.4,205.9,1020.1,33.3,3.5,251.2,9,0.0,3,80,2015,1.0,6.123233995736766e-17,0.9813064702716093,0.19245158197082998,12.134444444444444,0,21.599999999999994,61.0,64.6,60.58571428571428
2015-03-22,76.9,51.7,64.9,52.9,67.9,0,0.0,16.1,22.4,198.4,1018.2,42.8,3.5,233.7,9,0.0,3,81,2015,1.0,6.123233995736766e-17,0.9844738167520922,0.1755314904214282,12.162222222222223,0,25.200000000000003,63.2,70.2,61.300000000000004
2015-03-23,91.7,55.3,65.8,57.0,76.0,100,29.17,14.8,6.9,76.5,1014.7,46.4,3.0,200.8,7,4.3,3,82,2015,1.0,6.123233995736766e-17,0.9873494423939864,0.15855938510313478,12.189722222222223,1,36.400000000000006,64.9,67.9,61.95714285714286
2015-03-24,94.7,53.3,66.2,57.6,76.2,100,4.17,14.5,22.4,190.2,1015.3,42.9,3.1,252.4,8,2.8,3,83,2015,1.0,6.123233995736766e-17,0.989932495087353,0.141540295217043,12.217222222222222,1,41.400000000000006,65.8,76.0,62.714285714285715
2015-03-25,80.5,57.1,67.5,57.8,73.7,100,4.17,15.0,12.8,198.8,1020.9,55.4,2.7,224.0,8,1.5,3,84,2015,1.0,6.123233995736766e-17,0.9922222094179323,0.12447926388678915,12.245,1,23.4,66.2,76.2,63.91428571428572
2015-03-26,76.9,57.1,64.2,58.2,82.3,100,4.17,14.1,12.8,201.9,1021.8,59.2,2.0,196.7,7,26.9,3,85,2015,1.0,6.123233995736766e-17,0.994217906893952,0.10738134666416309,12.2725,1,19.800000000000004,67.5,73.7,64.68571428571428
2015-03-27,71.5,58.9,62.7,58.3,85.9,100,8.33,19.5,10.3,134.9,1021.4,89.7,1.7,180.1,6,1.0,3,86,2015,1.0,6.123233995736766e-17,0.995918996147179,0.09025161003104117,12.300277777777778,1,12.600000000000001,64.2,82.3,64.92857142857143
2015-03-28,76.9,53.5,65.9,56.1,73.2,100,4.17,15.4,11.4,223.0,1018.8,44.6,3.8,240.1,8,1.0,3,87,2015,1.0,6.123233995736766e-17,0.9973249731081555,0.07309512989807777,12.3275,1,23.400000000000006,62.7,85.9,65.31428571428572
2015-03-29,89.7,58.9,66.9,58.8,77.5,100,25.0,15.7,11.4,244.0,1017.2,78.6,3.3,208.6,8,0.0,3,88,2015,1.0,6.123233995736766e-17,0.9984354211555643,0.055916990100603484,12.355,0,30.800000000000004,65.9,73.2,65.60000000000001
2015-03-30,78.5,52.8,59.5,55.6,87.3,100,50.0,17.4,8.1,71.2,1015.6,91.2,3.1,41.2,2,11.4,3,89,2015,1.0,6.123233995736766e-17,0.9992500112396835,0.03872228089217446,12.3825,1,25.700000000000003,66.9,77.5,64.7
2015-03-31,73.5,50.6,61.6,52.2,72.8,100,25.0,17.4,10.3,269.7,1014.3,45.0,4.8,264.5,9,0.0,3,90,2015,1.0,6.123233995736766e-17,0.9997685019798909,0.021516097436222254,12.409722222222221,0,22.9,59.5,87.3,64.04285714285714
2015-04-01,75.1,51.7,63.7,52.1,69.1,0,0.0,17.7,8.1,255.0,1014.5,40.1,4.5,251.0,8,0.0,4,91,2015,0.8660254037844387,-0.49999999999999983,0.9999907397361901,0.004303538296244289,12.4375,0,23.39999999999999,61.6,72.8,63.5
2015-04-02,75.1,55.3,65.5,52.6,65.2,0,0.0,23.9,12.8,268.6,1011.5,49.2,4.3,232.6,8,0.0,4,92,2015,0.8660254037844387,-0.49999999999999983,0.9999166586547379,-0.01291029607500882,12.464444444444444,0,19.799999999999997,63.7,69.1,63.6857142857143
2015-04-03,76.9,55.3,64.4,53.0,69.7,0,0.0,25.9,11.4,286.5,1010.6,41.3,4.2,238.1,9,0.0,4,93,2015,0.8660254037844387,-0.49999999999999983,0.9995462806873573,-0.030120304846908114,12.491666666666667,0,21.60000000000001,65.5,65.2,63.92857142857143
2015-04-04,78.7,51.7,61.0,51.1,74.2,100,8.33,29.3,17.2,306.6,1011.3,50.5,3.8,237.4,9,3.0,4,94,2015,0.8660254037844387,-0.49999999999999983,0.9988797155850336,-0.04732138832243185,12.518888888888888,1,27.0,64.4,69.7,63.228571428571435
2015-04-05,75.1,49.9,61.7,48.8,66.9,100,4.17,19.0,15.0,213.0,1013.0,43.8,4.5,270.0,9,3.3,4,95,2015,0.8660254037844387,-0.49999999999999983,0.9979171608653922,-0.06450844944931623,12.545833333333333,1,25.199999999999996,61.0,74.2,62.48571428571429
2015-04-06,84.8,49.9,63.9,50.2,63.9,0,0.0,17.9,15.0,199.0,1013.5,28.1,4.2,285.4,9,0.0,4,96,2015,0.8660254037844387,-0.49999999999999983,0.9966589017541702,-0.08167639533042241,12.572777777777778,0,34.9,61.7,66.9,63.114285714285714
2015-04-07,73.3,53.5,63.9,50.7,64.6,0,0.0,18.3,10.3,217.8,1016.6,53.5,4.1,256.4,9,0.0,4,97,2015,0.8660254037844387,-0.49999999999999983,0.9951053111006976,-0.09882013873287143,12.6,0,19.799999999999997,63.9,63.9,63.44285714285714
2015-04-08,91.7,51.7,65.9,47.3,55.7,0,0.0,23.0,12.8,258.6,1015.8,22.8,4.7,295.1,10,0.0,4,98,2015,0.8660254037844387,-0.49999999999999983,0.9932568492674143,-0.11593459959550041,12.626944444444444,0,40.0,63.9,64.6,63.75714285714287
2015-04-09,90.8,51.0,65.3,47.9,56.4,0,0.0,18.3,10.3,226.7,1014.0,25.3,4.5,288.9,10,0.0,4,99,2015,0.8660254037844387,-0.49999999999999983,0.9911140639934547,-0.1330147065341959,12.653611111111111,0,39.8,65.9,55.7,63.728571428571435
2015-04-10,78.7,53.5,65.9,48.6,56.7,0,0.0,19.7,13.9,200.1,1015.5,25.0,4.1,289.1,10,0.0,4,100,2015,0.8660254037844387,-0.49999999999999983,0.9886775902323405,-0.1500553983446526,12.680277777777778,0,25.200000000000003,65.3,56.4,63.94285714285714
2015-04-11,93.8,53.5,68.1,49.0,54.7,0,0.0,21.5,15.0,202.5,1016.8,25.6,3.9,270.7,9,0.0,4,101,2015,0.8660254037844387,-0.49999999999999983,0.9859481499638304,-0.16705162550211924,12.706944444444444,0,40.3,65.9,56.7,64.95714285714286
2015-04-12,76.9,53.5,64.1,51.1,65.4,100,4.17,19.5,10.3,186.9,1020.7,70.5,3.0,201.3,7,0.3,4,102,2015,0.8660254037844387,-0.49999999999999983,0.9829265519799822,-0.18399835165768005,12.733333333333333,1,23.400000000000006,68.1,54.7,65.3
2015-04-13,71.7,57.1,59.9,56.3,88.1,100,4.17,16.3,4.7,89.9,1021.3,94.3,3.4,113.8,6,9.9,4,103,2015,0.8660254037844387,-0.49999999999999983,0.9796136916454901,-0.20089055513063506,12.759722222222223,1,14.600000000000001,64.1,65.4,64.72857142857143
2015-04-14,75.1,55.3,63.6,55.8,78.0,0,0.0,15.2,4.7,174.7,1020.4,80.0,3.1,179.6,8,0.0,4,104,2015,0.8660254037844387,-0.49999999999999983,0.9760105506323683,-0.21772323039653177,12.785833333333333,0,19.799999999999997,59.9,88.1,64.68571428571428
2015-04-15,87.9,57.1,64.3,57.0,78.8,100,4.17,19.9,9.2,227.2,1020.2,85.4,3.5,178.6,8,1.0,4,105,2015,0.8660254037844387,-0.49999999999999983,0.9721181966290613,-0.23449138957040985,12.811944444444444,1,30.800000000000004,63.6,78.0,64.45714285714284
2015-04-16,75.1,55.3,63.8,55.1,75.4,0,0.0,17.2,11.4,174.6,1021.3,73.3,3.6,273.3,10,0.0,4,106,2015,0.8660254037844387,-0.49999999999999983,0.9679377830240642,-0.25119006388481935,12.838055555555556,0,19.799999999999997,64.3,78.8,64.24285714285715
2015-04-17,71.5,55.3,61.2,55.4,82.2,0,0.0,15.7,11.4,128.1,1016.4,72.6,3.5,221.7,9,0.0,4,107,2015,0.8660254037844387,-0.49999999999999983,0.9634705485641488,-0.2678143051621742,12.863888888888889,0,16.200000000000003,63.8,75.4,63.57142857142857
2015-04-18,71.5,55.3,64.1,56.1,77.1,100,8.33,21.9,10.3,217.5,1011.6,68.5,4.0,200.1,8,10.2,4,108,2015,0.8660254037844387,-0.49999999999999983,0.9587178169872964,-0.2843591872810034,12.889722222222222,1,16.200000000000003,61.2,82.2,63.0
2015-04-19,78.7,55.3,67.2,58.7,76.1,0,0.0,17.4,11.4,222.0,1014.1,40.7,3.8,231.6,8,0.0,4,109,2015,0.8660254037844387,-0.49999999999999983,0.9536809966304457,-0.30081980763566735,12.915277777777778,0,23.400000000000006,64.1,77.1,63.442857142857136
2015-04-20,78.7,62.5,70.1,62.0,76.3,100,4.17,20.1,15.0,211.4,1016.6,48.8,3.8,247.7,8,0.0,4,110,2015,0.8660254037844387,-0.49999999999999983,0.9483615800121715,-0.3171912885891061,12.940555555555555,0,16.200000000000003,67.2,76.1,64.9
2015-04-21,82.3,62.5,70.5,59.8,71.6,0,0.0,27.7,13.9,315.1,1013.9,59.5,3.9,249.4,8,0.0,4,111,2015,0.8660254037844387,-0.49999999999999983,0.9427611433904207,-0.3334687789181868,12.965833333333334,0,19.799999999999997,70.1,76.3,65.88571428571429
2015-04-22,78.7,57.1,66.6,56.1,71.2,100,4.17,31.1,19.7,243.6,1011.9,47.4,3.9,233.7,8,3.3,4,112,2015,0.8660254037844387,-0.49999999999999983,0.9368813462954315,-0.3496474552512284,12.991388888888888,1,21.6,70.5,71.6,66.21428571428571
2015-04-23,90.8,53.5,68.3,52.6,61.4,0,0.0,17.9,15.0,217.0,1013.9,30.0,4.3,276.8,9,0.0,4,113,2015,0.8660254037844387,-0.49999999999999983,0.9307239310379795,-0.36572252349726897,13.016111111111112,0,37.3,66.6,71.2,66.85714285714286
2015-04-24,76.9,57.1,65.2,54.0,68.1,0,0.0,17.9,11.4,137.8,1016.5,54.4,4.0,272.6,9,0.0,4,114,2015,0.8660254037844387,-0.49999999999999983,0.9242907221930934,-0.3816892202666588,13.040833333333333,0,19.800000000000004,68.3,61.4,67.42857142857142
2015-04-25,67.9,56.6,60.4,53.2,77.8,100,54.17,19.7,13.9,122.9,1016.4,89.8,4.6,167.0,7,9.296399999999998,4,115,2015,0.8660254037844387,-0.49999999999999983,0.9175836260593937,-0.39754281428255595,13.065555555555555,1,11.300000000000004,65.2,68.1,66.9
2015-04-26,73.3,55.5,61.7,54.9,80.0,100,58.33,16.6,13.9,180.3,1016.5,91.1,4.8,187.8,7,8.5852,4,116,2015,0.8660254037844387,-0.49999999999999983,0.9106046300942163,-0.4132786077829042,13.09,1,17.799999999999997,60.4,77.8,66.11428571428571
2015-04-27,75.1,53.9,64.1,57.3,76.9,100,4.17,14.8,6.9,92.5,1017.6,51.5,5.2,206.0,7,4.3,4,117,2015,0.8660254037844387,-0.49999999999999983,0.9033558023246845,-0.4288919379124835,13.114166666666666,1,21.199999999999996,61.7,80.0,65.25714285714285
2015-04-28,69.7,57.1,62.2,56.6,82.4,100,4.17,19.0,10.3,124.2,1016.1,73.7,4.2,202.2,7,3.0,4,118,2015,0.8660254037844387,-0.49999999999999983,0.895839290734909,-0.4443781781046132,13.138055555555555,1,12.600000000000001,64.1,76.9,64.07142857142857
2015-04-29,71.5,53.5,62.0,55.6,80.6,100,4.17,15.4,13.9,145.3,1015.1,66.9,4.4,188.4,6,0.0,4,119,2015,0.8660254037844387,-0.49999999999999983,0.8880573226294932,-0.45973273945210397,13.162222222222223,0,18.0,62.2,82.4,63.41428571428572
2015-04-30,71.5,54.9,64.2,58.0,81.2,100,4.17,15.9,5.8,170.1,1015.8,70.5,4.2,245.0,8,8.6,4,120,2015,0.8660254037844387,-0.49999999999999983,0.8800122039735357,-0.47495107206704995,13.185833333333333,1,16.6,62.0,80.6,62.82857142857143
2015-05-01,82.3,57.1,68.7,58.2,72.5,100,4.17,19.0,11.4,276.3,1014.8,36.0,4.6,249.9,9,0.9906,5,121,2015,0.49999999999999994,-0.8660254037844387,0.8717063187093218,-0.49002866642905923,13.20888888888889,1,25.199999999999996,64.2,81.2,63.32857142857143
2015-05-02,80.5,57.6,69.2,57.5,68.8,0,0.0,28.9,15.0,269.8,1014.7,38.9,4.8,278.5,8,0.0,5,122,2015,0.49999999999999994,-0.8660254037844387,0.8631421280499114,-0.5049610547215204,13.231944444444444,0,22.9,68.7,72.5,64.58571428571429
2015-05-03,82.3,55.3,69.0,52.5,58.5,0,0.0,16.6,11.4,256.4,1015.5,25.0,5.3,296.2,9,0.0,5,123,2015,0.49999999999999994,-0.8660254037844387,0.854322169749827,-0.5197438121555155,13.255,0,27.0,69.2,68.8,65.62857142857142
2015-05-04,82.3,55.3,70.2,50.4,53.4,0,0.0,19.2,13.9,260.1,1016.2,26.1,5.3,306.6,10,0.0,5,124,2015,0.49999999999999994,-0.8660254037844387,0.8452490573530633,-0.5343725582809787,13.277777777777779,0,27.0,69.0,58.5,66.5
2015-05-05,84.1,57.1,70.4,51.2,54.2,0,0.0,19.5,8.1,264.2,1015.3,35.5,5.3,311.5,10,0.0,5,125,2015,0.49999999999999994,-0.8660254037844387,0.835925479418637,-0.548842958284719,13.3,0,26.999999999999993,70.2,53.4,67.67142857142856
2015-05-06,84.1,58.9,71.8,53.1,55.0,0,0.0,19.9,9.2,282.4,1013.8,36.6,4.9,287.9,10,0.0,5,126,2015,0.49999999999999994,-0.8660254037844387,0.8263541987239096,-0.5631507242749186,13.322222222222223,0,25.199999999999996,70.4,54.2,69.07142857142857
2015-05-07,82.3,62.5,71.1,60.8,71.4,0,0.0,19.5,13.9,161.2,1014.8,61.6,3.6,268.3,9,0.0,5,127,2015,0.49999999999999994,-0.8660254037844387,0.8165380514459161,-0.5772916165517272,13.344166666666666,0,19.799999999999997,71.8,55.0,70.05714285714285
2015-05-08,78.7,62.5,70.8,62.4,75.8,0,0.0,16.3,13.9,202.5,1014.1,74.3,3.2,276.7,9,0.0,5,128,2015,0.49999999999999994,-0.8660254037844387,0.8064799463209448,-0.5912614448635781,13.365555555555556,0,16.200000000000003,71.1,71.4,70.35714285714286
2015-05-09,78.7,64.3,70.2,64.3,82.0,100,4.17,14.1,8.1,184.3,1013.3,75.6,3.4,184.1,8,0.508,5,129,2015,0.49999999999999994,-0.8660254037844387,0.7961828637826158,-0.6050560696488488,13.386944444444444,1,14.400000000000006,70.8,75.8,70.5
2015-05-10,80.5,62.5,70.8,63.6,79.7,100,4.17,15.7,16.1,199.7,1013.5,67.4,3.5,224.2,8,5.1,5,130,2015,0.49999999999999994,-0.8660254037844387,0.7856498550787145,-0.6186714032625031,13.407777777777778,1,18.0,70.2,82.0,70.75714285714285
2015-05-11,84.1,58.4,71.7,62.5,75.0,100,4.17,19.5,15.0,175.4,1015.4,60.8,4.2,257.5,9,11.4,5,131,2015,0.49999999999999994,-0.8660254037844387,0.7748840413670407,-0.6321034111873487,13.428333333333333,1,25.699999999999996,70.8,79.7,70.97142857142856
2015-05-12,82.3,60.7,70.5,60.4,73.0,100,4.17,24.8,8.1,257.9,1015.0,57.2,4.7,281.0,9,17.0,5,132,2015,0.49999999999999994,-0.8660254037844387,0.7638886127905428,-0.6453481132295501,13.448611111111111,1,21.599999999999994,71.7,75.0,70.98571428571428
2015-05-13,95.1,64.3,73.4,63.2,72.1,100,4.17,16.3,12.8,212.1,1014.1,44.3,4.9,238.5,9,0.0,5,133,2015,0.49999999999999994,-0.8660254037844387,0.7526668275320084,-0.6584015846980488,13.46861111111111,0,30.799999999999997,70.5,73.0,71.21428571428571
2015-05-14,92.9,64.3,76.2,61.6,63.9,100,4.17,19.9,12.8,293.9,1015.1,45.5,4.8,270.6,8,0.0,5,134,2015,0.49999999999999994,-0.8660254037844387,0.741222010848596,-0.6712599575675313,13.488333333333333,0,28.60000000000001,73.4,72.1,71.94285714285714
2015-05-15,82.3,67.9,75.0,60.3,62.6,0,0.0,19.2,10.3,300.3,1014.9,74.7,4.1,231.7,8,0.0,5,135,2015,0.49999999999999994,-0.8660254037844387,0.7295575540864875,-0.6839194216246106,13.507777777777777,0,14.399999999999991,76.2,63.9,72.54285714285714
2015-05-16,82.3,64.3,70.1,60.1,71.7,100,4.17,18.3,9.2,169.1,1014.3,76.4,4.1,260.4,9,2.0,5,136,2015,0.49999999999999994,-0.8660254037844387,0.717676913675962,-0.6963762255968722,13.526388888888889,1,18.0,75.0,62.6,72.52857142857144
2015-05-17,80.5,62.5,71.7,60.0,69.0,100,4.17,15.0,11.4,165.8,1012.3,63.6,4.5,269.0,9,0.0,5,137,2015,0.49999999999999994,-0.8660254037844387,0.705583610107178,-0.7086266782644596,13.545,0,18.0,70.1,71.7,72.65714285714286
2015-05-18,93.5,63.2,72.8,62.9,72.7,100,4.17,18.1,9.2,229.6,1011.4,53.1,3.9,232.8,8,0.0,5,138,2015,0.49999999999999994,-0.8660254037844387,0.6932812268869777,-0.7206671495538609,13.563055555555556,0,30.299999999999997,71.7,69.0,72.81428571428572
2015-05-19,92.9,64.3,73.9,64.2,73.5,100,12.5,13.6,13.9,212.1,1011.0,45.9,4.3,229.7,8,0.0,5,139,2015,0.49999999999999994,-0.8660254037844387,0.6807734094770161,-0.7324940716135789,13.581111111111111,0,28.60000000000001,72.8,72.7,73.3
2015-05-20,84.1,69.7,75.8,66.0,73.0,100,4.17,16.3,13.9,229.3,1010.9,59.0,4.7,205.6,7,0.3,5,140,2015,0.49999999999999994,-0.8660254037844387,0.6680638642135335,-0.7441039398713607,13.598611111111111,1,14.399999999999991,73.9,73.5,73.64285714285714
2015-05-21,86.1,63.2,75.5,61.8,65.3,0,0.0,19.5,12.8,292.9,1009.7,60.5,4.5,243.8,9,0.0,5,141,2015,0.49999999999999994,-0.8660254037844387,0.6551563572090853,-0.7554933140726803,13.615555555555556,0,22.89999999999999,75.8,73.0,73.54285714285713
2015-05-22,87.7,62.5,75.1,59.2,60.6,100,4.17,17.4,11.4,297.8,1008.5,26.4,4.6,284.6,9,0.0,5,142,2015,0.49999999999999994,-0.8660254037844387,0.6420547132365637,-0.766658819300159,13.631944444444445,0,25.200000000000003,75.5,65.3,73.55714285714285
2015-05-23,89.5,60.9,72.0,55.9,61.6,100,4.17,34.4,20.8,345.3,1008.9,41.1,4.2,296.0,9,1.0,5,143,2015,0.49999999999999994,-0.8660254037844387,0.6287628145958344,-0.777597146973627,13.648333333333333,1,28.6,75.1,60.6,73.82857142857142
2015-05-24,87.7,57.1,72.6,57.2,62.9,100,4.17,23.3,15.0,305.4,1010.1,33.5,4.9,296.6,9,3.3,5,144,2015,0.49999999999999994,-0.8660254037844387,0.6152845999633276,-0.7883050558305255,13.66388888888889,1,30.6,72.0,61.6,73.95714285714287
2015-05-25,87.7,62.3,75.2,59.5,61.5,0,0.0,23.0,13.9,287.0,1009.4,38.9,4.1,280.8,9,0.0,5,145,2015,0.49999999999999994,-0.8660254037844387,0.6016240632249226,-0.7987793728863649,13.679166666666667,0,25.400000000000006,72.6,62.9,74.3
2015-05-26,84.1,62.5,73.6,60.5,65.6,100,4.17,20.8,9.2,274.3,1011.6,43.6,4.9,253.7,9,7.4,5,146,2015,0.49999999999999994,-0.8660254037844387,0.5877852522924732,-0.8090169943749473,13.693888888888889,1,21.599999999999994,75.2,61.5,74.25714285714285
2015-05-27,85.9,60.7,73.3,60.1,66.3,100,4.17,20.4,11.4,275.2,1011.9,35.5,5.2,261.7,9,3.3,5,147,2015,0.49999999999999994,-0.8660254037844387,0.5737722679043246,-0.8190148866680801,13.708055555555555,1,25.200000000000003,73.6,65.6,73.89999999999999
2015-05-28,84.1,61.8,74.3,62.4,68.0,0,0.0,19.2,9.2,273.3,1010.7,36.0,4.7,267.5,8,0.0,5,148,2015,0.49999999999999994,-0.8660254037844387,0.5595892624101765,-0.8287700871745037,13.721944444444444,0,22.299999999999997,73.3,66.3,73.72857142857143
2015-05-29,84.1,67.9,75.6,65.0,70.8,0,0.0,19.9,15.0,215.8,1011.6,41.9,4.2,250.3,9,0.0,5,149,2015,0.49999999999999994,-0.8660254037844387,0.545240438540651,-0.8382797052177743,13.735555555555555,0,16.19999999999999,74.3,68.0,73.79999999999998
2015-05-30,82.3,69.7,75.9,66.2,72.9,100,4.17,19.5,11.4,222.9,1012.2,59.0,3.8,236.1,9,0.0,5,150,2015,0.49999999999999994,-0.8660254037844387,0.5307300481619334,-0.8475409228928311,13.748611111111112,0,12.599999999999994,75.6,70.8,74.35714285714286
2015-05-31,87.7,67.9,77.6,63.4,64.9,0,0.0,24.2,15.0,299.7,1010.8,37.5,4.9,277.6,8,0.0,5,151,2015,0.49999999999999994,-0.8660254037844387,0.5160623910158528,-0.8565509959010036,13.760833333333334,0,19.799999999999997,75.9,72.9,75.07142857142857
2015-06-01,87.7,66.1,77.7,57.1,54.3,0,0.0,27.7,16.1,290.9,1010.3,22.9,5.2,300.3,9,0.0,6,152,2015,1.2246467991473532e-16,-1.0,0.5012418134457758,-0.865307254363206,13.772777777777778,0,21.60000000000001,77.6,64.9,75.42857142857143
2015-06-02,91.3,64.3,76.5,56.6,53.8,100,8.33,21.0,13.9,294.0,1012.0,31.3,5.2,311.2,10,0.0,6,153,2015,1.2246467991473532e-16,-1.0,0.48627270710869,-0.8738071036110808,13.783888888888889,0,27.0,77.7,54.3,75.84285714285714
2015-06-03,89.5,66.1,77.8,59.7,56.9,0,0.0,20.1,13.9,275.2,1014.3,39.1,4.7,312.2,10,0.0,6,154,2015,1.2246467991473532e-16,-1.0,0.4711595076738638,-0.8820480249558537,13.795,0,23.400000000000006,76.5,53.8,76.48571428571428
2015-06-04,84.1,69.7,73.5,64.9,75.3,100,4.17,17.2,9.2,253.1,1014.9,57.5,3.3,256.9,8,2.0,6,155,2015,1.2246467991473532e-16,-1.0,0.4559066935084588,-0.8900275764346767,13.805555555555555,1,14.399999999999991,77.8,56.9,76.37142857142858
2015-06-05,87.7,66.1,77.4,62.6,63.6,0,0.0,21.7,12.8,277.1,1013.8,28.1,4.4,275.2,9,0.0,6,156,2015,1.2246467991473532e-16,-1.0,0.440518784350495,-0.8977433935342337,13.815,0,21.60000000000001,73.5,75.3,76.62857142857142
2015-06-06,91.3,66.1,78.7,60.9,57.8,0,0.0,19.5,13.9,259.8,1010.8,34.2,4.8,284.6,9,0.0,6,157,2015,1.2246467991473532e-16,-1.0,0.42500033996955416,-0.9051931898913974,13.824166666666667,0,25.200000000000003,77.4,63.6,77.02857142857144
2015-06-07,89.5,66.1,78.7,59.4,54.1,100,4.17,21.0,13.9,210.2,1010.7,35.8,5.0,287.6,10,0.0,6,158,2015,1.2246467991473532e-16,-1.0,0.4093559588156213,-0.9123747579707273,13.833055555555555,0,23.400000000000006,78.7,57.8,77.18571428571428
2015-06-08,98.7,66.1,79.8,60.8,55.0,0,0.0,22.4,13.9,274.9,1010.1,38.3,4.9,290.9,10,0.0,6,159,2015,1.2246467991473532e-16,-1.0,0.39359027665646673,-0.9192859697186104,13.841111111111111,0,32.60000000000001,78.7,54.1,77.48571428571428
2015-06-09,91.3,69.7,80.9,61.2,54.6,0,0.0,25.3,13.9,283.3,1008.8,49.6,4.7,306.8,10,0.0,6,160,2015,1.2246467991473532e-16,-1.0,0.3777079652039649,-0.9259247771938498,13.848888888888888,0,21.599999999999994,79.8,55.0,78.11428571428571
2015-06-10,85.9,69.7,75.9,67.2,76.0,100,4.17,19.2,15.0,220.4,1009.3,66.9,3.5,253.3,8,6.1,6,161,2015,1.2246467991473532e-16,-1.0,0.36171373072976765,-0.9322892131745133,13.855833333333333,1,16.200000000000003,80.9,54.6,77.84285714285714
2015-06-11,84.1,69.0,75.7,67.6,76.8,100,4.17,23.0,11.4,271.0,1009.8,80.0,3.8,176.0,7,0.5,6,162,2015,1.2246467991473532e-16,-1.0,0.3456123126707335,-0.9383773917408641,13.862222222222222,1,15.099999999999994,75.9,76.0,78.15714285714286
2015-06-12,89.3,66.1,75.8,67.7,77.0,100,4.17,25.7,11.4,269.6,1008.8,75.3,4.3,97.9,5,5.6,6,163,2015,1.2246467991473532e-16,-1.0,0.3294084822245304,-0.9441875088341993,13.868055555555555,1,23.200000000000003,75.7,76.8,77.92857142857143
2015-06-13,82.3,64.3,73.3,64.8,76.2,100,4.17,24.2,11.4,246.6,1009.3,73.7,5.3,133.8,6,15.5,6,164,2015,1.2246467991473532e-16,-1.0,0.3131070409358269,-0.9497178427914316,13.873611111111112,1,18.0,75.8,77.0,77.15714285714286
2015-06-14,82.3,67.9,74.0,63.2,70.5,100,4.17,17.9,11.4,238.8,1009.6,75.3,5.2,209.7,8,1.5,6,165,2015,1.2246467991473532e-16,-1.0,0.29671281927349075,-0.9549667548552551,13.878055555555555,1,14.399999999999991,73.3,76.2,76.48571428571428
2015-06-15,82.3,67.9,74.7,63.2,68.9,0,0.0,14.5,11.4,205.6,1009.6,55.8,5.5,179.5,6,0.0,6,166,2015,1.2246467991473532e-16,-1.0,0.28023067519921585,-0.9599326896597447,13.882222222222222,0,14.399999999999991,74.0,70.5,75.75714285714287
2015-06-16,80.5,66.1,73.4,65.1,76.1,100,4.17,15.7,9.2,203.3,1009.6,72.9,5.1,253.8,8,3.3,6,167,2015,1.2246467991473532e-16,-1.0,0.26366549272800704,-0.9646141756912435,13.885833333333334,1,14.400000000000006,74.7,68.9,74.68571428571428
2015-06-17,87.9,67.6,76.3,66.9,74.6,100,4.17,16.3,10.3,257.7,1009.1,55.5,5.0,244.2,8,5.1,6,168,2015,1.2246467991473532e-16,-1.0,0.24702218048093552,-0.9690098257244062,13.88888888888889,1,20.30000000000001,73.4,76.1,74.74285714285715
2015-06-18,85.9,69.7,76.2,67.5,76.2,100,4.17,15.2,13.9,224.1,1009.1,67.6,4.8,243.1,8,0.5,6,169,2015,1.2246467991473532e-16,-1.0,0.23030567023061221,-0.9731183372332619,13.891111111111112,1,16.200000000000003,76.3,74.6,74.81428571428572
2015-06-19,95.1,69.7,75.8,67.7,77.5,100,4.17,13.6,12.8,151.5,1009.4,75.6,4.6,156.9,6,2.5,6,170,2015,1.2246467991473532e-16,-1.0,0.21352091543979612,-0.9769384927771817,13.893055555555556,1,25.39999999999999,76.2,76.2,74.81428571428572
2015-06-20,84.1,67.9,74.4,68.6,83.0,100,8.33,15.7,19.7,153.0,1010.6,74.2,4.3,193.2,7,48.5,6,171,2015,1.2246467991473532e-16,-1.0,0.19667288979357647,-0.980469160361632,13.893888888888888,1,16.19999999999999,75.8,77.5,74.97142857142858
2015-06-21,84.1,68.6,75.3,68.7,80.9,100,4.17,17.7,11.4,248.0,1009.3,76.6,4.9,237.3,9,19.3,6,172,2015,1.2246467991473532e-16,-1.0,0.1797665857255624,-0.9837092937736097,13.894444444444444,1,15.5,74.4,83.0,75.15714285714286
2015-06-22,82.3,69.7,74.4,68.4,82.5,100,4.17,14.5,10.3,219.2,1006.3,86.2,4.9,148.0,5,0.3,6,173,2015,1.2246467991473532e-16,-1.0,0.16280701293851715,-0.986657932891657,13.894444444444444,1,12.599999999999994,75.3,80.9,75.11428571428571
2015-06-23,82.3,69.7,74.5,68.5,82.1,100,8.33,13.0,13.9,228.7,1005.3,71.0,5.0,87.8,3,1.5,6,174,2015,1.2246467991473532e-16,-1.0,0.1457991969198751,-0.9893142039703663,13.893888888888888,1,12.599999999999994,74.4,82.5,75.27142857142857
2015-06-24,82.3,68.6,75.5,67.8,77.8,100,4.17,14.3,15.0,275.2,1006.6,64.6,5.2,106.9,3,2.3,6,175,2015,1.2246467991473532e-16,-1.0,0.12874817745258132,-0.99167731989929,13.892777777777777,1,13.700000000000003,74.5,82.1,75.15714285714286
2015-06-25,84.1,67.9,75.4,68.8,81.0,100,4.17,16.1,12.8,217.8,1005.4,67.7,4.7,183.7,7,1.5,6,176,2015,1.2246467991473532e-16,-1.0,0.11165900712169512,-0.993746580436178,13.890833333333333,1,16.19999999999999,75.5,77.8,75.04285714285713
2015-06-26,84.1,69.7,73.3,69.4,88.2,100,8.33,14.8,10.3,163.4,1004.3,84.7,4.0,117.8,4,18.8,6,177,2015,1.2246467991473532e-16,-1.0,0.09453674981719912,-0.9955213724144752,13.888333333333334,1,14.399999999999991,75.4,81.0,74.68571428571428
2015-06-27,80.5,69.7,72.1,68.7,89.3,0,0.0,12.3,11.4,228.3,1006.7,91.4,3.8,82.7,3,5.6,6,178,2015,1.2246467991473532e-16,-1.0,0.07738647923346301,-0.9970011699250151,13.885277777777778,1,10.799999999999997,73.3,88.2,74.35714285714286
2015-06-28,78.9,69.7,73.9,68.1,82.7,100,4.17,29.1,11.4,112.5,1010.5,90.5,4.8,121.6,5,1.0,6,179,2015,1.2246467991473532e-16,-1.0,0.06021327736579302,-0.9981855344718586,13.881666666666666,1,9.200000000000003,72.1,89.3,74.15714285714286
2015-06-29,82.3,67.6,74.5,66.8,77.9,100,25.0,16.6,11.4,171.5,1013.3,76.0,4.7,163.0,8,0.0,6,180,2015,1.2246467991473532e-16,-1.0,0.04302223300453059,-0.99907411510223,13.8775,0,14.700000000000003,73.9,82.7,74.17142857142858
2015-06-30,92.0,68.6,76.5,69.5,80.2,100,12.5,15.7,10.3,271.7,1011.9,73.9,4.0,210.6,8,0.0,6,181,2015,1.2246467991473532e-16,-1.0,0.02581844022713308,-0.9996666485105112,13.872777777777777,0,23.400000000000006,74.5,77.9,74.45714285714287
2016-07-01,71.5,67.9,69.9,68.9,96.8,100,4.17,21.9,9.2,78.4,1009.1,97.0,3.3,53.0,3,53.1,7,183,2016,-0.4999999999999998,-0.8660254037844388,-0.008606996888688009,-0.9999629591162655,13.863055555555556,1,3.5999999999999943,,,73.65714285714286
2016-07-02,80.5,67.9,71.0,69.0,93.9,100,8.33,20.8,9.2,172.1,1009.8,91.0,4.2,105.7,4,13.7,7,184,2016,-0.4999999999999998,-0.8660254037844388,-0.02581844022713239,-0.9996666485105112,13.856388888888889,1,12.599999999999994,69.9,96.8,73.02857142857142
2016-07-03,84.1,69.7,73.8,69.8,88.4,100,4.17,18.3,12.8,216.1,1007.7,86.3,4.4,145.6,6,2.0,7,185,2016,-0.4999999999999998,-0.8660254037844388,-0.04302223300453034,-0.99907411510223,13.849722222222223,1,14.399999999999991,71.0,93.9,73.1
2016-07-04,80.5,69.7,74.7,69.4,84.5,100,4.17,15.4,5.8,177.7,1006.3,85.3,4.7,151.3,6,16.8,7,186,2016,-0.4999999999999998,-0.8660254037844388,-0.060213277365792774,-0.9981855344718586,13.842222222222222,1,10.799999999999997,73.8,88.4,73.47142857142858
2016-07-05,80.5,71.5,75.7,69.9,82.7,100,4.17,31.1,11.4,110.0,1005.7,86.4,4.8,145.0,7,3.8,7,187,2016,-0.4999999999999998,-0.8660254037844388,-0.07738647923346322,-0.9970011699250151,13.83388888888889,1,9.0,74.7,84.5,73.72857142857143
2016-07-06,80.5,68.1,74.4,69.5,85.3,100,25.0,21.9,19.7,163.8,1005.7,86.2,4.9,141.4,5,0.0,7,188,2016,-0.4999999999999998,-0.8660254037844388,-0.09453674981719933,-0.9955213724144752,13.825555555555555,0,12.400000000000006,75.7,82.7,73.71428571428571
2016-07-07,84.1,69.7,75.2,70.1,84.8,100,8.33,17.7,12.8,198.5,1007.5,76.3,4.6,173.9,6,6.1,7,189,2016,-0.4999999999999998,-0.8660254037844388,-0.11165900712169444,-0.9937465804361781,13.81638888888889,1,14.399999999999991,74.4,85.3,73.52857142857144
2016-07-08,82.3,69.7,75.9,70.1,83.0,100,4.17,18.8,6.9,271.2,1008.0,76.9,4.5,178.8,7,0.3,7,190,2016,-0.4999999999999998,-0.8660254037844388,-0.12874817745258066,-0.99167731989929,13.806666666666667,1,12.599999999999994,75.2,84.8,74.38571428571429
2016-07-09,82.3,68.4,75.0,70.0,85.5,100,12.5,19.7,11.4,199.0,1006.5,79.8,4.4,177.4,8,0.0,7,191,2016,-0.4999999999999998,-0.8660254037844388,-0.14579919691987442,-0.9893142039703664,13.796388888888888,0,13.899999999999991,75.9,83.0,74.95714285714287
2016-07-10,82.3,69.0,74.5,69.3,84.5,100,4.17,17.2,12.8,214.5,1006.1,81.0,4.6,163.6,6,2.5,7,192,2016,-0.4999999999999998,-0.8660254037844388,-0.16280701293851646,-0.9866579328916572,13.785555555555556,1,13.299999999999997,75.0,85.5,75.05714285714285
2016-07-11,80.5,69.7,74.1,70.3,88.4,100,8.33,18.6,6.9,208.5,1008.7,90.0,4.4,102.2,5,9.4,7,193,2016,-0.4999999999999998,-0.8660254037844388,-0.17976658572556214,-0.9837092937736098,13.774444444444445,1,10.799999999999997,74.5,84.5,74.97142857142858
2016-07-12,82.3,69.9,75.4,70.3,84.6,100,8.33,17.2,10.3,211.8,1009.2,80.1,4.6,152.7,5,0.1016,7,194,2016,-0.4999999999999998,-0.8660254037844388,-0.19667288979357622,-0.9804691603616321,13.762777777777778,1,12.399999999999991,74.1,88.4,74.92857142857143
2016-07-13,84.1,69.7,76.1,69.8,81.4,100,4.17,15.7,9.2,213.5,1009.4,88.0,4.7,0.0,0,1.0,7,195,2016,-0.4999999999999998,-0.8660254037844388,-0.2135209154397959,-0.9769384927771817,13.750555555555556,1,14.399999999999991,75.4,84.6,75.17142857142858
2016-07-14,82.3,69.7,75.0,70.4,86.1,100,8.33,13.0,10.3,210.6,1008.3,87.8,4.3,138.7,6,39.1,7,196,2016,-0.4999999999999998,-0.8660254037844388,-0.23030567023061196,-0.973118337233262,13.7375,1,12.599999999999994,76.1,81.4,75.14285714285714
2016-07-15,91.7,69.0,74.9,71.1,88.7,100,8.33,14.8,15.0,193.8,1008.1,86.3,3.8,130.2,5,14.2,7,197,2016,-0.4999999999999998,-0.8660254037844388,-0.24702218048093527,-0.9690098257244063,13.724444444444444,1,22.700000000000003,75.0,86.1,75.0
2016-07-16,80.5,69.7,73.9,70.3,89.0,100,8.33,22.1,10.3,234.1,1010.3,90.5,4.2,151.0,6,29.0,7,198,2016,-0.4999999999999998,-0.8660254037844388,-0.2636654927280072,-0.9646141756912435,13.710833333333333,1,10.799999999999997,74.9,88.7,74.84285714285714
2016-07-17,78.7,68.3,71.8,69.5,92.8,100,12.5,18.6,10.3,176.7,1011.0,90.9,3.8,91.8,4,0.2032,7,199,2016,-0.4999999999999998,-0.8660254037844388,-0.2802306751992161,-0.9599326896597445,13.696666666666667,1,10.400000000000006,73.9,89.0,74.45714285714287
2016-07-18,78.7,69.2,73.2,69.5,88.5,100,4.17,12.5,9.2,208.8,1009.9,86.9,4.4,85.5,4,38.6,7,200,2016,-0.4999999999999998,-0.8660254037844388,-0.2967128192734901,-0.9549667548552553,13.681944444444444,1,9.5,71.8,92.8,74.32857142857144
2016-07-19,80.5,68.8,74.8,70.4,86.6,100,8.33,14.8,8.1,200.6,1007.9,88.5,4.3,164.9,6,24.4,7,201,2016,-0.4999999999999998,-0.8660254037844388,-0.3131070409358267,-0.9497178427914317,13.666944444444445,1,11.700000000000003,73.2,88.5,74.24285714285715
2016-07-20,77.1,69.2,73.1,70.4,91.3,100,4.17,13.2,9.2,164.5,1009.0,88.6,4.2,80.7,4,0.5,7,202,2016,-0.4999999999999998,-0.8660254037844388,-0.3294084822245302,-0.9441875088341994,13.651388888888889,1,7.8999999999999915,74.8,86.6,73.81428571428572
2016-07-21,75.1,69.7,72.1,69.6,92.1,100,8.33,13.9,8.1,148.8,1010.6,91.0,3.5,77.9,3,14.5,7,203,2016,-0.4999999999999998,-0.8660254037844388,-0.3456123126707333,-0.9383773917408642,13.635555555555555,1,5.3999999999999915,73.1,91.3,73.39999999999999
2016-07-22,78.5,69.7,70.6,68.9,94.6,100,8.33,15.0,5.8,110.1,1011.2,94.5,3.4,56.7,2,37.6,7,204,2016,-0.4999999999999998,-0.8660254037844388,-0.3617137307297674,-0.9322892131745134,13.619166666666667,1,8.799999999999997,72.1,92.1,72.78571428571429
2016-07-23,86.1,67.2,73.0,69.0,88.2,100,4.17,16.3,6.9,180.3,1011.3,91.2,3.7,101.2,6,0.5,7,205,2016,-0.4999999999999998,-0.8660254037844388,-0.37770796520396466,-0.9259247771938499,13.6025,1,18.89999999999999,70.6,94.6,72.65714285714286
2016-07-24,82.3,67.9,74.1,69.2,85.9,100,4.17,15.7,11.4,214.6,1011.7,86.4,4.0,167.5,7,0.5,7,206,2016,-0.4999999999999998,-0.8660254037844388,-0.39359027665646645,-0.9192859697186105,13.585277777777778,1,14.399999999999991,73.0,88.2,72.98571428571428
2016-07-25,76.9,67.9,70.9,69.1,94.1,100,8.33,15.7,5.8,152.0,1012.8,94.0,3.2,79.4,4,28.4,7,207,2016,-0.4999999999999998,-0.8660254037844388,-0.4093559588156211,-0.9123747579707274,13.567777777777778,1,9.0,74.1,85.9,72.65714285714286
2016-07-26,78.7,66.1,72.1,68.4,88.5,100,8.33,15.7,9.2,204.7,1015.1,92.5,3.4,100.2,4,86.1,7,208,2016,-0.4999999999999998,-0.8660254037844388,-0.42500033996955394,-0.9051931898913975,13.549722222222222,1,12.600000000000009,70.9,94.1,72.27142857142857
2016-07-27,78.7,69.7,72.0,67.8,86.9,0,0.0,18.8,9.2,200.4,1015.0,86.9,4.5,143.3,7,0.3,7,209,2016,-0.4999999999999998,-0.8660254037844388,-0.4405187843504952,-0.8977433935342336,13.53138888888889,1,9.0,72.1,88.5,72.11428571428571
2016-07-28,78.7,67.9,72.0,68.7,89.7,100,8.33,13.0,6.9,112.3,1013.1,91.0,4.0,59.9,2,6.6,7,210,2016,-0.4999999999999998,-0.8660254037844388,-0.455906693508459,-0.8900275764346766,13.512777777777778,1,10.799999999999997,72.0,86.9,72.1
2016-07-29,78.7,67.9,72.5,68.1,86.9,100,4.17,14.1,6.9,284.3,1011.9,90.5,4.1,104.8,6,2.1082,7,211,2016,-0.4999999999999998,-0.8660254037844388,-0.47115950767386394,-0.8820480249558535,13.49388888888889,1,10.799999999999997,72.0,89.7,72.37142857142858
2016-07-30,76.9,67.7,72.7,67.8,85.1,100,4.17,34.4,9.2,199.2,1012.0,88.5,4.3,108.3,4,29.9974,7,212,2016,-0.4999999999999998,-0.8660254037844388,-0.4862727071086902,-0.8738071036110807,13.474444444444444,1,9.200000000000003,72.5,86.9,72.32857142857144
2016-07-31,89.7,67.9,73.2,69.6,88.9,100,8.33,11.4,4.7,98.4,1011.4,89.5,4.3,61.6,2,2.8,7,213,2016,-0.4999999999999998,-0.8660254037844388,-0.5012418134457756,-0.8653072543632061,13.454722222222221,1,21.799999999999997,72.7,85.1,72.2
2016-08-01,82.3,67.9,72.0,68.2,88.5,100,8.33,16.3,10.3,164.4,1010.4,88.5,4.1,152.8,6,9.1,8,214,2016,-0.8660254037844384,-0.5000000000000004,-0.5160623910158526,-0.8565509959010037,13.434722222222222,1,14.399999999999991,73.2,88.9,72.35714285714286
2016-08-02,82.3,67.9,73.3,68.2,85.2,100,4.17,16.6,15.0,222.0,1008.3,78.5,4.4,210.5,7,1.8,8,215,2016,-0.8660254037844384,-0.5000000000000004,-0.5307300481619331,-0.8475409228928312,13.414444444444445,1,14.399999999999991,72.0,88.5,72.52857142857142
2016-08-03,82.3,67.9,75.0,69.3,83.5,100,4.17,15.7,9.2,247.6,1008.5,80.6,4.6,214.7,7,1.0,8,216,2016,-0.8660254037844384,-0.5000000000000004,-0.5452404385406507,-0.8382797052177745,13.393888888888888,1,14.399999999999991,73.3,85.2,72.95714285714286
2016-08-04,84.1,69.7,75.8,70.2,84.0,100,4.17,15.0,13.9,190.9,1009.1,64.3,4.5,205.9,8,7.6,8,217,2016,-0.8660254037844384,-0.5000000000000004,-0.5595892624101763,-0.828770087174504,13.372777777777777,1,14.399999999999991,75.0,83.5,73.5
2016-08-05,95.1,71.5,76.2,71.0,85.1,100,4.17,16.1,16.1,193.2,1010.1,77.6,4.2,176.6,8,0.0,8,218,2016,-0.8660254037844384,-0.5000000000000004,-0.5737722679043243,-0.8190148866680802,13.351666666666667,0,23.599999999999994,75.8,84.0,74.02857142857144
2016-08-06,92.9,69.7,75.2,70.0,84.9,100,4.17,13.9,8.1,185.9,1010.1,86.3,4.6,161.0,7,13.2,8,219,2016,-0.8660254037844384,-0.5000000000000004,-0.5877852522924734,-0.8090169943749472,13.330277777777777,1,23.200000000000003,76.2,85.1,74.38571428571429
2016-08-07,84.1,69.2,75.9,69.3,80.9,100,4.17,18.3,13.9,203.6,1010.5,71.0,5.0,159.4,5,81.00059999999999,8,220,2016,-0.8660254037844384,-0.5000000000000004,-0.6016240632249227,-0.7987793728863648,13.308333333333334,1,14.899999999999991,75.2,84.9,74.77142857142857
2016-08-08,84.1,69.3,74.6,69.7,85.9,100,4.17,26.4,15.0,186.3,1010.7,80.9,4.1,167.4,6,2.0,8,221,2016,-0.8660254037844384,-0.5000000000000004,-0.6152845999633277,-0.7883050558305253,13.286111111111111,1,14.799999999999997,75.9,80.9,75.14285714285714
2016-08-09,82.3,68.8,74.4,69.0,84.2,100,8.33,32.2,13.9,190.8,1009.5,77.9,4.8,181.6,7,2.3,8,222,2016,-0.8660254037844384,-0.5000000000000004,-0.6287628145958345,-0.7775971469736268,13.264166666666666,1,13.5,74.6,85.9,75.3
2016-08-10,80.5,68.6,73.4,68.8,86.1,100,4.17,15.2,15.0,237.7,1010.6,84.7,4.6,147.6,5,0.8128,8,223,2016,-0.8660254037844384,-0.5000000000000004,-0.6420547132365636,-0.7666588193001592,13.241388888888888,1,11.900000000000006,74.4,84.2,75.07142857142857
2016-08-11,80.5,67.9,74.3,68.4,82.6,100,4.17,14.8,8.1,276.6,1011.8,90.0,4.4,178.4,7,10.9,8,224,2016,-0.8660254037844384,-0.5000000000000004,-0.655156357209085,-0.7554933140726804,13.21861111111111,1,12.599999999999994,73.4,86.1,74.85714285714286
2016-08-12,80.5,69.7,74.3,70.1,87.3,0,0.0,15.4,13.9,216.2,1011.1,86.8,4.0,196.1,7,0.0,8,225,2016,-0.8660254037844384,-0.5000000000000004,-0.6680638642135333,-0.7441039398713608,13.195833333333333,0,10.799999999999997,74.3,82.6,74.58571428571429
2016-08-13,82.3,69.7,75.3,69.9,84.5,100,8.33,13.6,9.2,156.2,1010.0,83.3,4.3,148.7,6,10.4,8,226,2016,-0.8660254037844384,-0.5000000000000004,-0.6807734094770159,-0.7324940716135792,13.172222222222222,1,12.599999999999994,74.3,87.3,74.6
2016-08-14,82.3,71.5,75.1,70.3,85.6,100,4.17,15.9,10.3,158.1,1008.9,86.4,4.4,163.5,6,0.8,8,227,2016,-0.8660254037844384,-0.5000000000000004,-0.6932812268869771,-0.7206671495538615,13.149166666666666,1,10.799999999999997,75.3,84.5,74.48571428571428
2016-08-15,84.1,71.5,75.2,69.9,84.2,100,4.17,25.3,10.3,167.6,1007.5,78.5,4.1,183.3,8,0.5,8,228,2016,-0.8660254037844384,-0.5000000000000004,-0.7055836101071774,-0.7086266782644601,13.125555555555556,1,12.599999999999994,75.1,85.6,74.57142857142857
2016-08-16,84.1,69.7,74.3,69.4,85.8,100,8.33,15.7,15.0,162.4,1006.8,76.2,4.0,166.0,8,19.6,8,229,2016,-0.8660254037844384,-0.5000000000000004,-0.7176769136759615,-0.6963762255968726,13.10138888888889,1,14.399999999999991,75.2,84.2,74.55714285714285
2016-08-17,80.5,67.9,73.9,68.0,82.8,100,4.17,15.4,10.3,232.7,1007.7,86.3,4.6,169.0,6,4.6,8,230,2016,-0.8660254037844384,-0.5000000000000004,-0.7295575540864876,-0.6839194216246105,13.0775,1,12.599999999999994,74.3,85.8,74.62857142857142
2016-08-18,84.1,68.8,74.9,69.7,84.7,100,4.17,13.9,8.1,186.2,1008.0,81.0,4.5,163.8,7,0.0,8,231,2016,-0.8660254037844384,-0.5000000000000004,-0.7412220108485957,-0.6712599575675315,13.053333333333333,0,15.299999999999997,73.9,82.8,74.71428571428571
2016-08-19,82.3,67.9,75.2,69.5,83.3,100,8.33,15.2,12.8,206.3,1010.3,72.2,5.0,159.0,6,0.5,8,232,2016,-0.8660254037844384,-0.5000000000000004,-0.7526668275320083,-0.6584015846980489,13.028888888888888,1,14.399999999999991,74.9,84.7,74.84285714285714
2016-08-20,82.3,69.3,76.2,70.6,83.5,100,4.17,14.5,9.2,262.5,1010.2,80.6,4.9,171.5,6,5.1,8,233,2016,-0.8660254037844384,-0.5000000000000004,-0.7638886127905429,-0.64534811322955,13.004444444444445,1,13.0,75.2,83.3,74.97142857142856
2016-08-21,85.9,71.5,75.6,70.5,85.4,100,4.17,15.2,10.3,180.6,1010.8,80.6,3.9,199.6,7,2.5,8,234,2016,-0.8660254037844384,-0.5000000000000004,-0.7748840413670406,-0.6321034111873488,12.979722222222222,1,14.400000000000006,76.2,83.5,75.04285714285716
2016-08-22,78.7,69.7,72.9,69.0,88.2,100,8.33,11.6,8.1,196.8,1012.5,89.0,4.2,82.4,3,8.9,8,235,2016,-0.8660254037844384,-0.5000000000000004,-0.7856498550787144,-0.6186714032625032,12.954722222222221,1,9.0,75.6,85.4,74.71428571428571
2016-08-23,80.5,67.9,73.9,68.1,82.8,100,4.17,17.9,12.8,200.8,1013.2,59.0,4.9,200.5,7,2.3,8,236,2016,-0.8660254037844384,-0.5000000000000004,-0.7961828637826154,-0.6050560696488494,12.929722222222223,1,12.599999999999994,72.9,88.2,74.65714285714286
2016-08-24,84.1,68.8,75.7,68.4,79.0,0,0.0,16.1,9.2,149.9,1013.2,77.4,4.7,161.2,7,0.0,8,237,2016,-0.8660254037844384,-0.5000000000000004,-0.8064799463209447,-0.5912614448635782,12.904722222222222,0,15.299999999999997,73.9,82.8,74.91428571428571
2016-08-25,87.7,67.9,77.7,68.9,75.7,0,0.0,17.2,9.2,226.8,1014.0,44.3,4.9,232.3,8,0.0,8,238,2016,-0.8660254037844384,-0.5000000000000004,-0.8165380514459157,-0.5772916165517278,12.879166666666666,0,19.799999999999997,75.7,79.0,75.31428571428572
2016-08-26,84.1,67.9,74.5,68.0,81.3,100,8.33,15.9,12.8,171.4,1015.7,79.8,4.9,231.4,8,15.5,8,239,2016,-0.8660254037844384,-0.5000000000000004,-0.8263541987239095,-0.5631507242749187,12.85388888888889,1,16.19999999999999,77.7,75.7,75.21428571428571
2016-08-27,87.7,71.5,77.9,69.6,77.4,0,0.0,16.6,6.9,162.2,1016.0,64.8,5.1,260.2,9,0.0,8,240,2016,-0.8660254037844384,-0.5000000000000004,-0.8359254794186365,-0.5488429582847199,12.828055555555556,0,16.200000000000003,74.5,81.3,75.45714285714287
2016-08-28,84.1,69.7,75.8,68.4,78.8,0,0.0,18.3,10.3,223.2,1015.8,64.3,5.3,229.8,8,0.0,8,241,2016,-0.8660254037844384,-0.5000000000000004,-0.8452490573530634,-0.5343725582809785,12.8025,0,14.399999999999991,77.9,77.4,75.4857142857143
2016-08-29,82.3,67.9,74.6,68.3,81.8,100,4.17,17.2,9.2,289.3,1013.1,69.5,4.7,190.1,7,0.5,8,242,2016,-0.8660254037844384,-0.5000000000000004,-0.8543221697498269,-0.5197438121555157,12.776666666666667,1,14.399999999999991,75.8,78.8,75.72857142857143
2016-08-30,78.7,69.7,74.0,68.7,84.0,100,4.17,15.0,9.2,210.1,1011.7,83.8,4.3,162.0,7,0.5,8,243,2016,-0.8660254037844384,-0.5000000000000004,-0.8631421280499115,-0.5049610547215202,12.750833333333333,1,9.0,74.6,81.8,75.74285714285715
2016-08-31,82.3,67.9,73.8,68.8,85.7,100,4.17,15.0,11.4,249.0,1011.4,80.1,4.0,175.2,7,18.008599999999998,8,244,2016,-0.8660254037844384,-0.5000000000000004,-0.8717063187093218,-0.4900286664290594,12.724722222222223,1,14.399999999999991,74.0,84.0,75.47142857142856
2016-09-01,80.5,69.7,74.8,68.9,82.5,100,4.17,16.3,10.3,254.5,1010.5,83.3,4.3,168.1,7,0.0,9,245,2016,-1.0,-1.8369701987210297e-16,-0.8800122039735356,-0.4749510720670502,12.698611111111111,0,10.799999999999997,73.8,85.7,75.05714285714285
2016-09-02,82.3,69.7,75.1,69.0,82.4,0,0.0,18.1,10.3,262.6,1008.3,78.5,4.9,146.7,6,0.0,9,246,2016,-1.0,-1.8369701987210297e-16,-0.888057322629493,-0.4597327394521046,12.672222222222222,0,12.599999999999994,74.8,82.5,75.14285714285714
2016-09-03,82.3,67.9,72.7,69.1,89.3,100,4.17,14.1,13.9,207.2,1008.2,87.8,4.0,124.9,4,35.9918,9,247,2016,-1.0,-1.8369701987210297e-16,-0.8958392907349089,-0.44437817810461344,12.645833333333334,1,14.399999999999991,75.1,82.4,74.39999999999999
2016-09-04,76.9,66.1,71.8,68.1,88.4,100,8.33,16.8,5.8,219.0,1010.8,90.0,4.3,75.4,4,0.1016,9,248,2016,-1.0,-1.8369701987210297e-16,-0.9033558023246842,-0.4288919379124841,12.619722222222222,1,10.800000000000011,72.7,89.3,73.82857142857142
2016-09-05,80.5,68.1,74.1,68.8,84.3,100,4.17,17.4,8.1,197.3,1010.8,88.5,4.4,135.9,6,0.0,9,249,2016,-1.0,-1.8369701987210297e-16,-0.9106046300942162,-0.41327860778290443,12.593055555555555,0,12.400000000000006,71.8,88.4,73.75714285714285
2016-09-06,80.5,69.7,72.6,69.0,88.8,100,4.17,17.9,8.1,201.8,1012.1,86.4,4.1,70.2,5,2.0,9,250,2016,-1.0,-1.8369701987210297e-16,-0.9175836260593934,-0.3975428142825566,12.56638888888889,1,10.799999999999997,74.1,84.3,73.55714285714285
2016-09-07,80.5,67.9,72.9,69.3,89.2,100,4.17,16.8,9.2,244.5,1011.5,90.5,4.4,168.3,6,6.1,9,251,2016,-1.0,-1.8369701987210297e-16,-0.9242907221930934,-0.3816892202666586,12.54,1,12.599999999999994,72.6,88.8,73.42857142857143
2016-09-08,82.3,69.7,74.1,68.2,83.0,100,4.17,13.9,10.3,252.4,1013.4,86.4,4.7,124.5,7,2.3,9,252,2016,-1.0,-1.8369701987210297e-16,-0.9307239310379793,-0.3657225234972692,12.513055555555555,1,12.599999999999994,72.9,89.2,73.32857142857142
2016-09-09,84.1,68.8,73.9,69.1,85.5,100,4.17,15.9,8.1,223.7,1014.0,88.5,4.4,169.5,6,0.0,9,253,2016,-1.0,-1.8369701987210297e-16,-0.9368813462954315,-0.34964745525122826,12.48638888888889,0,15.299999999999997,74.1,83.0,73.15714285714284
2016-09-10,76.9,69.7,71.9,69.3,91.6,100,8.33,14.8,4.7,151.2,1014.0,87.3,4.0,125.2,6,15.7,9,254,2016,-1.0,-1.8369701987210297e-16,-0.9427611433904206,-0.33346877891818705,12.459444444444445,1,7.200000000000003,73.9,85.5,73.04285714285713
2016-09-11,78.7,67.9,71.4,67.8,89.3,100,4.17,24.2,8.1,132.2,1013.6,87.9,3.8,46.2,2,31.0,9,255,2016,-1.0,-1.8369701987210297e-16,-0.9483615800121716,-0.31719128858910595,12.432777777777778,1,10.799999999999997,71.9,91.6,72.9857142857143
2016-09-12,69.7,66.1,68.5,66.6,93.9,100,8.33,25.3,6.9,141.0,1013.9,93.4,3.8,52.2,2,56.4,9,256,2016,-1.0,-1.8369701987210297e-16,-0.9536809966304455,-0.300819807635668,12.405833333333334,1,3.6000000000000085,71.4,89.3,72.18571428571428
2016-09-13,76.9,65.7,70.2,66.0,87.4,100,4.17,19.2,5.8,156.4,1016.5,80.5,4.1,158.4,6,0.3,9,257,2016,-1.0,-1.8369701987210297e-16,-0.9587178169872964,-0.2843591872810036,12.37861111111111,1,11.200000000000003,68.5,93.9,71.84285714285714
2016-09-14,80.5,67.6,73.2,67.3,82.7,100,4.17,16.8,11.4,145.3,1016.0,77.2,4.4,170.6,8,8.6,9,258,2016,-1.0,-1.8369701987210297e-16,-0.9634705485641486,-0.26781430516217486,12.351944444444445,1,12.900000000000006,70.2,87.4,71.88571428571429
2016-09-15,84.1,67.9,73.3,67.8,83.9,100,4.17,14.5,9.2,228.2,1015.3,80.1,4.5,201.9,8,0.1016,9,259,2016,-1.0,-1.8369701987210297e-16,-0.9679377830240642,-0.25119006388481957,12.324722222222222,1,16.19999999999999,73.2,82.7,71.77142857142857
2016-09-16,82.3,67.9,73.2,67.7,84.0,0,0.0,15.0,12.8,225.8,1013.8,76.6,4.7,162.0,7,0.0,9,260,2016,-1.0,-1.8369701987210297e-16,-0.9721181966290612,-0.23449138957041052,12.2975,0,14.399999999999991,73.3,83.9,71.67142857142858
2016-09-17,78.7,69.7,72.6,67.6,85.0,100,8.33,14.3,10.3,205.7,1013.5,81.7,4.5,137.9,5,1.8,9,261,2016,-1.0,-1.8369701987210297e-16,-0.9760105506323682,-0.21772323039653224,12.270555555555555,1,9.0,73.2,84.0,71.77142857142857
2016-09-18,78.7,65.0,71.9,66.5,84.2,100,8.33,15.2,8.1,239.0,1014.6,66.0,4.8,173.8,7,16.5,9,262,2016,-1.0,-1.8369701987210297e-16,-0.9796136916454901,-0.20089055513063528,12.243333333333334,1,13.700000000000003,72.6,85.0,71.84285714285714
2016-09-19,82.3,66.5,74.3,67.6,80.7,100,4.17,14.8,9.2,270.8,1012.5,72.4,4.8,170.2,7,0.3,9,263,2016,-1.0,-1.8369701987210297e-16,-0.9829265519799822,-0.18399835165767986,12.216388888888888,1,15.799999999999997,71.9,84.2,72.67142857142856
2016-09-20,82.3,67.9,74.1,68.0,82.1,0,0.0,17.0,8.1,211.1,1013.3,73.8,4.3,147.2,6,0.0,9,264,2016,-1.0,-1.8369701987210297e-16,-0.9859481499638303,-0.1670516255021195,12.188888888888888,0,14.399999999999991,74.3,80.7,73.22857142857143
2016-09-21,82.1,66.1,70.9,65.7,84.5,100,4.17,13.6,8.1,85.1,1016.8,84.3,4.6,61.2,3,23.9,9,265,2016,-1.0,-1.8369701987210297e-16,-0.9886775902323404,-0.15005539834465262,12.161666666666667,1,16.0,74.1,82.1,72.89999999999999
2016-09-22,80.5,49.9,70.7,65.4,81.3,100,4.17,14.3,10.3,260.1,1017.4,72.7,4.8,95.6,6,0.0,9,266,2016,-1.0,-1.8369701987210297e-16,-0.9911140639934546,-0.13301470653419636,12.134444444444444,0,30.6,70.9,84.5,72.52857142857144
2016-09-23,88.1,66.5,71.8,66.0,82.7,100,16.67,14.8,12.8,213.0,1013.5,82.9,4.4,157.5,6,0.0,9,267,2016,-1.0,-1.8369701987210297e-16,-0.9932568492674143,-0.11593459959550066,12.107222222222223,0,21.599999999999994,70.7,81.3,72.32857142857142
2016-09-24,73.3,65.2,68.1,65.8,92.6,100,8.33,11.2,5.8,136.3,1013.5,90.4,4.0,72.7,3,12.4,9,268,2016,-1.0,-1.8369701987210297e-16,-0.9951053111006974,-0.09882013873287211,12.08,1,8.099999999999994,71.8,82.7,71.68571428571428
2016-09-25,73.3,63.6,68.4,65.1,89.8,100,4.17,15.4,8.1,170.3,1013.3,83.7,4.2,56.5,2,0.0,9,269,2016,-1.0,-1.8369701987210297e-16,-0.99665890175417,-0.08167639533042288,12.052777777777777,0,9.699999999999996,68.1,92.6,71.18571428571428
2016-09-26,78.7,66.1,70.4,65.1,83.9,0,0.0,14.3,8.1,189.2,1015.0,86.4,4.5,123.6,4,0.0,9,270,2016,-1.0,-1.8369701987210297e-16,-0.9979171608653922,-0.06450844944931625,12.025555555555556,0,12.600000000000009,68.4,89.8,70.62857142857143
2016-09-27,78.7,65.4,72.4,66.0,81.3,100,4.17,15.7,9.2,230.0,1014.9,69.2,4.6,188.7,8,0.0,9,271,2016,-1.0,-1.8369701987210297e-16,-0.9988797155850335,-0.04732138832243232,11.998333333333333,0,13.299999999999997,70.4,83.9,70.38571428571429
2016-09-28,76.9,66.1,70.4,65.9,86.1,100,4.17,16.3,6.9,180.4,1015.3,89.0,4.4,105.1,4,5.0038,9,272,2016,-1.0,-1.8369701987210297e-16,-0.9995462806873573,-0.03012030484690836,11.971111111111112,1,10.800000000000011,72.4,81.3,70.31428571428572
2016-09-29,76.9,66.1,71.0,66.0,84.7,100,4.17,13.0,5.8,220.1,1014.5,88.5,3.8,128.1,6,0.3,9,273,2016,-1.0,-1.8369701987210297e-16,-0.9999166586547379,-0.012910296075008843,11.943888888888889,1,10.800000000000011,70.4,86.1,70.35714285714286
2016-09-30,84.1,64.1,72.9,67.2,83.7,100,4.17,13.2,12.8,183.3,1014.1,68.7,4.5,204.9,8,1.5,9,274,2016,-1.0,-1.8369701987210297e-16,-0.9999907397361901,0.004303538296243821,11.916666666666666,1,20.0,71.0,84.7,70.51428571428572
2016-10-01,80.5,67.9,72.3,67.8,86.8,100,8.33,12.8,6.9,111.6,1017.0,76.3,4.3,182.3,8,21.6,10,275,2016,-0.8660254037844386,0.5000000000000001,-0.9997685019798909,0.021516097436222233,11.889722222222222,1,12.599999999999994,72.9,83.7,71.11428571428571
2016-10-02,84.1,67.9,73.7,68.3,84.5,100,4.17,13.0,10.3,261.2,1018.2,68.9,3.9,190.4,7,0.0,10,276,2016,-0.8660254037844386,0.5000000000000001,-0.9992500112396835,0.03872228089217399,11.8625,0,16.19999999999999,72.3,86.8,71.87142857142858
2016-10-03,84.1,67.9,73.8,68.1,83.5,0,0.0,14.8,9.2,247.1,1016.7,79.0,4.0,201.4,8,0.0,10,277,2016,-0.8660254037844386,0.5000000000000001,-0.9984354211555643,0.05591699010060302,11.835277777777778,0,16.19999999999999,73.7,84.5,72.35714285714286
2016-10-04,82.3,67.9,72.6,66.9,83.6,100,4.17,15.0,9.2,248.4,1015.1,79.9,4.3,171.9,7,0.0,10,278,2016,-0.8660254037844386,0.5000000000000001,-0.9973249731081555,0.07309512989807776,11.808333333333334,0,14.399999999999991,73.8,83.5,72.38571428571429
2016-10-05,80.5,67.9,72.3,66.9,84.1,100,4.17,14.8,6.9,234.4,1014.4,82.2,3.8,171.6,6,1.8,10,279,2016,-0.8660254037844386,0.5000000000000001,-0.9959189961471792,0.0902516100310407,11.78111111111111,1,12.599999999999994,72.6,83.6,72.65714285714286
2016-10-06,80.5,66.6,72.4,65.9,81.0,100,4.17,13.4,9.2,277.4,1015.4,82.1,3.9,141.8,6,1.5,10,280,2016,-0.8660254037844386,0.5000000000000001,-0.994217906893952,0.10738134666416306,11.75388888888889,1,13.900000000000006,72.3,84.1,72.85714285714286
2016-10-07,80.5,67.9,71.5,66.0,83.4,0,0.0,15.9,8.1,283.3,1015.7,76.7,4.3,178.2,7,0.0,10,281,2016,-0.8660254037844386,0.5000000000000001,-0.9922222094179324,0.12447926388678869,11.726944444444445,0,12.599999999999994,72.4,81.0,72.65714285714286
2016-10-08,80.5,66.1,71.7,65.3,81.5,0,0.0,15.7,11.4,192.7,1015.7,88.0,4.5,154.3,6,0.0,10,282,2016,-0.8660254037844386,0.5000000000000001,-0.989932495087353,0.141540295217043,11.700277777777778,0,14.400000000000006,71.5,83.4,72.57142857142857
2016-10-09,76.9,66.1,70.5,65.9,86.0,0,0.0,11.6,8.1,224.0,1014.1,80.6,4.6,87.6,3,0.0,10,283,2016,-0.8660254037844386,0.5000000000000001,-0.9873494423939864,0.15855938510313475,11.673333333333334,0,10.800000000000011,71.7,81.5,72.11428571428571
2016-10-10,80.5,65.6,71.2,65.0,82.0,100,4.17,10.5,8.1,264.6,1013.3,62.3,5.2,83.2,3,0.3,10,284,2016,-0.8660254037844386,0.5000000000000001,-0.9844738167520923,0.17553149042142777,11.646666666666667,1,14.900000000000006,70.5,86.0,71.74285714285715
2016-10-11,76.9,64.3,70.0,63.9,81.7,100,4.17,15.0,11.4,249.7,1012.7,68.6,5.0,166.8,8,0.3,10,285,2016,-0.8660254037844386,0.5000000000000001,-0.9813064702716093,0.19245158197082995,11.62,1,12.600000000000009,71.2,82.0,71.37142857142858
2016-10-12,78.7,64.3,70.2,62.7,79.0,0,0.0,14.3,9.2,240.2,1012.7,47.5,5.1,210.0,8,0.0,10,286,2016,-0.8660254037844386,0.5000000000000001,-0.9778483415056568,0.20931464596304888,11.593333333333334,0,14.400000000000006,70.0,81.7,71.07142857142857
2016-10-13,78.7,62.5,69.9,63.7,81.9,0,0.0,14.1,9.2,217.3,1014.5,60.2,4.5,159.6,7,0.0,10,287,2016,-0.8660254037844386,0.5000000000000001,-0.9741004551724206,0.22611568550828803,11.566666666666666,0,16.200000000000003,70.2,79.0,70.71428571428571
2016-10-14,75.1,64.3,68.7,61.7,78.9,100,4.17,15.4,16.1,213.9,1016.7,80.1,4.0,145.1,6,0.5,10,288,2016,-0.8660254037844386,0.5000000000000001,-0.970063921851507,0.2428497220959358,11.540277777777778,1,10.799999999999997,69.9,81.9,70.31428571428572
2016-10-15,76.9,62.1,68.8,62.4,80.8,0,0.0,13.2,9.2,240.9,1017.6,74.3,3.3,151.1,6,0.0,10,289,2016,-0.8660254037844386,0.5000000000000001,-0.965739937654855,0.25951179706979943,11.51388888888889,0,14.800000000000004,68.7,78.9,69.9
2016-10-16,90.8,62.5,68.7,62.4,81.2,100,29.17,12.1,8.1,189.2,1017.5,62.2,3.4,135.8,5,0.0,10,290,2016,-0.8660254037844386,0.5000000000000001,-0.9611297838723007,0.27609697309746883,11.4875,0,28.299999999999997,68.8,80.8,69.64285714285714
2016-10-17,80.5,60.7,68.1,59.3,75.6,0,0.0,24.2,9.2,177.3,1017.6,47.3,4.1,172.5,7,0.0,10,291,2016,-0.8660254037844386,0.5000000000000001,-0.9562348265919058,0.2926003356333479,11.461388888888889,0,19.799999999999997,68.7,81.2,69.2
2016-10-18,88.4,58.9,67.1,59.5,78.2,0,0.0,11.2,13.9,137.4,1016.0,42.7,4.2,160.1,6,2.5,10,292,2016,-0.8660254037844386,0.5000000000000001,-0.9510565162951536,0.30901699437494723,11.435277777777777,1,29.500000000000007,68.1,75.6,68.78571428571429
2016-10-19,76.9,58.9,66.9,58.4,76.0,100,4.17,11.9,9.2,281.5,1016.8,64.4,4.4,179.9,7,25.9,10,293,2016,-0.8660254037844386,0.5000000000000001,-0.9455963874271428,0.3253420847119795,11.409166666666666,1,18.000000000000007,67.1,78.2,68.31428571428572
2016-10-20,76.9,57.1,65.8,55.3,72.2,0,0.0,13.6,11.4,254.4,1014.9,24.9,4.8,195.5,8,0.0,10,294,2016,-0.8660254037844386,0.5000000000000001,-0.9398560579418953,0.341570769167856,11.383333333333333,0,19.800000000000004,66.9,76.0,67.72857142857143
2016-10-21,78.7,55.3,65.3,54.5,71.3,0,0.0,15.9,10.3,274.4,1014.8,26.7,5.0,192.6,7,0.0,10,295,2016,-0.8660254037844386,0.5000000000000001,-0.9338372288229252,0.35769823883312546,11.357777777777779,0,23.400000000000006,65.8,72.2,67.24285714285715
2016-10-22,76.9,53.9,65.1,56.2,74.9,0,0.0,14.3,8.1,224.4,1015.1,34.9,4.2,186.4,7,0.4064,10,296,2016,-0.8660254037844386,0.5000000000000001,-0.9275416835791965,0.3737197147904692,11.331944444444444,1,23.000000000000007,65.3,71.3,66.71428571428571
2016-10-23,75.1,55.3,64.2,55.9,76.7,0,0.0,13.4,9.2,211.6,1015.3,30.2,3.5,141.4,6,0.1016,10,297,2016,-0.8660254037844386,0.5000000000000001,-0.9209712877166346,0.38963044953078774,11.30638888888889,1,19.799999999999997,65.1,74.9,66.07142857142857
2016-10-24,76.9,57.1,65.6,58.4,79.6,100,4.17,15.0,9.2,201.1,1014.4,45.2,3.1,146.4,6,0.0,10,298,2016,-0.8660254037844386,0.5000000000000001,-0.9141279881853337,0.4054257283599973,11.28138888888889,0,19.800000000000004,64.2,76.7,65.71428571428571
2016-10-25,78.7,55.3,66.1,54.1,69.1,0,0.0,12.1,10.3,202.8,1015.3,25.0,3.7,134.6,5,0.0,10,299,2016,-0.8660254037844386,0.5000000000000001,-0.9070138128026362,0.42110087079608916,11.255833333333333,0,23.400000000000006,65.6,79.6,65.57142857142857
2016-10-26,86.6,55.3,65.2,55.2,72.3,100,4.17,14.5,10.3,235.3,1018.1,33.5,4.7,176.3,7,0.0,10,300,2016,-0.8660254037844386,0.5000000000000001,-0.8996308696522434,0.4366512319560638,11.231111111111112,0,31.299999999999997,66.1,69.1,65.32857142857142
2016-10-27,76.9,55.3,64.7,55.7,75.1,0,0.0,13.9,9.2,243.7,1020.7,27.1,4.8,182.3,7,0.0,10,301,2016,-0.8660254037844386,0.5000000000000001,-0.8919813464595487,0.45207220393230374,11.206111111111111,0,21.60000000000001,65.2,72.3,65.17142857142858
2016-10-28,75.1,53.5,63.0,51.6,69.6,0,0.0,14.8,10.3,295.4,1018.8,31.8,4.5,204.3,7,1.1938,10,302,2016,-0.8660254037844386,0.5000000000000001,-0.8840675099433637,0.46735921715800205,11.18138888888889,1,21.599999999999994,64.7,75.1,64.84285714285714
2016-10-29,75.1,53.5,62.5,51.9,70.6,0,0.0,16.6,9.2,255.3,1019.9,31.3,4.6,194.3,7,13.7922,10,303,2016,-0.8660254037844386,0.5000000000000001,-0.8758917051442433,0.48250774176121763,11.156944444444445,1,21.599999999999994,63.0,69.6,64.47142857142856
2016-10-30,75.1,51.7,61.7,52.7,75.2,0,0.0,13.6,8.1,179.4,1019.2,18.9,5.1,199.0,7,0.0,10,304,2016,-0.8660254037844386,0.5000000000000001,-0.867456354729597,0.4975132889071803,11.1325,0,23.39999999999999,62.5,70.6,64.11428571428571
2016-10-31,75.1,51.7,62.3,52.5,73.1,0,0.0,28.9,9.2,141.7,1023.1,28.1,4.6,187.1,7,0.0,10,305,2016,-0.8660254037844386,0.5000000000000001,-0.858763958275803,0.5123714121284235,11.108333333333333,0,23.39999999999999,61.7,75.2,63.642857142857146
2016-11-01,76.9,51.7,63.4,52.2,70.3,0,0.0,19.7,10.3,178.6,1021.1,36.4,4.9,185.6,7,0.0,11,306,2016,-0.5000000000000004,0.8660254037844384,-0.8498170915275277,0.5270777086423724,11.084722222222222,0,25.200000000000003,62.3,73.1,63.25714285714286
2016-11-02,76.9,53.5,64.1,52.5,69.4,0,0.0,16.1,9.2,251.6,1021.0,24.5,5.8,186.3,7,0.0,11,307,2016,-0.5000000000000004,0.8660254037844384,-0.8406184056344783,0.5416278206559811,11.060833333333333,0,23.400000000000006,63.4,70.3,63.10000000000001
2016-11-03,91.5,51.7,63.5,52.8,71.2,0,0.0,14.3,8.1,130.2,1022.4,24.6,5.1,182.6,7,0.0,11,308,2016,-0.5000000000000004,0.8660254037844384,-0.8311706263658079,0.5560174366570446,11.0375,0,39.8,64.1,69.4,62.92857142857143
2016-11-04,76.9,49.9,60.8,48.5,68.6,0,0.0,17.2,9.2,191.2,1019.1,23.1,5.1,209.1,8,0.0,11,309,2016,-0.5000000000000004,0.8660254037844384,-0.8214765533024145,0.5702422926917867,11.014166666666666,0,27.000000000000007,63.5,71.2,62.61428571428571
2016-11-05,73.3,48.1,60.2,49.0,69.5,0,0.0,17.2,9.2,238.0,1017.0,23.4,5.1,206.8,8,0.0,11,310,2016,-0.5000000000000004,0.8660254037844384,-0.8115390590073611,0.5842981736283683,10.991388888888888,0,25.199999999999996,60.8,68.6,62.285714285714285
2016-11-06,73.3,49.4,60.0,49.9,72.2,0,0.0,16.1,9.2,176.5,1015.9,27.1,4.8,208.7,8,0.0,11,311,2016,-0.5000000000000004,0.8660254037844384,-0.8013610881746769,0.5981809144059159,10.96861111111111,0,23.9,60.2,69.5,62.04285714285714
2016-11-07,71.5,48.1,59.3,49.0,72.2,0,0.0,16.3,9.2,244.1,1017.2,28.4,4.3,203.3,8,0.0,11,312,2016,-0.5000000000000004,0.8660254037844384,-0.7909456567567774,0.6118864012687242,10.946111111111112,0,23.4,60.0,72.2,61.614285714285714
2016-11-08,73.3,48.1,59.4,48.8,71.4,0,0.0,12.1,8.1,229.8,1020.1,24.4,4.6,183.9,7,0.0,11,313,2016,-0.5000000000000004,0.8660254037844384,-0.780295851070776,0.6254105729852457,10.924166666666666,0,25.199999999999996,59.3,72.2,61.042857142857144
2016-11-09,73.3,48.1,59.1,49.5,73.3,0,0.0,40.3,10.3,209.7,1019.7,22.9,4.7,203.0,7,0.0,11,314,2016,-0.5000000000000004,0.8660254037844384,-0.7694148268839381,0.6387494220515268,10.902222222222223,0,25.199999999999996,59.4,71.4,60.32857142857143
2016-11-10,75.1,49.9,60.3,51.3,74.5,0,0.0,15.2,9.2,283.8,1019.7,25.0,4.6,198.1,7,0.0,11,315,2016,-0.5000000000000004,0.8660254037844384,-0.7583058084785625,0.6518989958787125,10.880833333333333,0,25.199999999999996,59.1,73.3,59.87142857142857
2016-11-11,73.3,49.9,61.1,51.9,74.8,0,0.0,15.2,8.1,259.3,1020.8,32.3,4.3,162.3,6,0.0,11,316,2016,-0.5000000000000004,0.8660254037844384,-0.7469720876965551,0.6648553979642867,10.859444444444444,0,23.4,60.3,74.5,59.91428571428572
2016-11-12,73.3,49.9,60.5,50.7,73.3,0,0.0,16.1,9.2,255.0,1021.2,27.2,4.8,191.5,7,0.0,11,317,2016,-0.5000000000000004,0.8660254037844384,-0.7354170229639858,0.6776147890466887,10.838333333333333,0,23.4,61.1,74.8,59.95714285714286
2016-11-13,73.3,49.9,59.9,51.8,77.1,0,0.0,17.0,10.3,276.3,1021.8,24.2,4.8,194.1,7,0.0,11,318,2016,-0.5000000000000004,0.8660254037844384,-0.7236440382959123,0.690173388242972,10.818055555555556,0,23.4,60.5,73.3,59.94285714285714
2016-11-14,73.3,48.1,58.0,48.1,73.3,0,0.0,17.0,9.2,164.3,1020.8,35.7,4.3,182.5,7,0.0,11,319,2016,-0.5000000000000004,0.8660254037844384,-0.7116566222817751,0.7025274741691566,10.797777777777778,0,25.199999999999996,59.9,77.1,59.75714285714286
2016-11-15,75.1,42.7,56.6,43.2,66.7,0,0.0,13.6,8.1,163.7,1020.4,25.0,4.4,184.0,7,0.0,11,320,2016,-0.5000000000000004,0.8660254037844384,-0.6994583270516471,0.7146733860429608,10.777777777777779,0,32.39999999999999,58.0,73.3,59.357142857142854
2016-11-16,71.5,44.5,56.2,45.7,71.9,0,0.0,14.3,8.1,258.0,1020.9,27.1,3.9,183.4,7,0.0,11,321,2016,-0.5000000000000004,0.8660254037844384,-0.6870527672236675,0.726607524768565,10.758055555555556,0,27.0,56.6,66.7,58.94285714285714
2016-11-17,71.5,44.5,56.3,46.7,73.9,0,0.0,12.8,9.2,200.3,1020.7,24.0,3.7,196.9,7,0.0,11,322,2016,-0.5000000000000004,0.8660254037844384,-0.6744436188329457,0.7383263540031063,10.738888888888889,0,27.0,56.2,71.9,58.371428571428574
2016-11-18,69.7,44.5,55.8,47.2,75.9,0,0.0,13.6,8.1,218.1,1018.9,24.2,3.6,186.3,7,0.508,11,323,2016,-0.5000000000000004,0.8660254037844384,-0.661634618242279,0.749826401204568,10.72,1,25.200000000000003,56.3,73.9,57.61428571428571
2016-11-19,69.7,46.3,56.1,48.3,78.2,0,0.0,13.4,8.1,247.7,1017.4,28.1,3.7,137.0,6,0.0,11,324,2016,-0.5000000000000004,0.8660254037844384,-0.6486295610349818,0.7611042586607742,10.701666666666666,0,23.400000000000006,55.8,75.9,56.98571428571428
2016-11-20,69.7,46.3,57.3,49.1,76.7,100,8.33,13.2,9.2,239.1,1018.2,33.9,3.5,129.1,5,0.0,11,325,2016,-0.5000000000000004,0.8660254037844384,-0.6354323008901775,0.7721565844991641,10.68388888888889,0,23.400000000000006,56.1,78.2,56.614285714285714
2016-11-21,71.5,51.7,59.1,49.2,73.0,100,4.17,14.8,9.2,259.7,1017.6,53.2,3.6,173.3,7,0.0,11,326,2016,-0.5000000000000004,0.8660254037844384,-0.622046748440868,0.7829801036770625,10.66638888888889,0,19.799999999999997,57.3,76.7,56.771428571428565
2016-11-22,71.5,48.1,57.9,49.9,77.1,0,0.0,15.0,8.1,176.3,1016.6,27.6,3.3,177.9,7,0.0,11,327,2016,-0.5000000000000004,0.8660254037844384,-0.6084768701151264,0.7935716089521472,10.649166666666666,0,23.4,59.1,73.0,56.957142857142856
2016-11-23,71.5,48.1,57.8,50.9,79.8,0,0.0,16.1,6.9,191.9,1016.8,37.0,3.1,136.2,6,0.0,11,328,2016,-0.5000000000000004,0.8660254037844384,-0.594726686960764,0.8039279618328208,10.6325,0,23.4,57.9,77.1,57.185714285714276
2016-11-24,69.7,46.3,56.7,48.6,77.1,0,0.0,16.8,8.1,216.0,1019.0,27.6,2.9,136.0,6,0.0,11,329,2016,-0.5000000000000004,0.8660254037844384,-0.5808002734538014,0.8140460935082175,10.616111111111111,0,23.400000000000006,57.8,79.8,57.24285714285714
2016-11-25,75.3,46.3,55.8,50.7,84.3,0,0.0,13.2,6.9,190.2,1016.2,36.3,2.8,98.4,5,0.0,11,330,2016,-0.5000000000000004,0.8660254037844384,-0.5667017562911184,0.8239230057575536,10.600277777777778,0,29.0,56.7,77.1,57.24285714285715
2016-11-26,69.7,48.1,57.1,50.4,80.3,0,0.0,26.4,6.9,194.4,1017.5,29.2,2.6,95.1,4,0.0,11,331,2016,-0.5000000000000004,0.8660254037844384,-0.5524353131676203,0.8335557718385695,10.585,0,21.6,55.8,84.3,57.385714285714286
2016-11-27,69.7,48.1,57.0,49.9,80.3,100,4.17,15.9,9.2,236.3,1016.2,43.4,2.8,128.9,5,0.0,11,332,2016,-0.5000000000000004,0.8660254037844384,-0.5380051715382992,0.8429415373547832,10.570277777777777,0,21.6,57.1,80.3,57.34285714285714
2016-11-28,67.9,49.9,57.4,49.6,77.6,0,0.0,27.7,6.9,155.7,1018.2,57.0,3.2,107.1,5,0.0,11,333,2016,-0.5000000000000004,0.8660254037844384,-0.5234156073655503,0.8520775211013093,10.556111111111111,0,18.000000000000007,57.0,80.3,57.10000000000001
2016-11-29,69.7,46.3,57.0,48.8,77.0,0,0.0,26.4,8.1,156.8,1018.7,32.8,3.5,127.0,5,0.0,11,334,2016,-0.5000000000000004,0.8660254037844384,-0.5086709438521042,0.8609610158889945,10.541944444444445,0,23.400000000000006,57.4,77.6,56.97142857142857
2016-11-30,69.7,48.1,57.6,49.9,77.5,0,0.0,48.3,9.2,257.5,1022.0,38.3,3.7,106.9,4,0.0,11,335,2016,-0.5000000000000004,0.8660254037844384,-0.4937755501599774,0.8695893893466109,10.528888888888888,0,21.6,57.0,77.0,56.94285714285714
2016-12-01,80.7,46.3,57.7,50.3,78.9,100,4.17,14.3,8.1,214.9,1021.4,30.0,3.7,110.2,5,0.0,12,336,2016,-2.4492935982947064e-16,1.0,-0.4787338401157883,0.8779600847008883,10.516111111111112,0,34.400000000000006,57.6,77.5,57.08571428571428
2016-12-02,69.7,48.1,57.0,49.3,78.1,0,0.0,14.8,6.9,236.1,1021.8,33.6,3.5,103.2,4,0.0,12,337,2016,-2.4492935982947064e-16,1.0,-0.4635502709028512,0.8860706215341377,10.50388888888889,0,21.6,57.7,78.9,57.25714285714285
2016-12-03,69.7,46.3,56.5,48.6,77.5,0,0.0,15.2,6.9,252.3,1024.1,29.2,3.2,151.2,6,0.0,12,338,2016,-2.4492935982947064e-16,1.0,-0.4482293417404106,0.893918596519257,10.492222222222223,0,23.400000000000006,57.0,78.1,57.17142857142857
2016-12-04,65.0,44.5,54.9,47.7,78.8,0,0.0,12.5,4.7,157.4,1022.0,20.2,3.2,176.8,7,0.0,12,339,2016,-2.4492935982947064e-16,1.0,-0.4327755925504317,0.9015016841318838,10.481388888888889,0,20.5,56.5,77.5,56.871428571428574
2016-12-05,71.5,42.7,55.6,45.3,72.1,0,0.0,20.8,6.9,172.8,1021.6,28.1,3.3,178.3,7,0.0,12,340,2016,-2.4492935982947064e-16,1.0,-0.41719360261231697,0.9088176373395028,10.470833333333333,0,28.799999999999997,54.9,78.8,56.614285714285714
2016-12-06,71.9,44.5,55.5,45.8,74.0,0,0.0,13.0,6.9,120.2,1022.1,21.9,3.0,172.3,7,0.0,12,341,2016,-2.4492935982947064e-16,1.0,-0.4014879892059737,0.9158642882672868,10.460833333333333,0,27.400000000000006,55.6,72.1,56.39999999999999
2016-12-07,71.5,42.7,54.6,43.5,68.3,0,0.0,11.4,5.8,163.7,1021.2,23.1,3.5,175.3,7,0.0,12,342,2016,-2.4492935982947064e-16,1.0,-0.38566340624360745,0.9226395488404875,10.45138888888889,0,28.799999999999997,55.5,74.0,55.971428571428575
2016-12-08,71.5,40.9,54.5,38.2,60.6,0,0.0,12.1,8.1,151.3,1020.0,22.9,3.5,175.2,7,0.0,12,343,2016,-2.4492935982947064e-16,1.0,-0.3697245428906732,0.9291414114031743,10.442777777777778,0,30.6,54.6,68.3,55.51428571428572
2016-12-09,71.5,40.9,54.0,39.5,63.3,0,0.0,13.4,8.1,123.2,1017.8,23.1,3.4,175.8,7,0.0,12,344,2016,-2.4492935982947064e-16,1.0,-0.3536761221763721,0.935367949313148,10.434722222222222,0,30.6,54.5,60.6,55.08571428571429
2016-12-10,71.5,40.9,54.6,40.3,63.7,0,0.0,13.6,8.1,234.4,1017.7,22.9,3.7,177.1,7,0.0,12,345,2016,-2.4492935982947064e-16,1.0,-0.33752289959411347,0.941317317512847,10.427222222222222,0,30.6,54.0,63.3,54.814285714285724
2016-12-11,71.5,42.7,52.6,42.8,72.8,0,0.0,13.2,4.7,134.2,1016.4,18.9,3.0,169.5,6,0.0,12,346,2016,-2.4492935982947064e-16,1.0,-0.32126966169236515,0.946987753076075,10.42,0,28.799999999999997,54.6,63.7,54.48571428571428
2016-12-12,69.7,42.7,53.9,41.7,65.8,0,0.0,14.8,11.4,209.7,1015.9,20.7,3.5,173.7,7,0.0,12,347,2016,-2.4492935982947064e-16,1.0,-0.3049212246562894,0.9523775757303973,10.41388888888889,0,27.0,52.6,72.8,54.24285714285715
2016-12-13,67.9,42.7,53.3,44.1,73.8,0,0.0,14.5,8.1,185.3,1017.5,25.5,3.3,160.1,6,0.0,12,348,2016,-2.4492935982947064e-16,1.0,-0.2884824328806098,0.9574851883550389,10.408055555555556,0,25.200000000000003,53.9,65.8,53.92857142857143
2016-12-14,66.1,42.7,52.6,45.1,77.8,0,0.0,15.9,8.1,228.6,1018.4,35.7,3.2,167.1,7,0.0,12,349,2016,-2.4492935982947064e-16,1.0,-0.27195815753410524,0.9623090774541487,10.403055555555556,0,23.39999999999999,53.3,73.8,53.642857142857146
2016-12-15,66.1,46.3,53.6,45.1,75.1,0,0.0,13.6,6.9,177.6,1018.7,47.3,3.5,127.8,6,0.0,12,350,2016,-2.4492935982947064e-16,1.0,-0.2553532951161881,0.9668478136052773,10.39861111111111,0,19.799999999999997,52.6,77.8,53.51428571428572
2016-12-16,69.7,42.7,53.1,43.6,73.5,0,0.0,12.5,6.9,192.9,1021.1,26.0,3.4,128.7,5,0.0,12,351,2016,-2.4492935982947064e-16,1.0,-0.23867276600594997,0.9711000518829505,10.395277777777778,0,27.0,53.6,75.1,53.385714285714286
2016-12-17,66.1,42.7,53.3,44.1,73.4,0,0.0,16.3,9.2,264.9,1020.1,30.3,3.5,152.4,6,0.0,12,352,2016,-2.4492935982947064e-16,1.0,-0.22192151300416674,0.9750645322571945,10.391944444444444,0,23.39999999999999,53.1,73.5,53.199999999999996
2016-12-18,67.9,40.9,52.8,43.4,73.4,0,0.0,16.8,8.1,191.7,1021.1,25.0,3.9,171.0,6,0.0,12,353,2016,-2.4492935982947064e-16,1.0,-0.20510449986861926,0.9787400799669153,10.389444444444445,0,27.000000000000007,53.3,73.4,53.228571428571435
2016-12-19,66.1,40.9,52.6,44.1,75.7,0,0.0,17.4,8.1,229.3,1019.4,25.0,3.6,163.1,7,0.0,12,354,2016,-2.4492935982947064e-16,1.0,-0.1882267098432439,0.9821256058680006,10.387777777777778,0,25.199999999999996,52.8,73.4,53.04285714285714
2016-12-20,64.3,42.7,53.5,46.5,79.0,0,0.0,13.6,8.1,181.2,1017.7,38.3,3.2,94.8,4,0.0,12,355,2016,-2.4492935982947064e-16,1.0,-0.1712931441814778,0.9852201067560606,10.386944444444444,0,21.599999999999994,52.6,75.7,53.07142857142857
2016-12-21,64.3,46.3,55.0,47.3,77.1,0,0.0,13.6,6.9,164.6,1018.5,69.5,3.2,113.8,6,0.0,12,356,2016,-2.4492935982947064e-16,1.0,-0.154308820664281,0.9880226656636976,10.386388888888888,0,18.0,53.5,79.0,53.41428571428571
2016-12-22,69.7,46.3,56.6,47.7,74.3,0,0.0,14.1,8.1,223.5,1019.8,48.0,2.9,157.1,6,0.0,12,357,2016,-2.4492935982947064e-16,1.0,-0.13727877211326517,0.9905324521322227,10.386388888888888,0,23.400000000000006,55.0,77.1,53.84285714285714
2016-12-23,73.5,48.1,57.0,48.4,75.3,100,8.33,15.2,5.8,196.7,1017.9,60.8,3.2,112.7,5,0.0,12,358,2016,-2.4492935982947064e-16,1.0,-0.12020804489935275,0.9927487224577402,10.3875,0,25.4,56.6,74.3,54.4
2016-12-24,67.9,46.3,55.4,46.5,75.0,0,0.0,12.3,9.2,246.0,1017.2,28.1,3.6,66.5,3,0.0,12,359,2016,-2.4492935982947064e-16,1.0,-0.10310169744743544,0.9946708199115211,10.38888888888889,0,21.60000000000001,57.0,75.3,54.699999999999996
2016-12-25,67.9,44.5,55.3,47.0,76.1,0,0.0,14.8,11.4,197.7,1018.2,30.2,3.7,124.4,5,0.0,12,360,2016,-2.4492935982947064e-16,1.0,-0.0859647987374467,0.9962981749346077,10.391111111111112,0,23.400000000000006,55.4,75.0,55.05714285714286
2016-12-26,64.3,44.5,53.1,44.1,73.8,0,0.0,16.1,10.3,283.3,1018.0,28.1,3.1,148.3,5,0.0,12,361,2016,-2.4492935982947064e-16,1.0,-0.06880242680232064,0.9976303053065857,10.394166666666667,0,19.799999999999997,55.3,76.1,55.12857142857143
2016-12-27,66.1,40.9,52.2,42.9,74.0,0,0.0,12.8,9.2,233.5,1020.2,27.1,2.6,171.7,6,0.0,12,362,2016,-2.4492935982947064e-16,1.0,-0.05161966722325418,0.9986668162884759,10.3975,0,25.199999999999996,53.1,73.8,54.94285714285714
2016-12-28,64.3,40.9,51.3,44.1,79.1,0,0.0,13.6,10.3,183.7,1019.4,30.2,2.8,170.7,7,0.0,12,363,2016,-2.4492935982947064e-16,1.0,-0.034421611622745804,0.9994074007397048,10.401666666666667,0,23.4,52.2,74.0,54.41428571428572
2016-12-29,64.3,40.9,51.0,43.9,79.4,0,0.0,13.0,5.8,147.2,1021.1,31.3,2.1,163.8,7,0.0,12,364,2016,-2.4492935982947064e-16,1.0,-0.01721335615583528,0.9998518392091162,10.40638888888889,0,23.4,51.3,79.1,53.614285714285714
2016-12-30,66.1,40.9,51.7,43.5,76.7,0,0.0,13.0,9.2,255.8,1021.9,25.0,2.6,148.6,6,0.0,12,365,2016,-2.4492935982947064e-16,1.0,6.432490598706546e-16,1.0,10.411666666666667,0,25.199999999999996,51.0,79.4,52.857142857142854
2016-12-31,66.1,40.9,51.9,44.4,78.6,0,0.0,15.7,8.1,115.0,1021.3,38.6,3.1,155.1,6,0.0,12,366,2016,-2.4492935982947064e-16,1.0,0.017213356155833904,0.9998518392091162,10.417777777777777,0,25.199999999999996,51.7,76.7,52.357142857142854
2017-01-01,55.3,42.7,47.8,43.2,84.4,100,8.33,16.6,6.9,126.2,1021.9,27.0,2.9,138.3,5,0.0,1,1,2017,0.49999999999999994,0.8660254037844387,0.017213356155834685,0.9998518392091162,10.424722222222222,0,12.599999999999994,51.9,78.6,51.285714285714285
2017-01-02,62.5,37.3,48.2,39.2,74.9,0,0.0,17.0,10.3,131.5,1022.7,25.0,2.9,146.7,6,0.0,1,2,2017,0.49999999999999994,0.8660254037844387,0.03442161162274574,0.9994074007397048,10.431944444444444,0,25.200000000000003,47.8,84.4,50.58571428571428
2017-01-03,62.5,39.1,49.1,40.7,75.2,100,4.17,15.0,8.1,121.1,1021.2,26.1,3.9,161.7,7,0.0,1,3,2017,0.49999999999999994,0.8660254037844387,0.051619667223253764,0.998666816288476,10.44,0,23.4,48.2,74.9,50.142857142857146
2017-01-04,66.1,37.3,48.8,39.3,72.9,0,0.0,15.0,9.2,212.3,1019.4,24.4,3.5,174.8,7,0.0,1,4,2017,0.49999999999999994,0.8660254037844387,0.06880242680231986,0.9976303053065857,10.448611111111111,0,28.799999999999997,49.1,75.2,49.785714285714285
2017-01-05,66.1,39.1,50.1,37.4,65.9,0,0.0,14.1,8.1,177.0,1017.4,24.8,3.9,157.6,6,0.0,1,5,2017,0.49999999999999994,0.8660254037844387,0.08596479873744647,0.9962981749346078,10.4575,0,26.999999999999993,48.8,72.9,49.65714285714285
2017-01-06,62.5,39.1,49.6,39.3,70.6,0,0.0,14.3,12.8,185.9,1017.5,31.5,3.8,107.6,4,0.0,1,6,2017,0.49999999999999994,0.8660254037844387,0.10310169744743485,0.9946708199115211,10.467222222222222,0,23.4,50.1,65.9,49.357142857142854
2017-01-07,62.5,37.3,49.2,37.6,68.3,0,0.0,15.0,8.1,190.5,1016.6,25.0,4.0,169.8,7,0.0,1,7,2017,0.49999999999999994,0.8660254037844387,0.1202080448993527,0.9927487224577402,10.477777777777778,0,25.200000000000003,49.6,70.6,48.971428571428575
2017-01-08,64.3,37.3,49.0,37.5,68.7,0,0.0,13.4,8.1,248.7,1017.0,25.0,3.8,142.1,6,0.0,1,8,2017,0.49999999999999994,0.8660254037844387,0.13727877211326478,0.9905324521322229,10.488611111111112,0,27.0,49.2,68.3,49.142857142857146
2017-01-09,62.5,37.3,48.6,37.2,68.8,0,0.0,18.8,10.3,286.1,1016.5,25.0,3.4,165.2,6,0.0,1,9,2017,0.49999999999999994,0.8660254037844387,0.15430882066428117,0.9880226656636976,10.500277777777777,0,25.200000000000003,49.0,68.7,49.2
2017-01-10,60.7,39.1,48.6,37.6,69.5,0,0.0,17.9,9.2,198.6,1015.7,25.6,3.5,170.7,7,0.0,1,10,2017,0.49999999999999994,0.8660254037844387,0.1712931441814776,0.9852201067560606,10.512222222222222,0,21.6,48.6,68.8,49.128571428571426
2017-01-11,58.9,37.3,46.9,37.4,72.4,0,0.0,17.7,13.9,203.2,1016.0,24.9,3.1,148.3,6,0.0,1,11,2017,0.49999999999999994,0.8660254037844387,0.1882267098432442,0.9821256058680006,10.525,0,21.6,48.6,69.5,48.857142857142854
2017-01-12,57.1,37.3,46.2,37.1,73.1,0,0.0,16.1,13.9,193.9,1016.1,25.0,2.5,144.0,5,0.0,1,12,2017,0.49999999999999994,0.8660254037844387,0.2051044998686192,0.9787400799669153,10.538055555555555,0,19.800000000000004,46.9,72.4,48.300000000000004
2017-01-13,58.9,35.5,45.3,35.5,71.7,0,0.0,15.4,13.9,182.4,1017.0,25.2,2.7,162.2,6,0.0,1,13,2017,0.49999999999999994,0.8660254037844387,0.22192151300416552,0.9750645322571948,10.551944444444445,0,23.4,46.2,73.1,47.68571428571429
2017-01-14,60.7,33.7,45.7,34.1,68.8,0,0.0,17.2,9.2,258.5,1019.2,27.5,2.7,191.4,7,0.0,1,14,2017,0.49999999999999994,0.8660254037844387,0.2386727660059501,0.9711000518829505,10.56611111111111,0,27.0,45.3,71.7,47.18571428571429
2017-01-15,62.5,33.7,46.7,34.3,67.2,0,0.0,15.9,9.2,266.0,1020.4,25.0,3.0,188.9,7,0.0,1,15,2017,0.49999999999999994,0.8660254037844387,0.255353295116187,0.9668478136052775,10.580833333333333,0,28.799999999999997,45.7,68.8,46.857142857142854
2017-01-16,67.9,35.5,48.4,35.5,65.5,0,0.0,19.9,6.9,226.5,1018.2,24.0,3.3,187.9,7,0.0,1,16,2017,0.49999999999999994,0.8660254037844387,0.2719581575341055,0.9623090774541486,10.596111111111112,0,32.400000000000006,46.7,67.2,46.82857142857143
2017-01-17,66.1,35.5,48.8,35.7,65.0,0,0.0,20.1,11.4,250.3,1019.0,25.0,3.2,188.1,7,0.0,1,17,2017,0.49999999999999994,0.8660254037844387,0.288482432880609,0.9574851883550393,10.611666666666666,0,30.599999999999994,48.4,65.5,46.857142857142854
2017-01-18,67.9,37.3,50.0,36.2,64.5,0,0.0,19.0,9.2,325.2,1022.8,25.0,3.5,191.5,7,0.0,1,18,2017,0.49999999999999994,0.8660254037844387,0.30492122465628907,0.9523775757303974,10.628055555555555,0,30.60000000000001,48.8,65.0,47.300000000000004
2017-01-19,71.3,37.3,50.9,33.8,59.1,0,0.0,21.7,12.8,322.8,1023.2,25.0,3.8,197.1,7,0.0,1,19,2017,0.49999999999999994,0.8660254037844387,0.3212696616923644,0.9469877530760753,10.644722222222223,0,34.0,50.0,64.5,47.971428571428575
2017-01-20,71.5,35.5,51.0,30.6,53.8,0,0.0,18.3,10.3,46.3,1022.0,25.0,3.4,200.7,7,0.0,1,20,2017,0.49999999999999994,0.8660254037844387,0.3375228995941133,0.9413173175128471,10.661944444444444,0,36.0,50.9,59.1,48.785714285714285
2017-01-21,72.8,37.3,51.5,39.0,65.6,0,0.0,16.8,6.9,156.7,1022.4,25.0,3.5,188.1,7,0.0,1,21,2017,0.49999999999999994,0.8660254037844387,0.3536761221763716,0.9353679493131483,10.679444444444444,0,35.5,51.0,53.8,49.614285714285714
2017-01-22,67.9,39.1,52.2,39.7,65.9,0,0.0,15.0,9.2,203.3,1023.0,27.9,3.1,186.4,7,0.0,1,22,2017,0.49999999999999994,0.8660254037844387,0.3697245428906731,0.9291414114031743,10.6975,0,28.800000000000004,51.5,65.6,50.4
2017-01-23,69.7,39.1,52.3,41.4,70.5,0,0.0,17.7,9.2,157.3,1021.3,24.3,2.9,190.0,7,0.0,1,23,2017,0.49999999999999994,0.8660254037844387,0.38566340624360707,0.9226395488404876,10.716111111111111,0,30.6,52.2,65.9,50.957142857142856
2017-01-24,67.9,40.9,53.1,42.9,71.6,0,0.0,15.0,8.1,141.3,1023.1,25.0,2.7,184.2,7,0.0,1,24,2017,0.49999999999999994,0.8660254037844387,0.401487989205973,0.9158642882672872,10.735,0,27.000000000000007,52.3,70.5,51.57142857142857
2017-01-25,73.3,42.7,55.2,42.1,66.4,0,0.0,13.6,8.1,231.8,1025.0,25.0,3.0,181.1,7,0.0,1,25,2017,0.49999999999999994,0.8660254037844387,0.4171936026123168,0.9088176373395029,10.754166666666666,0,30.599999999999994,53.1,71.6,52.31428571428571
2017-01-26,75.1,42.7,56.9,43.1,65.3,0,0.0,14.1,10.3,209.9,1023.4,24.4,3.2,183.3,7,0.0,1,26,2017,0.49999999999999994,0.8660254037844387,0.4327755925504312,0.901501684131884,10.773888888888889,0,32.39999999999999,55.2,66.4,53.17142857142857
2017-01-27,55.3,48.1,51.7,47.0,84.3,100,4.17,17.9,11.4,102.3,1021.4,28.1,2.9,67.8,3,5.1,1,27,2017,0.49999999999999994,0.8660254037844387,0.4482293417404106,0.893918596519257,10.793611111111112,1,7.199999999999996,56.9,65.3,53.271428571428565
2017-01-28,64.3,42.7,51.5,39.9,68.5,100,4.17,15.9,8.1,242.1,1019.1,25.0,4.2,193.8,7,6.6,1,28,2017,0.49999999999999994,0.8660254037844387,0.4635502709028509,0.886070621534138,10.814166666666667,1,21.599999999999994,51.7,84.3,53.271428571428565
2017-01-29,64.3,39.1,50.6,41.9,74.8,0,0.0,15.2,12.8,186.4,1018.8,27.1,3.8,175.1,7,0.0,1,29,2017,0.49999999999999994,0.8660254037844387,0.47873384011578846,0.8779600847008882,10.835,0,25.199999999999996,51.5,68.5,53.042857142857144
2017-01-30,66.1,40.9,52.2,44.6,78.2,0,0.0,17.0,6.9,199.7,1017.9,25.0,3.3,169.2,7,0.1016,1,30,2017,0.49999999999999994,0.8660254037844387,0.4937755501599772,0.869589389346611,10.856111111111112,1,25.199999999999996,50.6,74.8,53.028571428571425
2017-01-31,66.1,46.3,54.6,45.5,73.8,0,0.0,17.9,12.8,195.8,1017.5,25.0,2.8,158.5,6,0.0,1,31,2017,0.49999999999999994,0.8660254037844387,0.5086709438521044,0.8609610158889943,10.8775,0,19.799999999999997,52.2,78.2,53.24285714285715
2017-02-01,66.1,46.3,54.6,46.4,76.1,0,0.0,16.1,10.3,212.7,1018.8,30.5,3.1,165.8,7,0.0,2,32,2017,0.8660254037844386,0.5000000000000001,0.5234156073655503,0.8520775211013093,10.899166666666666,0,19.799999999999997,54.6,73.8,53.15714285714286
2017-02-02,64.5,44.5,53.8,46.3,77.7,0,0.0,16.1,11.4,226.6,1021.3,25.0,2.4,159.9,7,0.0,2,33,2017,0.8660254037844386,0.5000000000000001,0.5380051715382996,0.8429415373547828,10.921388888888888,0,20.0,54.6,76.1,52.714285714285715
2017-02-03,67.9,44.5,55.0,45.9,74.4,0,0.0,13.4,8.1,170.0,1021.4,24.6,2.6,198.9,7,0.0,2,34,2017,0.8660254037844386,0.5000000000000001,0.5524353131676196,0.8335557718385699,10.94361111111111,0,23.400000000000006,53.8,77.7,53.18571428571429
2017-02-04,73.3,44.5,57.3,46.3,71.3,0,0.0,15.2,6.9,170.8,1019.5,25.0,2.7,194.1,7,0.0,2,35,2017,0.8660254037844386,0.5000000000000001,0.5667017562911176,0.8239230057575542,10.966111111111111,0,28.799999999999997,55.0,74.4,54.01428571428572
2017-02-05,73.3,46.3,58.5,46.8,68.4,0,0.0,15.9,9.2,252.4,1020.0,25.0,2.9,202.0,8,0.0,2,36,2017,0.8660254037844386,0.5000000000000001,0.5808002734538009,0.8140460935082178,10.989166666666666,0,27.0,57.3,71.3,55.142857142857146
2017-02-06,69.7,46.3,57.4,44.7,66.1,0,0.0,21.5,12.8,289.7,1017.2,27.5,3.6,181.4,8,0.0,2,37,2017,0.8660254037844386,0.5000000000000001,0.5947266869607634,0.8039279618328213,11.0125,0,23.400000000000006,58.5,68.4,55.885714285714286
2017-02-07,73.3,44.5,56.8,43.3,65.6,0,0.0,17.9,10.3,239.4,1015.8,24.2,3.2,217.9,8,0.0,2,38,2017,0.8660254037844386,0.5000000000000001,0.6084768701151261,0.7935716089521474,11.035833333333333,0,28.799999999999997,57.4,66.1,56.199999999999996
2017-02-08,73.3,44.5,57.4,46.0,70.3,0,0.0,18.3,8.1,254.0,1017.9,24.1,3.3,211.3,8,0.0,2,39,2017,0.8660254037844386,0.5000000000000001,0.6220467484408675,0.7829801036770629,11.059444444444445,0,28.799999999999997,56.8,65.6,56.59999999999999
2017-02-09,73.3,42.7,56.9,42.3,65.5,0,0.0,17.7,11.4,251.9,1017.0,25.0,3.3,198.2,7,0.0,2,40,2017,0.8660254037844386,0.5000000000000001,0.6354323008901774,0.7721565844991642,11.083333333333334,0,30.599999999999994,57.4,70.3,57.042857142857144
2017-02-10,77.1,42.7,54.9,40.2,63.5,0,0.0,18.1,10.3,187.0,1016.5,24.0,3.6,208.9,7,0.0,2,41,2017,0.8660254037844386,0.5000000000000001,0.6486295610349814,0.7611042586607747,11.1075,0,34.39999999999999,56.9,65.5,57.028571428571425
2017-02-11,69.7,40.9,54.9,40.3,63.1,0,0.0,17.2,8.1,200.3,1019.4,25.0,3.6,227.2,8,0.0,2,42,2017,0.8660254037844386,0.5000000000000001,0.6616346182422783,0.7498264012045686,11.131944444444445,0,28.800000000000004,54.9,63.5,56.68571428571429
2017-02-12,69.7,44.5,55.2,40.8,63.1,0,0.0,18.6,10.3,231.5,1023.0,25.0,3.4,213.9,8,0.0,2,43,2017,0.8660254037844386,0.5000000000000001,0.6744436188329455,0.7383263540031065,11.15638888888889,0,25.200000000000003,54.9,63.1,56.214285714285715
2017-02-13,81.2,40.9,54.5,40.1,62.1,100,4.17,20.4,8.1,238.6,1023.5,24.0,3.5,207.4,8,0.0,2,44,2017,0.8660254037844386,0.5000000000000001,0.6870527672236669,0.7266075247685656,11.18138888888889,0,40.300000000000004,55.2,63.1,55.800000000000004
2017-02-14,69.7,40.9,54.4,41.9,65.9,0,0.0,18.8,10.3,194.0,1024.4,24.1,3.1,219.2,8,0.0,2,45,2017,0.8660254037844386,0.5000000000000001,0.6994583270516471,0.7146733860429609,11.206388888888888,0,28.800000000000004,54.5,62.1,55.457142857142856
2017-02-15,67.9,44.5,55.8,45.7,71.9,0,0.0,15.4,6.9,190.3,1024.5,25.7,2.7,211.2,8,0.0,2,46,2017,0.8660254037844386,0.5000000000000001,0.7116566222817746,0.702527474169157,11.231666666666667,0,23.400000000000006,54.4,65.9,55.22857142857142
2017-02-16,71.5,44.5,56.6,45.7,70.8,0,0.0,16.6,11.4,202.8,1022.0,25.0,2.6,209.1,8,0.0,2,47,2017,0.8660254037844386,0.5000000000000001,0.7236440382959124,0.6901733882429719,11.256944444444445,0,27.0,55.8,71.9,55.18571428571429
2017-02-17,71.5,48.1,58.8,47.4,68.8,0,0.0,17.4,9.2,261.6,1022.0,25.0,2.6,209.5,7,0.0,2,48,2017,0.8660254037844386,0.5000000000000001,0.7354170229639855,0.6776147890466889,11.2825,0,23.4,56.6,70.8,55.74285714285714
2017-02-18,73.3,48.1,60.4,48.9,69.1,0,0.0,17.0,10.3,214.1,1021.9,25.0,2.7,202.4,8,0.0,2,49,2017,0.8660254037844386,0.5000000000000001,0.7469720876965552,0.6648553979642865,11.308055555555555,0,25.199999999999996,58.8,68.8,56.528571428571425
2017-02-19,71.5,49.9,60.2,50.1,71.7,0,0.0,20.1,9.2,271.8,1019.0,24.9,2.4,180.4,7,0.0,2,50,2017,0.8660254037844386,0.5000000000000001,0.7583058084785625,0.6518989958787126,11.33388888888889,0,21.6,60.4,69.1,57.24285714285714
2017-02-20,75.1,48.1,60.3,49.4,70.6,0,0.0,25.1,10.3,203.8,1013.0,25.0,2.4,165.2,6,0.0,2,51,2017,0.8660254037844386,0.5000000000000001,0.7694148268839378,0.6387494220515272,11.36,0,26.999999999999993,60.2,71.7,58.07142857142857
2017-02-21,75.1,48.1,60.9,43.4,59.3,100,4.17,21.5,10.3,321.4,1013.2,25.0,3.4,217.6,8,0.0,2,52,2017,0.8660254037844386,0.5000000000000001,0.7802958510707755,0.6254105729852463,11.386111111111111,0,26.999999999999993,60.3,70.6,59.0
2017-02-22,73.3,48.1,59.4,44.1,60.0,0,0.0,19.0,13.9,218.3,1014.0,24.6,3.1,201.4,8,0.0,2,53,2017,0.8660254037844386,0.5000000000000001,0.7909456567567772,0.6118864012687243,11.412222222222223,0,25.199999999999996,60.9,59.3,59.51428571428572
2017-02-23,73.3,44.5,57.9,43.2,63.2,0,0.0,20.4,12.8,234.6,1014.6,24.1,3.5,233.3,9,0.0,2,54,2017,0.8660254037844386,0.5000000000000001,0.8013610881746766,0.5981809144059164,11.438611111111111,0,28.799999999999997,59.4,60.0,59.699999999999996
2017-02-24,73.3,44.5,56.1,43.3,66.3,0,0.0,22.6,17.2,214.4,1016.1,24.6,3.2,235.5,8,0.0,2,55,2017,0.8660254037844386,0.5000000000000001,0.8115390590073611,0.5842981736283683,11.465,0,28.799999999999997,57.9,63.2,59.314285714285724
2017-02-25,67.9,44.5,55.2,44.9,70.6,0,0.0,18.3,13.4,202.8,1016.8,25.0,2.9,183.0,8,0.0,2,56,2017,0.8660254037844386,0.5000000000000001,0.8214765533024142,0.5702422926917871,11.491666666666667,0,23.400000000000006,56.1,66.3,58.57142857142857
2017-02-26,67.9,48.1,57.1,46.5,69.7,0,0.0,21.7,15.0,239.7,1014.4,27.7,3.0,187.5,7,0.0,2,57,2017,0.8660254037844386,0.5000000000000001,0.8311706263658079,0.5560174366570446,11.518333333333333,0,19.800000000000004,55.2,70.6,58.128571428571426
2017-02-27,69.7,46.3,57.0,45.8,69.4,0,0.0,20.4,13.9,208.8,1017.8,25.0,3.0,193.4,7,0.0,2,58,2017,0.8660254037844386,0.5000000000000001,0.8406184056344782,0.5416278206559814,11.545277777777779,0,23.400000000000006,57.1,69.7,57.65714285714285
2017-02-28,69.7,46.3,57.2,47.3,71.9,0,0.0,19.7,12.8,206.4,1018.5,24.9,2.7,216.8,8,0.0,2,59,2017,0.8660254037844386,0.5000000000000001,0.8498170915275278,0.5270777086423722,11.571944444444444,0,23.400000000000006,57.0,69.4,57.12857142857143
2017-03-01,73.3,49.9,60.8,48.0,65.9,0,0.0,23.7,10.3,268.6,1017.6,24.2,3.1,226.5,8,0.0,3,60,2017,1.0,6.123233995736766e-17,0.8587639582758029,0.5123714121284237,11.598888888888888,0,23.4,57.2,71.9,57.32857142857142
2017-03-02,75.1,48.1,59.8,43.8,61.6,0,0.0,32.0,15.0,317.1,1016.8,25.0,3.5,231.6,8,1.5,3,61,2017,1.0,6.123233995736766e-17,0.8674563547295968,0.49751328890718066,11.626111111111111,1,26.999999999999993,60.8,65.9,57.6
2017-03-03,75.1,46.3,59.7,38.7,52.8,100,4.17,21.5,11.4,285.3,1014.3,25.0,4.2,230.9,8,1.5,3,62,2017,1.0,6.123233995736766e-17,0.8758917051442429,0.48250774176121847,11.653055555555556,1,28.799999999999997,59.8,61.6,58.114285714285714
2017-03-04,75.1,46.3,60.0,37.5,48.9,0,0.0,23.0,17.9,275.3,1013.8,25.0,4.4,245.5,9,0.0,3,63,2017,1.0,6.123233995736766e-17,0.8840675099433636,0.46735921715800227,11.680277777777778,0,28.799999999999997,59.7,52.8,58.8
2017-03-05,73.3,44.5,58.9,36.0,47.1,0,0.0,21.5,16.1,204.3,1013.0,25.0,4.4,248.7,8,0.0,3,64,2017,1.0,6.123233995736766e-17,0.8919813464595485,0.45207220393230435,11.707777777777778,0,28.799999999999997,60.0,48.9,59.057142857142864
2017-03-06,73.3,42.7,57.4,36.9,49.9,0,0.0,24.2,13.9,207.4,1012.8,25.2,4.2,253.4,9,0.0,3,65,2017,1.0,6.123233995736766e-17,0.8996308696522433,0.43665123195606403,11.735,0,30.599999999999994,58.9,47.1,59.114285714285714
2017-03-07,71.5,44.5,57.5,39.4,55.0,0,0.0,20.4,13.9,210.1,1014.1,24.6,3.6,252.0,9,0.0,3,66,2017,1.0,6.123233995736766e-17,0.9070138128026359,0.4211008707960896,11.762222222222222,0,27.0,57.4,49.9,59.15714285714285
2017-03-08,71.5,46.3,58.4,39.2,52.8,0,0.0,20.8,16.1,202.5,1014.5,27.5,3.7,246.8,9,0.0,3,67,2017,1.0,6.123233995736766e-17,0.9141279881853337,0.40542572835999735,11.789722222222222,0,25.200000000000003,57.5,55.0,58.814285714285724
2017-03-09,71.5,48.1,58.5,42.6,58.5,0,0.0,18.1,15.0,218.5,1013.1,25.0,3.7,205.2,8,0.0,3,68,2017,1.0,6.123233995736766e-17,0.9209712877166346,0.38963044953078796,11.817222222222222,0,23.4,58.4,52.8,58.628571428571426
2017-03-10,67.9,48.1,54.5,45.7,73.8,100,4.17,17.7,15.0,104.3,1013.0,28.4,3.5,132.7,7,4.1,3,69,2017,1.0,6.123233995736766e-17,0.9275416835791966,0.37371971479046906,11.844444444444445,1,19.800000000000004,58.5,58.5,57.88571428571429
2017-03-11,58.9,47.7,51.6,45.9,81.0,100,8.33,17.0,9.2,89.7,1012.5,41.4,4.8,82.4,4,32.3,3,70,2017,1.0,6.123233995736766e-17,0.9338372288229252,0.35769823883312546,11.872222222222222,1,11.199999999999996,54.5,73.8,56.68571428571429
2017-03-12,62.5,42.7,52.5,39.9,66.0,100,4.17,17.7,11.4,254.5,1014.2,25.0,4.9,221.0,8,6.1,3,71,2017,1.0,6.123233995736766e-17,0.9398560579418954,0.3415707691678556,11.899722222222222,1,19.799999999999997,51.6,81.0,55.771428571428565
2017-03-13,66.1,42.7,53.7,42.0,67.6,0,0.0,18.8,13.9,197.7,1016.2,24.0,4.7,276.6,9,0.0,3,72,2017,1.0,6.123233995736766e-17,0.9455963874271426,0.3253420847119801,11.927222222222222,0,23.39999999999999,52.5,66.0,55.24285714285714
2017-03-14,67.9,46.3,56.5,44.1,66.3,0,0.0,18.3,13.9,208.7,1018.3,25.0,3.8,249.5,9,0.0,3,73,2017,1.0,6.123233995736766e-17,0.9510565162951535,0.30901699437494745,11.955,0,21.60000000000001,53.7,67.6,55.1
2017-03-15,69.7,44.5,56.4,43.6,65.4,100,4.17,20.4,12.8,218.8,1017.4,31.6,4.3,253.9,9,3.9878,3,74,2017,1.0,6.123233995736766e-17,0.9562348265919056,0.29260033563334836,11.982777777777779,1,25.200000000000003,56.5,66.3,54.81428571428571
2017-03-16,69.7,46.3,57.9,44.4,63.4,0,0.0,20.6,16.1,215.3,1015.9,25.5,3.7,241.1,9,0.0,3,75,2017,1.0,6.123233995736766e-17,0.9611297838723007,0.27609697309746883,12.010277777777778,0,23.400000000000006,56.4,65.4,54.728571428571435
2017-03-17,69.7,48.1,58.6,41.4,58.0,100,4.17,31.1,17.2,337.0,1014.4,25.0,3.9,206.2,7,0.0,3,76,2017,1.0,6.123233995736766e-17,0.9657399376548549,0.2595117970697999,12.038055555555555,0,21.6,57.9,63.4,55.314285714285724
2017-03-18,67.9,44.5,54.2,43.0,68.4,100,8.33,17.7,11.4,161.7,1015.3,25.0,4.0,223.8,9,6.9,3,77,2017,1.0,6.123233995736766e-17,0.970063921851507,0.2428497220959356,12.065555555555555,1,23.400000000000006,58.6,58.0,55.68571428571429
2017-03-19,66.1,44.5,55.6,45.5,71.0,0,0.0,17.7,15.0,214.3,1017.0,27.7,3.3,186.3,7,0.0,3,78,2017,1.0,6.123233995736766e-17,0.9741004551724205,0.22611568550828828,12.093333333333334,0,21.599999999999994,54.2,68.4,56.12857142857143
2017-03-20,64.3,48.1,55.4,46.9,74.9,100,4.17,20.6,12.8,139.1,1016.8,25.0,3.3,213.7,8,0.5,3,79,2017,1.0,6.123233995736766e-17,0.9778483415056568,0.20931464596304847,12.12111111111111,1,16.199999999999996,55.6,71.0,56.371428571428574
2017-03-21,69.7,44.5,57.0,48.3,75.1,0,0.0,20.4,12.8,219.0,1017.8,25.0,3.0,242.9,9,0.0,3,80,2017,1.0,6.123233995736766e-17,0.9813064702716093,0.19245158197082998,12.14861111111111,0,25.200000000000003,55.4,74.9,56.44285714285714
2017-03-22,71.5,49.9,60.4,51.7,74.7,0,0.0,17.7,13.9,213.1,1017.0,25.8,3.3,201.5,7,0.0,3,81,2017,1.0,6.123233995736766e-17,0.9844738167520922,0.1755314904214282,12.176388888888889,0,21.6,57.0,75.1,57.01428571428571
2017-03-23,75.1,57.1,64.8,53.8,69.0,0,0.0,19.0,13.9,226.7,1017.0,25.0,3.4,186.2,7,0.0,3,82,2017,1.0,6.123233995736766e-17,0.9873494423939864,0.15855938510313478,12.203888888888889,0,17.999999999999993,60.4,74.7,58.0
2017-03-24,86.1,53.5,65.1,55.5,73.4,100,8.33,17.9,15.0,219.2,1016.2,27.8,3.1,164.2,8,0.0,3,83,2017,1.0,6.123233995736766e-17,0.989932495087353,0.141540295217043,12.231388888888889,0,32.599999999999994,64.8,69.0,58.92857142857143
2017-03-25,76.9,51.7,65.0,54.8,72.0,100,4.17,21.3,8.1,263.2,1017.0,25.0,3.7,234.9,8,15.5,3,84,2017,1.0,6.123233995736766e-17,0.9922222094179323,0.12447926388678915,12.259166666666667,1,25.200000000000003,65.1,73.4,60.47142857142857
2017-03-26,75.1,57.3,66.9,58.4,75.1,100,4.17,19.5,15.0,210.3,1017.3,28.5,3.1,220.6,7,0.0,3,85,2017,1.0,6.123233995736766e-17,0.994217906893952,0.10738134666416309,12.286666666666667,0,17.799999999999997,65.0,72.0,62.08571428571428
2017-03-27,76.9,59.3,67.8,59.0,74.7,0,0.0,15.7,11.4,216.9,1017.3,25.4,3.2,171.2,6,0.0,3,86,2017,1.0,6.123233995736766e-17,0.995918996147179,0.09025161003104117,12.314166666666667,0,17.60000000000001,66.9,75.1,63.857142857142854
2017-03-28,71.5,64.3,67.6,60.8,79.3,0,0.0,15.4,8.1,204.0,1017.4,25.0,2.6,180.1,5,0.0,3,87,2017,1.0,6.123233995736766e-17,0.9973249731081555,0.07309512989807777,12.341666666666667,0,7.200000000000003,67.8,74.7,65.37142857142857
2017-03-29,67.9,62.5,65.1,62.4,91.4,100,8.33,11.9,7.14,148.9,1015.2,25.0,2.1,91.7,3,4.3,3,88,2017,1.0,6.123233995736766e-17,0.9984354211555643,0.055916990100603484,12.369166666666667,1,5.400000000000006,67.6,79.3,66.04285714285714
2017-03-30,75.1,64.3,68.5,63.7,85.8,100,4.17,17.2,8.1,268.4,1014.0,25.0,2.6,140.1,6,5.6,3,89,2017,1.0,6.123233995736766e-17,0.9992500112396835,0.03872228089217446,12.396666666666667,1,10.799999999999997,65.1,91.4,66.57142857142857
2017-03-31,78.7,64.3,70.5,62.8,77.7,0,0.0,14.3,13.9,223.8,1016.5,25.0,3.5,135.2,6,0.0,3,90,2017,1.0,6.123233995736766e-17,0.9997685019798909,0.021516097436222254,12.42388888888889,0,14.400000000000006,68.5,85.8,67.34285714285714
2017-04-01,76.9,58.9,68.0,60.2,77.2,0,0.0,21.7,15.0,216.6,1014.5,25.0,3.7,198.9,8,0.0,4,91,2017,0.8660254037844387,-0.49999999999999983,0.9999907397361901,0.004303538296244289,12.45111111111111,0,18.000000000000007,70.5,77.7,67.77142857142857
2017-04-02,80.5,53.7,67.1,52.9,64.6,100,4.17,23.3,12.8,329.9,1012.5,29.6,4.4,240.5,9,6.4,4,92,2017,0.8660254037844387,-0.49999999999999983,0.9999166586547379,-0.01291029607500882,12.47861111111111,1,26.799999999999997,68.0,77.2,67.8
2017-04-03,80.5,55.3,66.4,52.2,62.4,0,0.0,18.1,12.8,49.2,1013.8,25.0,4.1,236.9,8,6.6,4,93,2017,0.8660254037844387,-0.49999999999999983,0.9995462806873573,-0.030120304846908114,12.505555555555556,1,25.200000000000003,67.1,64.6,67.6
2017-04-04,80.5,55.3,67.8,55.8,69.0,100,4.17,22.6,10.3,261.3,1014.5,25.0,3.9,271.5,10,0.0,4,94,2017,0.8660254037844387,-0.49999999999999983,0.9988797155850336,-0.04732138832243185,12.532777777777778,0,25.200000000000003,66.4,62.4,67.62857142857142
2017-04-05,78.7,60.7,68.8,59.2,73.5,100,4.17,21.7,9.2,271.7,1014.7,26.1,4.0,241.0,9,0.0,4,95,2017,0.8660254037844387,-0.49999999999999983,0.9979171608653922,-0.06450844944931623,12.559722222222222,0,18.0,67.8,69.0,68.15714285714286
2017-04-06,82.3,58.9,70.4,56.6,65.9,0,0.0,23.9,13.9,291.5,1015.4,24.5,4.3,247.2,9,0.0,4,96,2017,0.8660254037844387,-0.49999999999999983,0.9966589017541702,-0.08167639533042241,12.586666666666666,0,23.4,68.8,73.5,68.42857142857143
2017-04-07,85.9,57.1,71.2,50.7,54.5,0,0.0,25.9,13.9,319.8,1016.0,25.0,4.1,283.6,9,0.0,4,97,2017,0.8660254037844387,-0.49999999999999983,0.9951053111006976,-0.09882013873287143,12.613611111111112,0,28.800000000000004,70.4,65.9,68.52857142857142
2017-04-08,82.3,55.3,68.3,48.6,54.7,100,4.17,24.4,10.3,313.8,1017.0,25.0,4.6,285.7,10,5.1,4,98,2017,0.8660254037844387,-0.49999999999999983,0.9932568492674143,-0.11593459959550041,12.640555555555556,1,27.0,71.2,54.5,68.57142857142857
2017-04-09,84.1,53.5,68.4,41.2,44.6,0,0.0,23.3,10.3,300.8,1015.0,24.0,4.8,321.3,10,0.0,4,99,2017,0.8660254037844387,-0.49999999999999983,0.9911140639934547,-0.1330147065341959,12.667222222222222,0,30.599999999999994,68.3,54.7,68.75714285714285
2017-04-10,84.1,51.7,66.3,39.6,42.8,0,0.0,20.8,15.0,193.3,1012.5,24.0,3.9,303.4,10,0.0,4,100,2017,0.8660254037844387,-0.49999999999999983,0.9886775902323405,-0.1500553983446526,12.693888888888889,0,32.39999999999999,68.4,44.6,68.74285714285715
2017-04-11,80.5,50.4,65.0,41.5,46.3,0,0.0,19.2,15.0,201.9,1013.0,24.0,2.8,316.8,10,0.0,4,101,2017,0.8660254037844387,-0.49999999999999983,0.9859481499638304,-0.16705162550211924,12.720277777777778,0,30.1,66.3,42.8,68.34285714285714
2017-04-12,78.7,53.5,65.5,43.2,47.5,0,0.0,17.7,11.4,189.1,1016.1,24.6,2.6,308.9,10,0.0,4,102,2017,0.8660254037844387,-0.49999999999999983,0.9829265519799822,-0.18399835165768005,12.746666666666666,0,25.200000000000003,65.0,46.3,67.87142857142858
2017-04-13,78.7,53.5,66.6,47.0,52.3,0,0.0,19.5,9.2,223.7,1017.3,25.0,2.5,279.9,10,0.0,4,103,2017,0.8660254037844387,-0.49999999999999983,0.9796136916454901,-0.20089055513063506,12.773055555555555,0,25.200000000000003,65.5,47.5,67.32857142857142
2017-04-14,80.5,55.3,68.4,51.4,57.2,100,4.17,15.9,13.9,240.7,1016.3,26.5,2.7,252.1,9,0.0,4,104,2017,0.8660254037844387,-0.49999999999999983,0.9760105506323683,-0.21772323039653177,12.799166666666666,0,25.200000000000003,66.6,52.3,66.92857142857143
2017-04-15,73.3,57.1,63.6,52.6,69.7,100,4.17,18.3,16.1,106.0,1013.8,26.5,3.9,214.4,8,2.8,4,105,2017,0.8660254037844387,-0.49999999999999983,0.9721181966290613,-0.23449138957040985,12.825555555555555,1,16.199999999999996,68.4,57.2,66.25714285714285
2017-04-16,80.5,57.1,68.5,55.2,65.1,100,4.17,18.6,9.2,277.6,1014.0,25.0,4.0,264.4,9,0.0,4,106,2017,0.8660254037844387,-0.49999999999999983,0.9679377830240642,-0.25119006388481935,12.85138888888889,0,23.4,63.6,69.7,66.27142857142857
2017-04-17,80.5,57.1,69.3,57.6,68.6,0,0.0,17.7,9.2,233.5,1015.5,25.0,3.6,261.4,8,0.0,4,107,2017,0.8660254037844387,-0.49999999999999983,0.9634705485641488,-0.2678143051621742,12.877222222222223,0,23.4,68.5,65.1,66.7
2017-04-18,80.5,60.7,71.3,59.1,67.6,0,0.0,16.6,9.2,200.3,1015.0,25.0,3.2,149.5,6,0.0,4,108,2017,0.8660254037844387,-0.49999999999999983,0.9587178169872964,-0.2843591872810034,12.902777777777779,0,19.799999999999997,69.3,68.6,67.6
2017-04-19,75.1,60.7,66.9,59.9,78.5,100,4.17,16.6,10.3,169.5,1013.4,25.0,3.2,132.7,6,0.8,4,109,2017,0.8660254037844387,-0.49999999999999983,0.9536809966304457,-0.30081980763566735,12.928333333333333,1,14.399999999999991,71.3,67.6,67.8
2017-04-20,71.5,58.9,65.1,60.2,84.6,100,4.17,17.0,9.2,108.9,1012.3,31.1,3.2,105.7,5,1.8,4,110,2017,0.8660254037844387,-0.49999999999999983,0.9483615800121715,-0.3171912885891061,12.953611111111112,1,12.600000000000001,66.9,78.5,67.58571428571427
2017-04-21,78.7,62.1,69.1,62.8,82.0,100,8.33,16.6,8.1,176.2,1012.0,30.6,3.2,199.3,8,10.9,4,111,2017,0.8660254037844387,-0.49999999999999983,0.9427611433904207,-0.3334687789181868,12.97888888888889,1,16.6,65.1,84.6,67.68571428571428
2017-04-22,71.5,66.1,68.6,64.9,87.9,100,4.17,30.0,9.2,228.4,1011.7,27.9,2.9,163.8,5,12.7,4,112,2017,0.8660254037844387,-0.49999999999999983,0.9368813462954315,-0.3496474552512284,13.004166666666666,1,5.400000000000006,69.1,82.0,68.39999999999999
2017-04-23,86.1,60.7,66.1,60.7,83.7,100,4.17,21.9,5.8,79.8,1012.4,28.6,4.2,179.6,7,12.2,4,113,2017,0.8660254037844387,-0.49999999999999983,0.9307239310379795,-0.36572252349726897,13.028888888888888,1,25.39999999999999,68.6,87.9,68.05714285714285
2017-04-24,80.5,57.1,69.2,58.4,71.6,100,4.17,21.0,9.2,293.6,1011.4,25.0,4.4,198.7,8,0.3,4,114,2017,0.8660254037844387,-0.49999999999999983,0.9242907221930934,-0.3816892202666588,13.053888888888888,1,23.4,66.1,83.7,68.04285714285714
2017-04-25,84.1,60.7,72.3,54.3,58.1,0,0.0,26.2,13.9,307.8,1011.3,25.0,4.5,284.9,9,0.0,4,115,2017,0.8660254037844387,-0.49999999999999983,0.9175836260593937,-0.39754281428255595,13.078055555555556,0,23.39999999999999,69.2,71.6,68.18571428571428
2017-04-26,84.1,57.1,71.1,47.4,47.8,0,0.0,22.8,11.4,285.1,1013.1,25.2,4.4,292.7,9,0.0,4,116,2017,0.8660254037844387,-0.49999999999999983,0.9106046300942163,-0.4132786077829042,13.1025,0,26.999999999999993,72.3,58.1,68.78571428571429
2017-04-27,82.5,57.3,71.1,46.4,45.8,0,0.0,22.8,11.4,257.0,1014.8,34.9,4.3,300.6,10,0.0,4,117,2017,0.8660254037844387,-0.49999999999999983,0.9033558023246845,-0.4288919379124835,13.126666666666667,0,25.200000000000003,71.1,47.8,69.64285714285714
2017-04-28,82.3,57.1,70.5,48.9,49.8,0,0.0,19.2,12.8,180.6,1014.4,25.0,3.7,303.1,10,0.0,4,118,2017,0.8660254037844387,-0.49999999999999983,0.895839290734909,-0.4443781781046132,13.150555555555556,0,25.199999999999996,71.1,45.8,69.84285714285714
2017-04-29,84.1,58.9,67.0,52.5,63.7,100,4.17,23.0,16.1,23.7,1016.8,25.0,3.8,279.9,9,0.0,4,119,2017,0.8660254037844387,-0.49999999999999983,0.8880573226294932,-0.45973273945210397,13.174166666666666,0,25.199999999999996,70.5,49.8,69.61428571428571
2017-04-30,80.5,53.5,67.5,53.4,64.9,100,4.17,20.6,11.4,322.1,1016.3,26.4,4.4,289.6,10,0.0,4,120,2017,0.8660254037844387,-0.49999999999999983,0.8800122039735357,-0.47495107206704995,13.1975,0,27.0,67.0,63.7,69.8142857142857
2017-05-01,67.9,55.3,61.1,54.1,78.9,100,4.17,21.9,13.9,86.9,1017.7,30.4,4.4,276.9,9,14.5,5,121,2017,0.49999999999999994,-0.8660254037844387,0.8717063187093218,-0.49002866642905923,13.221111111111112,1,12.600000000000009,67.5,64.9,68.65714285714286
2017-05-02,76.9,51.7,65.5,53.0,67.2,0,0.0,23.0,11.4,264.0,1017.8,24.9,4.7,288.6,10,0.0,5,122,2017,0.49999999999999994,-0.8660254037844387,0.8631421280499114,-0.5049610547215204,13.24388888888889,0,25.200000000000003,61.1,78.9,67.68571428571428
2017-05-03,78.7,57.1,68.5,56.8,68.1,0,0.0,20.4,11.4,215.3,1017.4,23.1,4.1,239.4,9,0.0,5,123,2017,0.49999999999999994,-0.8660254037844387,0.854322169749827,-0.5197438121555155,13.266666666666667,0,21.6,65.5,67.2,67.31428571428572
2017-05-04,82.3,58.9,67.1,56.0,71.1,100,8.33,23.5,13.9,17.1,1017.1,24.2,4.0,277.2,9,2.5,5,124,2017,0.49999999999999994,-0.8660254037844387,0.8452490573530633,-0.5343725582809787,13.289166666666667,1,23.4,68.5,68.1,66.74285714285715
2017-05-05,80.5,53.5,68.1,55.8,68.2,100,4.17,21.7,9.2,272.4,1015.9,25.0,4.8,294.1,10,10.7,5,125,2017,0.49999999999999994,-0.8660254037844387,0.835925479418637,-0.548842958284719,13.311388888888889,1,27.0,67.1,71.1,66.4
2017-05-06,91.1,60.7,69.6,60.1,73.3,100,4.17,21.7,19.7,231.6,1016.8,24.0,3.5,256.7,9,0.0,5,126,2017,0.49999999999999994,-0.8660254037844387,0.8263541987239096,-0.5631507242749186,13.333333333333334,0,30.39999999999999,68.1,68.2,66.77142857142857
2017-05-07,93.3,58.9,71.3,61.2,72.9,100,4.17,17.2,9.2,296.3,1016.7,23.5,3.1,266.7,10,0.1016,5,127,2017,0.49999999999999994,-0.8660254037844387,0.8165380514459161,-0.5772916165517272,13.355277777777777,1,34.4,69.6,73.3,67.3142857142857
2017-05-08,82.3,64.3,71.5,63.0,75.8,0,0.0,18.1,9.2,115.2,1016.6,30.6,3.1,210.9,7,3.6,5,128,2017,0.49999999999999994,-0.8660254037844387,0.8064799463209448,-0.5912614448635781,13.376666666666667,1,18.0,71.3,72.9,68.8
2017-05-09,71.5,62.5,66.4,59.7,80.0,100,8.33,20.6,9.2,92.8,1015.8,28.1,4.5,197.0,7,1.3,5,129,2017,0.49999999999999994,-0.8660254037844387,0.7961828637826158,-0.6050560696488488,13.397777777777778,1,9.0,71.5,75.8,68.92857142857143
2017-05-10,78.7,62.5,68.9,58.3,71.3,100,4.17,16.3,8.1,194.2,1016.9,25.0,4.6,241.2,9,0.8,5,130,2017,0.49999999999999994,-0.8660254037844387,0.7856498550787145,-0.6186714032625031,13.418611111111112,1,16.200000000000003,66.4,80.0,68.98571428571428
2017-05-11,76.9,60.7,69.1,61.8,78.7,0,0.0,15.7,8.1,95.1,1016.9,25.0,4.0,230.3,8,3.6,5,131,2017,0.49999999999999994,-0.8660254037844387,0.7748840413670407,-0.6321034111873487,13.438611111111111,1,16.200000000000003,68.9,71.3,69.27142857142857
2017-05-12,80.5,66.1,71.3,64.1,79.6,100,4.17,15.4,8.1,241.8,1017.3,25.0,3.6,223.2,8,0.3,5,132,2017,0.49999999999999994,-0.8660254037844387,0.7638886127905428,-0.6453481132295501,13.45888888888889,1,14.400000000000006,69.1,78.7,69.72857142857143
2017-05-13,82.3,64.3,72.4,61.2,70.8,0,0.0,15.4,12.8,229.7,1014.4,25.0,4.7,244.4,8,0.1016,5,133,2017,0.49999999999999994,-0.8660254037844387,0.7526668275320084,-0.6584015846980488,13.47888888888889,1,18.0,71.3,79.6,70.12857142857142
2017-05-14,80.5,64.5,71.3,64.2,79.3,0,0.0,19.0,11.4,125.6,1011.9,25.1,4.2,240.4,9,8.2042,5,134,2017,0.49999999999999994,-0.8660254037844387,0.741222010848596,-0.6712599575675313,13.498333333333333,1,16.0,72.4,70.8,70.12857142857143
2017-05-15,78.7,64.3,68.6,64.8,88.4,100,4.17,20.1,11.4,101.5,1010.8,25.0,3.8,211.2,8,40.9,5,135,2017,0.49999999999999994,-0.8660254037844387,0.7295575540864875,-0.6839194216246106,13.5175,1,14.400000000000006,71.3,79.3,69.71428571428571
2017-05-16,78.7,64.3,70.8,64.9,82.9,100,8.33,16.1,6.9,207.4,1010.8,25.0,3.5,165.7,6,3.6,5,136,2017,0.49999999999999994,-0.8660254037844387,0.717676913675962,-0.6963762255968722,13.536111111111111,1,14.400000000000006,68.6,88.4,70.34285714285714
2017-05-17,78.7,66.1,70.6,62.9,77.6,100,4.17,12.1,17.9,202.7,1011.2,26.8,4.5,121.7,5,0.5,5,137,2017,0.49999999999999994,-0.8660254037844387,0.705583610107178,-0.7086266782644596,13.554444444444444,1,12.600000000000009,70.8,82.9,70.58571428571429
2017-05-18,82.3,60.7,72.0,62.0,73.0,0,0.0,19.0,9.2,258.9,1012.1,25.0,4.7,245.2,8,0.0,5,138,2017,0.49999999999999994,-0.8660254037844387,0.6932812268869777,-0.7206671495538609,13.5725,0,21.599999999999994,70.6,77.6,71.0
2017-05-19,84.1,64.3,74.4,62.5,68.7,0,0.0,18.6,10.3,282.3,1012.9,25.0,5.0,264.8,9,0.0,5,139,2017,0.49999999999999994,-0.8660254037844387,0.6807734094770161,-0.7324940716135789,13.59,0,19.799999999999997,72.0,73.0,71.44285714285715
2017-05-20,85.9,63.1,74.7,60.9,64.7,0,0.0,22.8,13.9,288.6,1011.6,27.4,4.7,287.9,9,0.0,5,140,2017,0.49999999999999994,-0.8660254037844387,0.6680638642135335,-0.7441039398713607,13.607222222222223,0,22.800000000000004,74.4,68.7,71.77142857142857
2017-05-21,96.2,62.3,75.5,62.3,66.1,100,8.33,19.5,11.4,336.2,1010.5,24.8,4.1,254.1,8,0.0,5,141,2017,0.49999999999999994,-0.8660254037844387,0.6551563572090853,-0.7554933140726803,13.623888888888889,0,33.900000000000006,74.7,64.7,72.37142857142857
2017-05-22,85.9,64.3,75.0,61.3,64.7,100,4.17,24.8,13.9,309.7,1012.7,25.2,4.9,286.8,9,2.3,5,142,2017,0.49999999999999994,-0.8660254037844387,0.6420547132365637,-0.766658819300159,13.640555555555556,1,21.60000000000001,75.5,66.1,73.28571428571429
2017-05-23,87.7,66.1,77.0,59.0,59.4,100,4.17,22.6,13.9,294.4,1013.6,25.0,4.5,297.1,10,0.0,5,143,2017,0.49999999999999994,-0.8660254037844387,0.6287628145958344,-0.777597146973627,13.65638888888889,0,21.60000000000001,75.0,64.7,74.17142857142858
2017-05-24,85.9,66.1,74.1,61.8,67.3,100,4.17,17.0,13.9,190.4,1013.0,25.9,4.2,271.8,9,2.3,5,144,2017,0.49999999999999994,-0.8660254037844387,0.6152845999633276,-0.7883050558305255,13.671666666666667,1,19.80000000000001,77.0,59.4,74.67142857142856
2017-05-25,84.1,64.3,73.8,62.8,69.8,0,0.0,16.1,15.0,200.0,1012.5,25.0,4.3,266.1,8,0.0,5,145,2017,0.49999999999999994,-0.8660254037844387,0.6016240632249226,-0.7987793728863649,13.686944444444444,0,19.799999999999997,74.1,67.3,74.92857142857143
2017-05-26,82.3,64.3,69.9,63.9,82.4,100,8.33,17.9,11.4,95.0,1011.9,30.5,3.5,243.6,9,18.8,5,146,2017,0.49999999999999994,-0.8660254037844387,0.5877852522924732,-0.8090169943749473,13.70138888888889,1,18.0,73.8,69.8,74.28571428571429
2017-05-27,73.3,62.5,67.8,62.2,83.0,100,8.33,19.7,9.2,127.2,1012.5,25.0,4.5,128.0,7,7.6,5,147,2017,0.49999999999999994,-0.8660254037844387,0.5737722679043246,-0.8190148866680801,13.715555555555556,1,10.799999999999997,69.9,82.4,73.3
2017-05-28,78.7,62.5,70.9,62.6,76.7,0,0.0,17.7,8.1,134.8,1011.6,25.0,4.6,223.4,8,0.0,5,148,2017,0.49999999999999994,-0.8660254037844387,0.5595892624101765,-0.8287700871745037,13.729166666666666,0,16.200000000000003,67.8,83.0,72.64285714285714
2017-05-29,80.5,62.5,71.4,62.7,75.7,0,0.0,18.6,6.9,160.3,1010.5,25.0,4.3,262.4,8,0.0,5,149,2017,0.49999999999999994,-0.8660254037844387,0.545240438540651,-0.8382797052177743,13.742222222222223,0,18.0,70.9,76.7,72.12857142857143
2017-05-30,75.1,64.3,69.0,64.1,84.9,0,0.0,16.8,10.3,245.6,1008.6,25.0,4.2,198.6,7,1.5,5,150,2017,0.49999999999999994,-0.8660254037844387,0.5307300481619334,-0.8475409228928311,13.754722222222222,1,10.799999999999997,71.4,75.7,70.9857142857143
2017-05-31,82.3,64.3,72.3,63.3,75.4,100,4.17,18.1,10.3,214.3,1010.1,25.0,4.8,243.8,8,0.0,5,151,2017,0.49999999999999994,-0.8660254037844387,0.5160623910158528,-0.8565509959010036,13.767222222222221,0,18.0,69.0,84.9,70.72857142857143
2017-06-01,89.3,66.1,75.2,64.9,72.1,100,4.17,15.2,13.9,232.4,1010.0,24.4,4.7,263.2,9,10.9982,6,152,2017,1.2246467991473532e-16,-1.0,0.5012418134457758,-0.865307254363206,13.778611111111111,1,23.200000000000003,72.3,75.4,70.92857142857143
2017-06-02,86.6,66.1,75.5,64.1,69.4,100,4.17,18.8,15.0,245.7,1010.0,26.4,5.0,261.7,9,0.0,6,153,2017,1.2246467991473532e-16,-1.0,0.48627270710869,-0.8738071036110808,13.789722222222222,0,20.5,75.2,72.1,71.72857142857143
2017-06-03,82.3,67.9,74.9,62.7,67.1,0,0.0,18.6,6.9,113.9,1009.5,25.0,4.2,264.5,8,0.0,6,154,2017,1.2246467991473532e-16,-1.0,0.4711595076738638,-0.8820480249558537,13.800277777777778,0,14.399999999999991,75.5,69.4,72.74285714285715
2017-06-04,87.7,67.9,78.3,66.3,68.7,0,0.0,15.9,11.4,240.2,1009.7,25.0,4.2,317.5,10,0.0,6,155,2017,1.2246467991473532e-16,-1.0,0.4559066935084588,-0.8900275764346767,13.810277777777777,0,19.799999999999997,74.9,67.1,73.8
2017-06-05,82.3,69.7,74.9,68.4,80.8,100,4.17,25.3,13.9,160.1,1011.0,25.0,3.8,262.8,9,6.1,6,156,2017,1.2246467991473532e-16,-1.0,0.440518784350495,-0.8977433935342337,13.819722222222222,1,12.599999999999994,78.3,68.7,74.3
2017-06-06,80.5,69.7,73.5,65.5,77.3,0,0.0,21.5,12.8,212.6,1013.6,25.0,4.7,180.5,6,0.0,6,157,2017,1.2246467991473532e-16,-1.0,0.42500033996955416,-0.9051931898913974,13.828888888888889,0,10.799999999999997,74.9,80.8,74.94285714285715
2017-06-07,78.7,67.9,73.8,66.3,78.0,0,0.0,22.8,10.3,187.1,1013.4,25.0,3.8,215.5,9,0.0,6,158,2017,1.2246467991473532e-16,-1.0,0.4093559588156213,-0.9123747579707273,13.837222222222222,0,10.799999999999997,73.5,77.3,75.15714285714286
2017-06-08,82.3,67.9,72.5,66.3,81.8,100,4.17,18.1,11.4,151.2,1012.0,29.9,4.0,201.5,7,7.1,6,159,2017,1.2246467991473532e-16,-1.0,0.39359027665646673,-0.9192859697186104,13.845,1,14.399999999999991,73.8,78.0,74.77142857142857
2017-06-09,82.3,66.1,72.6,66.8,83.6,100,4.17,17.9,12.8,117.6,1011.1,27.3,3.8,237.7,9,2.5908,6,160,2017,1.2246467991473532e-16,-1.0,0.3777079652039649,-0.9259247771938498,13.8525,1,16.200000000000003,72.5,81.8,74.35714285714286
2017-06-10,82.3,67.9,74.6,66.9,78.3,0,0.0,17.2,12.8,203.4,1010.7,25.0,4.1,215.8,7,7.391399999999999,6,161,2017,1.2246467991473532e-16,-1.0,0.36171373072976765,-0.9322892131745133,13.859166666666667,1,14.399999999999991,72.6,83.6,74.31428571428572
2017-06-11,84.1,67.9,75.5,67.0,76.4,100,4.17,15.7,9.2,235.1,1009.2,27.9,4.1,228.1,8,32.2072,6,162,2017,1.2246467991473532e-16,-1.0,0.3456123126707335,-0.9383773917408641,13.865277777777777,1,16.19999999999999,74.6,78.3,73.91428571428571
2017-06-12,84.1,69.7,76.4,66.7,74.0,0,0.0,17.2,11.4,268.0,1007.3,25.4,4.8,237.9,8,0.0,6,163,2017,1.2246467991473532e-16,-1.0,0.3294084822245304,-0.9441875088341993,13.870833333333334,0,14.399999999999991,75.5,76.4,74.12857142857142
2017-06-13,84.1,67.9,77.1,63.3,64.8,0,0.0,18.3,12.8,272.8,1008.1,25.0,5.0,278.9,9,0.0,6,164,2017,1.2246467991473532e-16,-1.0,0.3131070409358269,-0.9497178427914316,13.876111111111111,0,16.19999999999999,76.4,74.0,74.64285714285714
2017-06-14,84.1,67.9,76.1,66.0,72.1,0,0.0,15.7,12.8,210.2,1011.2,25.0,4.7,239.8,8,0.0,6,165,2017,1.2246467991473532e-16,-1.0,0.29671281927349075,-0.9549667548552551,13.880277777777778,0,16.19999999999999,77.1,64.8,74.97142857142856
2017-06-15,82.3,69.7,75.0,66.4,75.2,0,0.0,17.2,8.1,185.7,1011.2,25.0,4.1,230.5,8,0.0,6,166,2017,1.2246467991473532e-16,-1.0,0.28023067519921585,-0.9599326896597447,13.884166666666667,0,12.599999999999994,76.1,72.1,75.32857142857142
2017-06-16,80.5,69.2,72.8,66.1,80.0,100,8.33,18.1,9.2,220.7,1010.6,30.0,4.1,227.4,8,0.0,6,167,2017,1.2246467991473532e-16,-1.0,0.26366549272800704,-0.9646141756912435,13.8875,0,11.299999999999997,75.0,75.2,75.35714285714286
2017-06-17,82.3,67.9,73.3,66.7,80.9,100,8.33,17.4,13.9,236.9,1009.8,25.0,4.9,231.6,8,0.3,6,168,2017,1.2246467991473532e-16,-1.0,0.24702218048093552,-0.9690098257244062,13.89,1,14.399999999999991,72.8,80.0,75.17142857142858
2017-06-18,85.9,64.3,75.8,64.7,70.9,0,0.0,15.4,10.3,276.3,1008.0,25.0,4.7,262.1,8,0.0,6,169,2017,1.2246467991473532e-16,-1.0,0.23030567023061221,-0.9731183372332619,13.891944444444444,0,21.60000000000001,73.3,80.9,75.21428571428571
2017-06-19,85.9,69.7,75.7,65.6,71.9,0,0.0,17.0,10.3,223.6,1007.5,25.0,4.5,216.5,8,3.9878,6,170,2017,1.2246467991473532e-16,-1.0,0.21352091543979612,-0.9769384927771817,13.893611111111111,1,16.200000000000003,75.8,70.9,75.11428571428571
2017-06-20,76.9,67.0,72.2,67.4,85.2,100,8.33,17.0,8.1,226.3,1007.4,31.1,3.8,201.1,7,11.4,6,171,2017,1.2246467991473532e-16,-1.0,0.19667288979357647,-0.980469160361632,13.894444444444444,1,9.900000000000006,75.7,71.9,74.41428571428571
2017-06-21,78.7,66.1,72.6,67.7,85.3,100,8.33,16.6,9.2,192.8,1008.0,25.0,4.6,124.7,7,6.6,6,172,2017,1.2246467991473532e-16,-1.0,0.1797665857255624,-0.9837092937736097,13.894722222222223,1,12.600000000000009,72.2,85.2,73.91428571428571
2017-06-22,82.3,69.7,74.9,68.4,81.4,100,4.17,14.5,11.4,224.2,1008.5,25.0,4.7,181.4,7,5.8,6,173,2017,1.2246467991473532e-16,-1.0,0.16280701293851715,-0.986657932891657,13.894166666666667,1,12.599999999999994,72.6,85.3,73.89999999999999
2017-06-23,84.1,69.7,75.9,67.1,75.4,0,0.0,15.7,10.3,234.7,1009.1,25.0,4.7,213.4,9,0.0,6,174,2017,1.2246467991473532e-16,-1.0,0.1457991969198751,-0.9893142039703663,13.893333333333333,0,14.399999999999991,74.9,81.4,74.34285714285716
2017-06-24,85.9,67.9,75.1,68.4,81.5,100,4.17,18.6,11.4,212.5,1008.5,25.0,4.8,211.8,8,10.0076,6,175,2017,1.2246467991473532e-16,-1.0,0.12874817745258132,-0.99167731989929,13.891666666666667,1,18.0,75.9,75.4,74.60000000000001
2017-06-25,84.1,67.9,74.1,67.9,82.1,100,4.17,16.1,12.8,192.5,1009.4,27.7,4.9,118.4,5,30.2,6,176,2017,1.2246467991473532e-16,-1.0,0.11165900712169512,-0.993746580436178,13.889722222222222,1,16.19999999999999,75.1,81.5,74.35714285714286
2017-06-26,84.1,67.9,75.2,69.3,82.6,100,8.33,15.4,15.0,212.1,1010.8,25.0,4.9,180.1,7,24.6,6,177,2017,1.2246467991473532e-16,-1.0,0.09453674981719912,-0.9955213724144752,13.886944444444444,1,16.19999999999999,74.1,82.1,74.28571428571429
2017-06-27,84.1,71.5,75.6,69.5,82.3,0,0.0,15.2,11.4,169.3,1011.0,25.0,4.8,152.3,6,0.0,6,178,2017,1.2246467991473532e-16,-1.0,0.07738647923346301,-0.9970011699250151,13.883611111111112,0,12.599999999999994,75.2,82.6,74.77142857142857
2017-06-28,84.1,69.7,75.0,69.7,84.6,100,4.17,16.8,12.8,163.4,1011.4,25.0,4.5,175.8,7,0.889,6,179,2017,1.2246467991473532e-16,-1.0,0.06021327736579302,-0.9981855344718586,13.879722222222222,1,14.399999999999991,75.6,82.3,75.11428571428571
2017-06-29,84.1,67.9,75.4,68.9,81.3,100,4.17,15.4,10.3,244.8,1010.0,28.1,5.5,191.3,8,5.1,6,180,2017,1.2246467991473532e-16,-1.0,0.04302223300453059,-0.99907411510223,13.875277777777777,1,16.19999999999999,75.0,84.6,75.1857142857143
2017-06-30,82.3,69.7,75.0,69.7,84.3,100,4.17,15.4,10.3,225.5,1005.9,28.1,4.4,155.2,6,68.9864,6,181,2017,1.2246467991473532e-16,-1.0,0.02581844022713308,-0.9996666485105112,13.87,1,12.599999999999994,75.4,81.3,75.05714285714285
2017-07-01,80.5,71.5,74.3,69.7,86.3,0,0.0,15.4,13.9,178.7,1006.5,25.0,4.4,120.8,5,1.5,7,182,2017,-0.4999999999999998,-0.8660254037844388,0.008606996888688698,-0.9999629591162655,13.864444444444445,1,9.0,75.0,84.3,74.94285714285714
2017-07-02,82.3,68.1,74.2,69.8,86.9,100,4.17,18.6,10.3,160.6,1007.2,31.3,4.5,105.4,5,1.0,7,183,2017,-0.4999999999999998,-0.8660254037844388,-0.008606996888688009,-0.9999629591162655,13.858055555555556,1,14.200000000000003,74.3,86.3,74.95714285714287
2017-07-03,82.3,71.5,75.3,70.3,85.2,100,4.17,14.3,9.2,176.7,1006.8,25.0,4.3,137.8,5,4.1,7,184,2017,-0.4999999999999998,-0.8660254037844388,-0.02581844022713239,-0.9996666485105112,13.85138888888889,1,10.799999999999997,74.2,86.9,74.97142857142856
2017-07-04,80.5,69.7,74.1,70.6,89.3,100,8.33,15.0,11.4,177.9,1005.7,25.0,4.1,34.7,1,25.1,7,185,2017,-0.4999999999999998,-0.8660254037844388,-0.04302223300453034,-0.99907411510223,13.84388888888889,1,10.799999999999997,75.3,85.2,74.75714285714285
2017-07-05,78.7,69.7,72.7,69.9,91.4,100,4.17,25.3,12.8,164.4,1007.3,25.0,4.3,69.8,3,5.3,7,186,2017,-0.4999999999999998,-0.8660254037844388,-0.060213277365792774,-0.9981855344718586,13.83611111111111,1,9.0,74.1,89.3,74.42857142857143
2017-07-06,82.3,69.7,73.9,70.2,88.9,100,4.17,22.1,11.4,164.7,1008.7,25.0,4.2,85.8,4,2.0,7,187,2017,-0.4999999999999998,-0.8660254037844388,-0.07738647923346322,-0.9970011699250151,13.827777777777778,1,12.599999999999994,72.7,91.4,74.21428571428571
2017-07-07,82.3,69.7,76.8,70.3,81.1,0,0.0,21.9,12.8,209.9,1009.5,25.0,5.2,115.7,6,0.0,7,188,2017,-0.4999999999999998,-0.8660254037844388,-0.09453674981719933,-0.9955213724144752,13.81861111111111,0,12.599999999999994,73.9,88.9,74.47142857142856
2017-07-08,84.1,69.7,75.3,70.0,84.3,100,4.17,16.3,16.1,198.4,1009.6,25.0,4.6,181.6,6,0.5,7,189,2017,-0.4999999999999998,-0.8660254037844388,-0.11165900712169444,-0.9937465804361781,13.809166666666666,1,14.399999999999991,76.8,81.1,74.61428571428571
2017-07-09,80.5,69.3,73.6,70.4,90.4,100,4.17,17.4,9.2,129.8,1010.4,28.1,3.7,65.6,3,16.8,7,190,2017,-0.4999999999999998,-0.8660254037844388,-0.12874817745258066,-0.99167731989929,13.799166666666666,1,11.200000000000003,75.3,84.3,74.52857142857144
2017-07-10,80.5,69.7,73.3,69.1,87.2,100,8.33,18.3,10.3,129.4,1010.8,33.1,4.6,94.9,4,17.0,7,191,2017,-0.4999999999999998,-0.8660254037844388,-0.14579919691987442,-0.9893142039703664,13.788333333333334,1,10.799999999999997,73.6,90.4,74.24285714285715
2017-07-11,76.9,69.7,72.0,68.4,88.6,100,4.17,22.6,9.2,159.2,1010.9,27.7,4.7,78.3,3,2.3,7,192,2017,-0.4999999999999998,-0.8660254037844388,-0.16280701293851646,-0.9866579328916572,13.777222222222223,1,7.200000000000003,73.3,87.2,73.94285714285714
2017-07-12,82.3,67.9,73.7,66.4,79.3,100,4.17,20.1,9.2,193.1,1011.8,28.1,5.2,149.5,5,0.0,7,193,2017,-0.4999999999999998,-0.8660254037844388,-0.17976658572556214,-0.9837092937736098,13.765555555555556,0,14.399999999999991,72.0,88.6,74.08571428571429
2017-07-13,84.1,69.7,75.9,67.9,77.6,0,0.0,20.1,11.4,202.2,1011.3,25.0,4.8,188.4,8,0.0,7,194,2017,-0.4999999999999998,-0.8660254037844388,-0.19667288979357622,-0.9804691603616321,13.753333333333334,0,14.399999999999991,73.7,79.3,74.37142857142858
2017-07-14,82.3,67.6,74.8,69.0,83.0,100,4.17,15.9,12.8,214.2,1010.8,28.1,4.8,208.0,7,2.0,7,195,2017,-0.4999999999999998,-0.8660254037844388,-0.2135209154397959,-0.9769384927771817,13.740833333333333,1,14.700000000000003,75.9,77.6,74.08571428571429
2017-07-15,84.1,67.9,74.1,69.8,87.4,100,4.17,12.8,10.3,203.3,1011.2,25.0,4.4,124.3,6,14.0,7,196,2017,-0.4999999999999998,-0.8660254037844388,-0.23030567023061196,-0.973118337233262,13.727777777777778,1,16.19999999999999,74.8,83.0,73.91428571428571
2017-07-16,84.1,69.7,75.0,70.7,87.4,100,4.17,15.7,9.2,275.5,1009.9,30.6,4.8,215.3,8,17.3,7,197,2017,-0.4999999999999998,-0.8660254037844388,-0.24702218048093527,-0.9690098257244063,13.714166666666667,1,14.399999999999991,74.1,87.4,74.11428571428571
2017-07-17,87.2,67.6,76.1,69.6,82.1,100,4.17,18.3,13.9,189.9,1010.0,28.7,5.1,243.9,8,5.6,7,198,2017,-0.4999999999999998,-0.8660254037844388,-0.2636654927280072,-0.9646141756912435,13.7,1,19.60000000000001,75.0,87.4,74.51428571428572
2017-07-18,85.9,69.7,76.5,69.9,81.6,100,4.17,15.7,13.9,212.0,1011.0,25.0,4.8,209.6,7,2.3,7,199,2017,-0.4999999999999998,-0.8660254037844388,-0.2802306751992161,-0.9599326896597445,13.685555555555556,1,16.200000000000003,76.1,82.1,75.15714285714286
2017-07-19,84.1,69.5,74.6,69.9,86.2,100,4.17,19.0,11.4,204.1,1009.4,29.9,4.8,227.0,8,5.1,7,200,2017,-0.4999999999999998,-0.8660254037844388,-0.2967128192734901,-0.9549667548552553,13.670555555555556,1,14.599999999999994,76.5,81.6,75.28571428571429
2017-07-20,82.3,68.3,73.4,69.5,88.3,100,8.33,15.4,13.9,220.0,1006.9,43.4,4.7,159.4,6,11.4,7,201,2017,-0.4999999999999998,-0.8660254037844388,-0.3131070409358267,-0.9497178427914317,13.655277777777778,1,14.0,74.6,86.2,74.92857142857143
2017-07-21,82.3,71.5,75.3,70.1,84.8,100,4.17,25.5,9.2,189.5,1009.1,25.0,4.9,128.4,4,2.8,7,202,2017,-0.4999999999999998,-0.8660254037844388,-0.3294084822245302,-0.9441875088341994,13.639444444444445,1,10.799999999999997,73.4,88.3,75.0
2017-07-22,84.1,67.9,75.0,70.0,85.6,100,4.17,25.1,10.3,229.0,1010.5,25.0,4.9,114.8,4,2.0,7,203,2017,-0.4999999999999998,-0.8660254037844388,-0.3456123126707333,-0.9383773917408642,13.623055555555556,1,16.19999999999999,75.3,84.8,75.12857142857142
2017-07-23,82.3,67.9,73.5,69.6,88.4,100,8.33,13.4,12.8,191.3,1009.0,28.1,4.4,159.4,5,9.7,7,204,2017,-0.4999999999999998,-0.8660254037844388,-0.3617137307297674,-0.9322892131745134,13.606666666666667,1,14.399999999999991,75.0,85.6,74.91428571428571
2017-07-24,80.5,69.7,73.9,68.6,84.2,100,4.17,15.9,10.3,263.3,1007.6,25.0,4.9,161.5,6,25.9,7,205,2017,-0.4999999999999998,-0.8660254037844388,-0.37770796520396466,-0.9259247771938499,13.589444444444444,1,10.799999999999997,73.5,88.4,74.6
2017-07-25,80.5,69.7,72.6,69.3,90.1,100,8.33,14.5,11.4,224.3,1007.1,28.0,4.1,126.2,5,7.4,7,206,2017,-0.4999999999999998,-0.8660254037844388,-0.39359027665646645,-0.9192859697186105,13.571944444444444,1,10.799999999999997,73.9,84.2,74.04285714285713
2017-07-26,80.5,69.7,73.8,69.0,85.8,100,8.33,28.9,11.4,138.9,1009.2,25.0,5.0,109.3,5,4.8,7,207,2017,-0.4999999999999998,-0.8660254037844388,-0.4093559588156211,-0.9123747579707274,13.554166666666667,1,10.799999999999997,72.6,90.1,73.92857142857143
2017-07-27,85.9,67.9,75.4,68.9,81.5,100,4.17,24.8,12.8,184.9,1011.3,28.0,5.3,213.8,8,0.0,7,208,2017,-0.4999999999999998,-0.8660254037844388,-0.42500033996955394,-0.9051931898913975,13.536111111111111,0,18.0,73.8,85.8,74.21428571428571
2017-07-28,82.3,69.7,74.6,69.0,83.4,0,0.0,19.0,13.9,210.1,1012.9,25.0,4.8,200.6,7,0.0,7,209,2017,-0.4999999999999998,-0.8660254037844388,-0.4405187843504952,-0.8977433935342336,13.517222222222221,0,12.599999999999994,75.4,81.5,74.11428571428571
2017-07-29,80.5,69.2,73.4,69.6,88.5,100,8.33,13.2,9.2,230.3,1012.8,31.3,4.0,100.4,4,49.8,7,210,2017,-0.4999999999999998,-0.8660254037844388,-0.455906693508459,-0.8900275764346766,13.498333333333333,1,11.299999999999997,74.6,83.4,73.88571428571429
2017-07-30,78.7,69.5,72.8,69.3,89.4,100,4.17,13.0,5.8,230.2,1012.0,28.1,4.3,87.0,3,24.4,7,211,2017,-0.4999999999999998,-0.8660254037844388,-0.47115950767386394,-0.8820480249558535,13.479166666666666,1,9.200000000000003,73.4,88.5,73.78571428571429
2017-07-31,82.3,69.7,75.3,70.0,84.4,100,4.17,16.8,8.1,180.5,1011.1,25.0,4.5,191.4,7,0.8,7,212,2017,-0.4999999999999998,-0.8660254037844388,-0.4862727071086902,-0.8738071036110807,13.459722222222222,1,12.599999999999994,72.8,89.4,73.98571428571428
2017-08-01,82.3,69.7,74.7,70.5,87.4,100,4.17,16.1,6.9,225.8,1010.3,25.0,4.3,170.3,6,1.5,8,213,2017,-0.8660254037844384,-0.5000000000000004,-0.5012418134457756,-0.8653072543632061,13.439444444444444,1,12.599999999999994,75.3,84.4,74.28571428571429
2017-08-02,82.3,69.7,75.0,71.1,88.4,100,4.17,16.1,10.3,229.1,1009.0,25.0,4.4,121.9,6,9.1948,8,214,2017,-0.8660254037844384,-0.5000000000000004,-0.5160623910158526,-0.8565509959010037,13.419166666666667,1,12.599999999999994,74.7,87.4,74.45714285714287
2017-08-03,82.3,68.6,74.3,71.1,90.2,100,8.33,14.5,10.3,192.5,1006.5,28.1,4.2,107.7,4,30.5,8,215,2017,-0.8660254037844384,-0.5000000000000004,-0.5307300481619331,-0.8475409228928312,13.398888888888889,1,13.700000000000003,75.0,88.4,74.3
2017-08-04,82.3,71.5,75.9,71.1,85.6,0,0.0,25.9,11.4,192.7,1006.4,25.0,4.8,98.9,5,0.0,8,216,2017,-0.8660254037844384,-0.5000000000000004,-0.5452404385406507,-0.8382797052177745,13.378055555555555,0,10.799999999999997,74.3,90.2,74.48571428571428
2017-08-05,85.9,69.7,75.6,71.4,87.9,100,8.33,17.4,12.8,157.4,1009.1,25.0,4.7,132.4,7,7.1,8,217,2017,-0.8660254037844384,-0.5000000000000004,-0.5595892624101763,-0.828770087174504,13.356944444444444,1,16.200000000000003,75.9,85.6,74.8
2017-08-06,84.1,71.5,75.9,72.2,89.3,100,8.33,15.2,10.3,162.6,1010.5,25.0,4.4,172.3,6,10.4,8,218,2017,-0.8660254037844384,-0.5000000000000004,-0.5737722679043243,-0.8190148866680802,13.335277777777778,1,12.599999999999994,75.6,87.9,75.24285714285715
2017-08-07,82.3,71.5,75.5,71.4,87.8,100,4.17,17.2,12.8,204.4,1012.1,26.0,4.4,141.3,5,6.6,8,219,2017,-0.8660254037844384,-0.5000000000000004,-0.5877852522924734,-0.8090169943749472,13.313611111111111,1,10.799999999999997,75.9,89.3,75.27142857142857
2017-08-08,82.3,70.6,75.6,70.9,86.1,100,16.67,16.3,10.3,202.1,1011.3,28.1,4.1,106.2,4,0.4064,8,220,2017,-0.8660254037844384,-0.5000000000000004,-0.6016240632249227,-0.7987793728863648,13.291666666666666,1,11.700000000000003,75.5,87.8,75.39999999999999
2017-08-09,80.5,69.7,73.7,69.9,88.8,100,4.17,13.0,5.8,122.6,1010.9,28.1,3.9,54.6,2,2.0066,8,221,2017,-0.8660254037844384,-0.5000000000000004,-0.6152845999633277,-0.7883050558305253,13.269444444444444,1,10.799999999999997,75.6,86.1,75.21428571428571
2017-08-10,78.7,69.2,72.8,70.5,92.5,0,0.0,15.2,10.3,204.6,1007.8,25.0,3.7,58.0,2,0.3048,8,222,2017,-0.8660254037844384,-0.5000000000000004,-0.6287628145958345,-0.7775971469736268,13.246944444444445,1,9.5,73.7,88.8,75.0
2017-08-11,80.5,69.7,73.3,71.3,93.7,100,8.33,18.1,10.3,139.9,1006.3,25.0,4.0,50.1,2,0.2032,8,223,2017,-0.8660254037844384,-0.5000000000000004,-0.6420547132365636,-0.7666588193001592,13.224444444444444,1,10.799999999999997,72.8,92.5,74.62857142857142
2017-08-12,78.7,69.7,72.3,69.9,92.8,100,4.17,20.8,9.2,179.0,1007.1,31.3,3.9,36.5,2,10.9982,8,224,2017,-0.8660254037844384,-0.5000000000000004,-0.655156357209085,-0.7554933140726804,13.20138888888889,1,9.0,73.3,93.7,74.15714285714286
2017-08-13,78.9,67.9,72.3,68.5,88.5,100,8.33,28.4,10.3,137.2,1011.5,28.1,4.4,38.4,2,26.7,8,225,2017,-0.8660254037844384,-0.5000000000000004,-0.6680638642135333,-0.7441039398713608,13.178055555555556,1,11.0,72.3,92.8,73.64285714285714
2017-08-14,80.5,67.9,73.2,68.6,86.1,100,4.17,12.3,9.2,195.9,1013.5,25.0,4.5,128.4,5,2.8,8,226,2017,-0.8660254037844384,-0.5000000000000004,-0.6807734094770159,-0.7324940716135792,13.155,1,12.599999999999994,72.3,88.5,73.31428571428572
2017-08-15,80.5,69.7,74.4,69.4,85.1,100,4.17,16.3,8.1,232.7,1010.8,25.0,4.6,167.0,6,0.7874,8,227,2017,-0.8660254037844384,-0.5000000000000004,-0.6932812268869771,-0.7206671495538615,13.13111111111111,1,10.799999999999997,73.2,86.1,73.14285714285714
2017-08-16,82.3,69.7,75.0,70.0,85.0,100,4.17,12.3,13.9,190.0,1008.6,25.0,4.6,114.0,4,0.5,8,228,2017,-0.8660254037844384,-0.5000000000000004,-0.7055836101071774,-0.7086266782644601,13.107222222222223,1,12.599999999999994,74.4,85.1,73.32857142857142
2017-08-17,82.3,71.5,74.8,70.2,85.9,0,0.0,14.3,12.8,201.2,1009.5,25.0,4.6,92.1,3,0.0,8,229,2017,-0.8660254037844384,-0.5000000000000004,-0.7176769136759615,-0.6963762255968726,13.08361111111111,0,10.799999999999997,75.0,85.0,73.61428571428571
2017-08-18,82.3,70.1,74.9,69.8,85.2,100,8.33,15.9,12.8,203.6,1010.8,31.1,4.3,161.6,6,0.0,8,230,2017,-0.8660254037844384,-0.5000000000000004,-0.7295575540864876,-0.6839194216246105,13.059166666666666,0,12.200000000000003,74.8,85.9,73.84285714285714
2017-08-19,80.5,69.7,73.3,70.0,90.0,100,8.33,17.4,5.8,218.2,1014.7,28.1,4.4,114.1,4,8.4,8,231,2017,-0.8660254037844384,-0.5000000000000004,-0.7412220108485957,-0.6712599575675315,13.034722222222221,1,10.799999999999997,74.9,85.2,73.9857142857143
2017-08-20,82.3,69.7,73.5,69.6,88.4,0,0.0,15.2,8.1,152.6,1013.7,25.0,4.5,132.1,6,0.4064,8,232,2017,-0.8660254037844384,-0.5000000000000004,-0.7526668275320083,-0.6584015846980489,13.010277777777778,1,12.599999999999994,73.3,90.0,74.15714285714286
2017-08-21,82.3,69.7,73.9,69.2,85.8,100,8.33,13.2,8.1,199.6,1012.4,27.7,4.6,103.3,4,0.8,8,233,2017,-0.8660254037844384,-0.5000000000000004,-0.7638886127905429,-0.64534811322955,12.985833333333334,1,12.599999999999994,73.5,88.4,74.25714285714285
2017-08-22,78.7,69.7,72.8,69.6,90.4,100,8.33,13.6,10.3,71.6,1012.1,25.0,3.9,146.0,6,14.0,8,234,2017,-0.8660254037844384,-0.5000000000000004,-0.7748840413670406,-0.6321034111873488,12.960833333333333,1,9.0,73.9,85.8,74.02857142857144
2017-08-23,78.7,67.9,72.4,69.1,90.0,100,4.17,13.6,9.2,170.6,1013.6,25.0,4.0,150.4,5,41.9,8,235,2017,-0.8660254037844384,-0.5000000000000004,-0.7856498550787144,-0.6186714032625032,12.935833333333333,1,10.799999999999997,72.8,90.4,73.65714285714286
2017-08-24,84.1,67.9,72.5,68.8,89.0,100,4.17,17.0,12.8,200.5,1012.3,25.0,4.5,216.8,8,2.3,8,236,2017,-0.8660254037844384,-0.5000000000000004,-0.7961828637826154,-0.6050560696488494,12.910555555555556,1,16.19999999999999,72.4,90.0,73.32857142857142
2017-08-25,84.1,67.9,74.9,69.0,83.5,100,4.17,17.7,9.2,280.7,1011.0,25.0,4.6,213.5,8,1.0,8,237,2017,-0.8660254037844384,-0.5000000000000004,-0.8064799463209447,-0.5912614448635782,12.885277777777778,1,16.19999999999999,72.5,89.0,73.32857142857144
2017-08-26,87.7,66.1,76.0,67.7,77.4,100,4.17,14.3,9.2,208.0,1009.0,30.8,5.3,198.9,8,35.3,8,238,2017,-0.8660254037844384,-0.5000000000000004,-0.8165380514459157,-0.5772916165517278,12.86,1,21.60000000000001,74.9,83.5,73.71428571428571
2017-08-27,80.5,69.7,74.1,69.5,85.9,100,4.17,17.2,9.2,113.6,1010.3,25.0,4.6,160.5,7,5.3,8,239,2017,-0.8660254037844384,-0.5000000000000004,-0.8263541987239095,-0.5631507242749187,12.834444444444445,1,10.799999999999997,76.0,77.4,73.8
2017-08-28,84.1,69.0,73.7,69.4,87.1,100,4.17,17.2,9.2,210.4,1012.2,28.1,4.6,154.3,6,1.3,8,240,2017,-0.8660254037844384,-0.5000000000000004,-0.8359254794186365,-0.5488429582847199,12.80888888888889,1,15.099999999999994,74.1,85.9,73.77142857142859
2017-08-29,82.3,67.7,74.8,68.8,82.7,100,4.17,19.5,12.8,191.2,1013.0,30.3,5.2,171.3,6,0.0,8,241,2017,-0.8660254037844384,-0.5000000000000004,-0.8452490573530634,-0.5343725582809785,12.782777777777778,0,14.599999999999994,73.7,87.1,74.05714285714285
2017-08-30,84.1,67.9,76.2,69.8,81.7,100,4.17,12.3,10.3,240.1,1013.4,26.5,5.0,185.6,6,0.0,8,242,2017,-0.8660254037844384,-0.5000000000000004,-0.8543221697498269,-0.5197438121555157,12.757222222222222,0,16.19999999999999,74.8,82.7,74.60000000000001
2017-08-31,82.3,66.1,73.6,68.9,86.1,100,4.17,17.2,10.3,234.1,1013.7,25.0,4.4,173.5,7,55.1,8,243,2017,-0.8660254037844384,-0.5000000000000004,-0.8631421280499115,-0.5049610547215202,12.731111111111112,1,16.200000000000003,76.2,81.7,74.75714285714285
2017-09-01,82.3,69.7,74.4,68.8,83.8,0,0.0,15.0,8.1,249.8,1012.1,25.0,4.5,145.0,5,24.6,9,244,2017,-1.0,-1.8369701987210297e-16,-0.8717063187093218,-0.4900286664290594,12.704722222222221,1,12.599999999999994,73.6,86.1,74.68571428571428
2017-09-02,80.5,67.9,72.8,68.8,88.2,100,4.17,13.9,9.2,213.2,1010.8,25.0,4.5,110.7,4,7.6,9,245,2017,-1.0,-1.8369701987210297e-16,-0.8800122039735356,-0.4749510720670502,12.678611111111111,1,12.599999999999994,74.4,83.8,74.22857142857143
2017-09-03,80.5,67.4,73.2,68.7,86.6,100,4.17,16.8,9.2,253.0,1011.0,31.3,4.6,143.0,7,10.9,9,246,2017,-1.0,-1.8369701987210297e-16,-0.888057322629493,-0.4597327394521046,12.6525,1,13.099999999999994,72.8,88.2,74.10000000000001
2017-09-04,84.1,67.9,74.4,68.8,83.8,0,0.0,16.3,9.2,241.3,1012.5,25.0,5.0,198.9,7,0.0,9,247,2017,-1.0,-1.8369701987210297e-16,-0.8958392907349089,-0.44437817810461344,12.626111111111111,0,16.19999999999999,73.2,86.6,74.2
2017-09-05,84.1,67.9,74.1,68.1,82.9,0,0.0,13.4,13.9,206.7,1013.2,25.0,4.1,231.5,8,0.0,9,248,2017,-1.0,-1.8369701987210297e-16,-0.9033558023246842,-0.4288919379124841,12.599444444444444,0,16.19999999999999,74.4,83.8,74.10000000000001
2017-09-06,84.1,69.2,75.8,67.8,77.8,100,4.17,14.8,9.2,243.6,1014.1,26.9,4.4,212.2,8,0.0,9,249,2017,-1.0,-1.8369701987210297e-16,-0.9106046300942162,-0.41327860778290443,12.573055555555555,0,14.899999999999991,74.1,82.9,74.04285714285713
2017-09-07,82.3,66.5,73.2,67.6,83.8,100,8.33,16.6,8.1,267.3,1014.6,27.2,4.5,196.5,7,7.9,9,250,2017,-1.0,-1.8369701987210297e-16,-0.9175836260593934,-0.3975428142825566,12.546388888888888,1,15.799999999999997,75.8,77.8,73.98571428571428
2017-09-08,84.1,67.9,74.5,67.6,81.2,0,0.0,20.6,11.4,271.3,1014.5,25.4,4.3,208.2,8,0.0,9,251,2017,-1.0,-1.8369701987210297e-16,-0.9242907221930934,-0.3816892202666586,12.519722222222223,0,16.19999999999999,73.2,83.8,74.0
2017-09-09,84.1,67.9,75.2,67.7,79.0,0,0.0,17.2,9.2,252.2,1012.6,25.4,4.3,216.0,7,0.0,9,252,2017,-1.0,-1.8369701987210297e-16,-0.9307239310379793,-0.3657225234972692,12.493055555555555,0,16.19999999999999,74.5,81.2,74.34285714285714
2017-09-10,84.1,67.9,76.0,68.3,78.1,0,0.0,16.1,10.3,242.5,1014.4,25.0,4.2,202.7,7,0.0,9,253,2017,-1.0,-1.8369701987210297e-16,-0.9368813462954315,-0.34964745525122826,12.466388888888888,0,16.19999999999999,75.2,79.0,74.74285714285715
2017-09-11,82.3,67.9,75.0,66.9,76.9,0,0.0,16.6,12.8,223.1,1015.9,25.0,4.5,211.9,7,0.0,9,254,2017,-1.0,-1.8369701987210297e-16,-0.9427611433904206,-0.33346877891818705,12.439166666666667,0,14.399999999999991,76.0,78.1,74.82857142857144
2017-09-12,82.3,67.9,75.3,67.9,79.8,100,4.17,15.0,9.2,242.6,1016.1,25.0,4.4,192.4,7,31.0896,9,255,2017,-1.0,-1.8369701987210297e-16,-0.9483615800121716,-0.31719128858910595,12.4125,1,14.399999999999991,75.0,76.9,75.0
2017-09-13,82.3,69.7,74.4,67.5,80.2,0,0.0,15.7,8.1,231.1,1016.2,25.0,4.5,158.3,6,0.0,9,256,2017,-1.0,-1.8369701987210297e-16,-0.9536809966304455,-0.300819807635668,12.385277777777778,0,12.599999999999994,75.3,79.8,74.8
2017-09-14,84.1,67.9,74.5,66.4,77.6,0,0.0,15.4,9.2,252.0,1015.7,25.0,4.4,191.5,8,0.0,9,257,2017,-1.0,-1.8369701987210297e-16,-0.9587178169872964,-0.2843591872810036,12.358333333333333,0,16.19999999999999,74.4,80.2,74.98571428571428
2017-09-15,82.3,67.9,73.5,67.1,81.5,0,0.0,13.9,6.9,218.2,1014.7,25.0,3.9,166.2,6,0.0,9,258,2017,-1.0,-1.8369701987210297e-16,-0.9634705485641486,-0.26781430516217486,12.331388888888888,0,14.399999999999991,74.5,77.6,74.84285714285714
2017-09-16,85.9,66.1,74.6,67.4,79.8,100,4.17,15.4,8.1,142.7,1014.3,25.0,3.9,231.1,9,0.0,9,259,2017,-1.0,-1.8369701987210297e-16,-0.9679377830240642,-0.25119006388481957,12.304166666666667,0,19.80000000000001,73.5,81.5,74.75714285714285
2017-09-17,87.7,69.7,75.7,68.3,79.2,0,0.0,14.3,11.4,99.5,1013.5,25.0,4.1,231.5,8,0.0,9,260,2017,-1.0,-1.8369701987210297e-16,-0.9721181966290612,-0.23449138957041052,12.277222222222223,0,18.0,74.6,79.8,74.71428571428571
2017-09-18,78.7,66.1,72.6,67.7,85.3,100,4.17,17.4,11.4,241.5,1013.9,25.0,4.6,146.8,6,11.2,9,261,2017,-1.0,-1.8369701987210297e-16,-0.9760105506323682,-0.21772323039653224,12.25,1,12.600000000000009,75.7,79.2,74.37142857142858
2017-09-19,78.7,69.7,73.1,69.1,87.6,100,4.17,17.4,11.4,185.9,1013.3,25.0,4.4,204.0,7,16.586199999999998,9,262,2017,-1.0,-1.8369701987210297e-16,-0.9796136916454901,-0.20089055513063528,12.222777777777777,1,9.0,72.6,85.3,74.05714285714285
2017-09-20,80.5,67.9,72.3,69.3,90.8,100,8.33,17.7,12.8,191.9,1012.7,25.0,4.4,149.2,6,1.5,9,263,2017,-1.0,-1.8369701987210297e-16,-0.9829265519799822,-0.18399835165767986,12.195555555555556,1,12.599999999999994,73.1,87.6,73.75714285714285
2017-09-21,80.5,67.9,71.6,68.1,89.5,100,8.33,24.8,9.2,143.4,1013.8,25.0,4.5,67.4,4,0.0,9,264,2017,-1.0,-1.8369701987210297e-16,-0.9859481499638303,-0.1670516255021195,12.168611111111112,0,12.599999999999994,72.3,90.8,73.34285714285714
2017-09-22,80.5,67.9,72.7,68.2,86.5,0,0.0,15.0,8.1,213.5,1014.8,27.7,4.6,94.1,4,0.0,9,265,2017,-1.0,-1.8369701987210297e-16,-0.9886775902323404,-0.15005539834465262,12.141111111111112,0,12.599999999999994,71.6,89.5,73.22857142857143
2017-09-23,84.1,67.9,74.8,68.2,81.3,100,4.17,16.8,8.1,264.7,1015.8,28.1,4.9,190.9,8,0.0,9,266,2017,-1.0,-1.8369701987210297e-16,-0.9911140639934546,-0.13301470653419636,12.113888888888889,0,16.19999999999999,72.7,86.5,73.25714285714285
2017-09-24,89.0,67.9,75.0,68.5,81.4,100,8.33,15.9,9.2,216.8,1014.1,32.5,4.5,165.0,6,0.0,9,267,2017,-1.0,-1.8369701987210297e-16,-0.9932568492674143,-0.11593459959550066,12.086666666666666,0,21.099999999999994,74.8,81.3,73.15714285714286
2017-09-25,82.3,67.9,74.4,67.8,80.7,0,0.0,16.3,13.9,216.3,1013.0,25.0,4.2,200.0,7,0.0,9,268,2017,-1.0,-1.8369701987210297e-16,-0.9951053111006974,-0.09882013873287211,12.059444444444445,0,14.399999999999991,75.0,81.4,73.41428571428571
2017-09-26,84.1,69.7,75.3,68.2,79.6,0,0.0,15.2,13.9,214.3,1014.3,25.0,3.9,206.5,7,0.0,9,269,2017,-1.0,-1.8369701987210297e-16,-0.99665890175417,-0.08167639533042288,12.032222222222222,0,14.399999999999991,74.4,80.7,73.72857142857143
2017-09-27,84.1,66.1,74.6,64.7,73.7,0,0.0,14.5,12.8,195.0,1015.5,25.0,4.7,185.9,7,0.0,9,270,2017,-1.0,-1.8369701987210297e-16,-0.9979171608653922,-0.06450844944931625,12.005,0,18.0,75.3,79.6,74.05714285714285
2017-09-28,80.5,67.9,73.9,66.5,78.8,0,0.0,13.9,8.1,256.2,1014.9,25.0,3.9,188.9,8,0.0,9,271,2017,-1.0,-1.8369701987210297e-16,-0.9988797155850335,-0.04732138832243232,11.977777777777778,0,12.599999999999994,74.6,73.7,74.38571428571427
2017-09-29,80.5,67.9,72.3,67.0,84.0,0,0.0,16.6,13.9,174.9,1014.4,25.0,4.1,174.4,7,16.5,9,272,2017,-1.0,-1.8369701987210297e-16,-0.9995462806873573,-0.03012030484690836,11.950555555555555,1,12.599999999999994,73.9,78.8,74.32857142857142
2017-09-30,82.3,67.9,73.2,67.1,82.2,100,4.17,11.4,9.2,239.5,1016.1,25.0,4.9,100.4,4,0.5,9,273,2017,-1.0,-1.8369701987210297e-16,-0.9999166586547379,-0.012910296075008843,11.923333333333334,1,14.399999999999991,72.3,84.0,74.10000000000001
2017-10-01,82.3,66.8,73.4,66.9,81.2,100,4.17,15.2,8.1,241.2,1015.6,27.7,5.2,167.4,7,0.5,10,274,2017,-0.8660254037844386,0.5000000000000001,-0.9999907397361901,0.004303538296243821,11.89611111111111,1,15.5,73.2,82.2,73.87142857142858
2017-10-02,80.5,69.7,73.1,66.5,81.0,100,4.17,14.8,11.4,209.2,1014.5,26.0,4.9,151.6,7,7.1,10,275,2017,-0.8660254037844386,0.5000000000000001,-0.9997685019798909,0.021516097436222233,11.869166666666667,1,10.799999999999997,73.4,81.2,73.68571428571428
2017-10-03,80.5,66.1,72.8,66.4,81.5,100,4.17,14.1,9.2,252.5,1015.6,27.5,4.8,169.5,6,13.0,10,276,2017,-0.8660254037844386,0.5000000000000001,-0.9992500112396835,0.03872228089217399,11.841944444444444,1,14.400000000000006,73.1,81.0,73.32857142857142
2017-10-04,84.1,64.1,73.9,66.4,78.8,0,0.0,13.2,10.3,218.8,1017.1,28.1,4.9,226.1,8,0.0,10,277,2017,-0.8660254037844386,0.5000000000000001,-0.9984354211555643,0.05591699010060302,11.814722222222223,0,20.0,72.8,81.5,73.22857142857143
2017-10-05,84.1,69.7,74.6,67.3,79.4,0,0.0,13.0,10.3,161.0,1017.8,25.0,4.8,218.5,8,0.0,10,278,2017,-0.8660254037844386,0.5000000000000001,-0.9973249731081555,0.07309512989807776,11.787777777777778,0,14.399999999999991,73.9,78.8,73.32857142857142
2017-10-06,84.1,67.9,74.4,67.1,79.9,100,8.33,14.3,9.2,257.6,1017.4,26.0,4.6,221.1,8,12.4,10,279,2017,-0.8660254037844386,0.5000000000000001,-0.9959189961471792,0.0902516100310407,11.760555555555555,1,16.19999999999999,74.6,79.4,73.62857142857145
2017-10-07,84.1,66.1,73.8,66.6,80.0,0,0.0,15.0,8.1,230.9,1016.9,25.0,5.1,207.9,7,0.0,10,280,2017,-0.8660254037844386,0.5000000000000001,-0.994217906893952,0.10738134666416306,11.733611111111111,0,18.0,74.4,79.9,73.71428571428571
2017-10-08,82.3,64.3,72.1,64.2,78.2,0,0.0,15.2,10.3,254.0,1016.3,25.0,5.1,181.5,6,0.0,10,281,2017,-0.8660254037844386,0.5000000000000001,-0.9922222094179324,0.12447926388678869,11.706666666666667,0,18.0,73.8,80.0,73.52857142857144
2017-10-09,82.3,62.5,71.7,63.4,77.0,0,0.0,15.0,11.4,180.0,1016.7,24.3,4.8,173.4,8,0.0,10,282,2017,-0.8660254037844386,0.5000000000000001,-0.989932495087353,0.141540295217043,11.679722222222223,0,19.799999999999997,72.1,78.2,73.32857142857142
2017-10-10,80.5,66.1,71.9,63.8,77.0,0,0.0,17.7,10.3,212.1,1015.9,25.0,4.8,180.2,7,0.0,10,283,2017,-0.8660254037844386,0.5000000000000001,-0.9873494423939864,0.15855938510313475,11.653055555555556,0,14.400000000000006,71.7,77.0,73.20000000000002
2017-10-11,84.1,64.3,72.4,64.2,77.8,0,0.0,11.6,9.2,153.0,1015.7,25.0,4.8,137.1,6,0.0,10,284,2017,-0.8660254037844386,0.5000000000000001,-0.9844738167520923,0.17553149042142777,11.626388888888888,0,19.799999999999997,71.9,77.0,72.98571428571428
2017-10-12,82.3,63.2,72.9,65.1,78.1,0,0.0,17.0,9.2,221.0,1014.5,27.0,4.8,189.3,8,0.0,10,285,2017,-0.8660254037844386,0.5000000000000001,-0.9813064702716093,0.19245158197082995,11.599722222222223,0,19.099999999999994,72.4,77.8,72.74285714285715
2017-10-13,82.3,64.3,72.6,65.2,79.3,0,0.0,17.0,10.3,278.3,1012.9,25.0,4.9,175.0,7,0.0,10,286,2017,-0.8660254037844386,0.5000000000000001,-0.9778483415056568,0.20931464596304888,11.573055555555555,0,18.0,72.9,78.1,72.48571428571428
2017-10-14,84.1,66.1,72.1,62.4,74.9,0,0.0,13.4,8.1,210.6,1012.0,25.0,4.7,123.9,4,0.0,10,287,2017,-0.8660254037844386,0.5000000000000001,-0.9741004551724206,0.22611568550828803,11.546666666666667,0,18.0,72.6,79.3,72.24285714285715
2017-10-15,78.7,66.1,70.7,61.6,74.0,100,4.17,14.5,9.2,226.8,1012.8,26.4,3.2,187.7,7,0.4064,10,288,2017,-0.8660254037844386,0.5000000000000001,-0.970063921851507,0.2428497220959358,11.520277777777778,1,12.600000000000009,72.1,74.9,72.04285714285714
2017-10-16,78.7,64.3,70.3,61.8,76.2,0,0.0,15.0,10.3,227.4,1014.4,25.0,3.4,173.1,7,0.0,10,289,2017,-0.8660254037844386,0.5000000000000001,-0.965739937654855,0.25951179706979943,11.49388888888889,0,14.400000000000006,70.7,74.0,71.84285714285714
2017-10-17,80.5,64.3,70.9,59.7,70.0,0,0.0,10.5,8.1,262.5,1016.0,25.0,3.5,169.4,7,0.0,10,290,2017,-0.8660254037844386,0.5000000000000001,-0.9611297838723007,0.27609697309746883,11.467777777777778,0,16.200000000000003,70.3,76.2,71.7
2017-10-18,84.1,60.7,70.4,56.3,66.0,0,0.0,13.0,8.1,127.5,1017.3,25.3,4.7,207.3,8,0.0,10,291,2017,-0.8660254037844386,0.5000000000000001,-0.9562348265919058,0.2926003356333479,11.441666666666666,0,23.39999999999999,70.9,70.0,71.41428571428573
2017-10-19,84.1,58.9,69.8,57.4,68.2,0,0.0,11.6,8.1,231.5,1017.7,25.0,4.5,222.2,8,0.0,10,292,2017,-0.8660254037844386,0.5000000000000001,-0.9510565162951536,0.30901699437494723,11.415277777777778,0,25.199999999999996,70.4,66.0,70.97142857142858
2017-10-20,82.3,58.9,69.5,60.7,75.9,0,0.0,15.4,9.2,260.3,1016.5,24.3,5.2,202.6,8,0.0,10,293,2017,-0.8660254037844386,0.5000000000000001,-0.9455963874271428,0.3253420847119795,11.389444444444445,0,23.4,69.8,68.2,70.52857142857144
2017-10-21,75.1,62.5,68.9,61.9,79.5,0,0.0,17.2,9.2,254.8,1013.6,25.0,4.5,183.5,7,0.0,10,294,2017,-0.8660254037844386,0.5000000000000001,-0.9398560579418953,0.341570769167856,11.363888888888889,0,12.599999999999994,69.5,75.9,70.07142857142857
2017-10-22,78.7,60.7,68.7,60.9,78.1,100,4.17,18.8,10.3,238.0,1012.8,28.1,4.8,170.9,7,0.0,10,295,2017,-0.8660254037844386,0.5000000000000001,-0.9338372288229252,0.35769823883312546,11.338055555555556,0,18.0,68.9,79.5,69.78571428571429
2017-10-23,78.7,58.9,67.6,56.0,68.6,0,0.0,16.6,12.8,213.3,1014.8,25.0,4.1,188.7,7,0.0,10,296,2017,-0.8660254037844386,0.5000000000000001,-0.9275416835791965,0.3737197147904692,11.312777777777777,0,19.800000000000004,68.7,78.1,69.4
2017-10-24,75.1,55.3,64.0,50.3,64.7,0,0.0,14.8,8.1,256.7,1018.0,25.0,4.2,170.1,6,0.0,10,297,2017,-0.8660254037844386,0.5000000000000001,-0.9209712877166346,0.38963044953078774,11.287222222222223,0,19.799999999999997,67.6,68.6,68.41428571428571
2017-10-25,75.1,51.7,61.9,50.9,70.0,0,0.0,13.0,8.1,191.4,1021.1,25.0,4.0,178.6,6,0.0,10,298,2017,-0.8660254037844386,0.5000000000000001,-0.9141279881853337,0.4054257283599973,11.261944444444444,0,23.39999999999999,64.0,64.7,67.2
2017-10-26,73.3,53.5,62.5,54.5,77.2,0,0.0,13.2,9.2,216.7,1021.9,24.3,3.6,187.1,7,0.0,10,299,2017,-0.8660254037844386,0.5000000000000001,-0.9070138128026362,0.42110087079608916,11.237222222222222,0,19.799999999999997,61.9,70.0,66.15714285714286
2017-10-27,75.1,57.1,64.3,56.5,77.8,0,0.0,13.4,8.1,222.0,1020.2,24.6,3.3,159.1,7,0.1016,10,300,2017,-0.8660254037844386,0.5000000000000001,-0.8996308696522434,0.4366512319560638,11.212222222222222,1,17.999999999999993,62.5,77.2,65.41428571428571
2017-10-28,73.3,53.5,62.9,55.9,79.1,0,0.0,11.9,16.1,103.3,1020.3,27.8,3.4,120.7,4,0.0,10,301,2017,-0.8660254037844386,0.5000000000000001,-0.8919813464595487,0.45207220393230374,11.1875,0,19.799999999999997,64.3,77.8,64.55714285714285
2017-10-29,73.3,49.9,61.5,50.8,70.9,100,4.17,15.4,10.3,98.3,1022.7,25.0,4.5,179.5,7,26.4,10,302,2017,-0.8660254037844386,0.5000000000000001,-0.8840675099433637,0.46735921715800205,11.162777777777778,1,23.4,62.9,79.1,63.52857142857142
2017-10-30,73.3,49.9,61.0,50.5,71.6,100,4.17,14.3,10.3,321.1,1021.6,25.0,4.9,197.8,8,4.1,10,303,2017,-0.8660254037844386,0.5000000000000001,-0.8758917051442433,0.48250774176121763,11.13861111111111,1,23.4,61.5,70.9,62.58571428571428
2017-10-31,64.3,53.5,57.6,54.0,88.1,0,0.0,15.7,6.9,288.0,1020.7,25.0,3.9,165.2,6,0.0,10,304,2017,-0.8660254037844386,0.5000000000000001,-0.867456354729597,0.4975132889071803,11.114444444444445,0,10.799999999999997,61.0,71.6,61.67142857142857
2017-11-01,71.5,51.7,59.6,53.9,83.4,100,4.17,13.4,8.1,229.0,1021.5,34.4,3.7,195.3,7,0.0,11,305,2017,-0.5000000000000004,0.8660254037844384,-0.858763958275803,0.5123714121284235,11.090555555555556,0,19.799999999999997,57.6,88.1,61.34285714285715
2017-11-02,73.3,55.3,62.4,54.2,77.1,0,0.0,11.9,8.1,313.8,1019.6,22.7,4.1,205.3,8,0.0,11,306,2017,-0.5000000000000004,0.8660254037844384,-0.8498170915275277,0.5270777086423724,11.066666666666666,0,18.0,59.6,83.4,61.32857142857143
2017-11-03,75.1,51.7,62.8,54.6,77.1,0,0.0,13.2,8.1,228.5,1020.8,25.0,4.2,192.0,7,0.0,11,307,2017,-0.5000000000000004,0.8660254037844384,-0.8406184056344783,0.5416278206559811,11.043333333333333,0,23.39999999999999,62.4,77.1,61.114285714285714
2017-11-04,75.1,51.7,62.7,54.0,76.0,0,0.0,14.3,8.1,47.1,1022.6,24.2,4.5,196.7,8,0.0,11,308,2017,-0.5000000000000004,0.8660254037844384,-0.8311706263658079,0.5560174366570446,11.02,0,23.39999999999999,62.8,77.1,61.08571428571429
2017-11-05,75.1,51.7,62.6,53.8,75.7,0,0.0,12.1,8.1,78.7,1022.4,25.0,4.3,206.0,8,0.0,11,309,2017,-0.5000000000000004,0.8660254037844384,-0.8214765533024145,0.5702422926917867,10.996944444444445,0,23.39999999999999,62.7,76.0,61.24285714285715
2017-11-06,76.9,51.7,63.1,51.9,70.1,0,0.0,13.4,10.3,261.1,1020.7,24.0,4.5,205.6,8,0.0,11,310,2017,-0.5000000000000004,0.8660254037844384,-0.8115390590073611,0.5842981736283683,10.974166666666667,0,25.200000000000003,62.6,75.7,61.542857142857144
2017-11-07,75.1,51.7,62.9,52.9,72.7,0,0.0,13.0,8.1,171.7,1020.8,24.8,4.4,198.6,7,0.0,11,311,2017,-0.5000000000000004,0.8660254037844384,-0.8013610881746769,0.5981809144059159,10.951944444444445,0,23.39999999999999,63.1,70.1,62.300000000000004
2017-11-08,76.9,53.5,62.7,52.8,73.6,0,0.0,15.4,9.2,193.5,1020.7,25.0,4.6,179.0,7,0.0,11,312,2017,-0.5000000000000004,0.8660254037844384,-0.7909456567567774,0.6118864012687242,10.929444444444444,0,23.400000000000006,62.9,72.7,62.74285714285714
2017-11-09,73.3,51.7,61.3,50.1,70.4,0,0.0,13.9,10.3,152.6,1019.5,25.0,4.6,177.2,6,0.0,11,313,2017,-0.5000000000000004,0.8660254037844384,-0.780295851070776,0.6254105729852457,10.9075,0,21.599999999999994,62.7,73.6,62.58571428571429
2017-11-10,73.3,51.7,60.9,50.8,72.6,0,0.0,12.3,10.3,211.8,1020.0,25.0,4.5,176.0,7,0.0,11,314,2017,-0.5000000000000004,0.8660254037844384,-0.7694148268839381,0.6387494220515268,10.885833333333334,0,21.599999999999994,61.3,70.4,62.31428571428571
2017-11-11,73.3,49.9,60.1,50.5,74.1,0,0.0,15.4,10.3,272.0,1020.6,25.4,4.4,185.2,7,0.0,11,315,2017,-0.5000000000000004,0.8660254037844384,-0.7583058084785625,0.6518989958787125,10.864444444444445,0,23.4,60.9,72.6,61.94285714285714
2017-11-12,73.3,49.9,60.2,50.4,74.1,0,0.0,15.2,8.1,210.1,1018.0,25.0,4.8,192.2,7,0.0,11,316,2017,-0.5000000000000004,0.8660254037844384,-0.7469720876965551,0.6648553979642867,10.84361111111111,0,23.4,60.1,74.1,61.6
2017-11-13,71.5,49.9,59.7,50.9,75.2,0,0.0,17.2,9.2,192.3,1017.4,25.0,4.1,189.1,7,0.0,11,317,2017,-0.5000000000000004,0.8660254037844384,-0.7354170229639858,0.6776147890466887,10.822777777777778,0,21.6,60.2,74.1,61.114285714285714
2017-11-14,71.5,49.9,59.4,51.3,76.6,0,0.0,14.1,8.1,193.7,1018.5,25.0,3.7,184.3,7,0.0,11,318,2017,-0.5000000000000004,0.8660254037844384,-0.7236440382959123,0.690173388242972,10.8025,0,21.6,59.7,75.2,60.61428571428571
2017-11-15,71.5,49.9,59.4,51.1,76.4,0,0.0,14.1,8.1,230.2,1019.5,25.0,3.2,181.8,7,0.0,11,319,2017,-0.5000000000000004,0.8660254037844384,-0.7116566222817751,0.7025274741691566,10.7825,0,21.6,59.4,76.6,60.142857142857146
2017-11-16,69.7,51.7,60.1,51.6,75.4,0,0.0,14.3,4.7,136.7,1019.9,25.0,3.4,134.0,6,0.0,11,320,2017,-0.5000000000000004,0.8660254037844384,-0.6994583270516471,0.7146733860429608,10.762777777777778,0,18.0,59.4,76.4,59.97142857142857
2017-11-17,75.1,49.9,61.5,52.2,74.4,0,0.0,14.8,8.1,222.0,1019.0,25.0,3.6,167.8,7,0.0,11,321,2017,-0.5000000000000004,0.8660254037844384,-0.6870527672236675,0.726607524768565,10.743611111111111,0,25.199999999999996,60.1,75.4,60.05714285714286
2017-11-18,76.9,49.9,61.4,51.7,74.1,0,0.0,15.9,10.3,268.7,1019.3,25.8,4.2,183.6,7,0.0,11,322,2017,-0.5000000000000004,0.8660254037844384,-0.6744436188329457,0.7383263540031063,10.724722222222223,0,27.000000000000007,61.5,74.4,60.24285714285714
2017-11-19,75.1,49.9,60.3,48.4,69.8,0,0.0,18.1,9.2,276.2,1019.6,25.0,4.5,186.4,7,0.0,11,323,2017,-0.5000000000000004,0.8660254037844384,-0.661634618242279,0.749826401204568,10.706111111111111,0,25.199999999999996,61.4,74.1,60.25714285714286
2017-11-20,75.1,48.1,59.6,46.9,67.5,0,0.0,19.0,10.3,291.6,1019.4,25.0,4.3,177.8,7,0.0,11,324,2017,-0.5000000000000004,0.8660254037844384,-0.6486295610349818,0.7611042586607742,10.688333333333333,0,26.999999999999993,60.3,69.8,60.24285714285714
2017-11-21,71.5,46.3,57.6,46.5,70.2,0,0.0,17.0,9.2,257.7,1017.6,26.7,3.9,187.5,7,0.0,11,325,2017,-0.5000000000000004,0.8660254037844384,-0.6354323008901775,0.7721565844991641,10.670555555555556,0,25.200000000000003,59.6,67.5,59.98571428571428
2017-11-22,69.7,48.1,57.2,47.6,73.1,0,0.0,16.1,8.1,213.7,1016.5,27.1,4.0,172.3,7,0.0,11,326,2017,-0.5000000000000004,0.8660254037844384,-0.622046748440868,0.7829801036770625,10.653333333333334,0,21.6,57.6,70.2,59.67142857142857
2017-11-23,69.7,46.3,56.2,45.9,72.1,0,0.0,13.0,8.1,160.9,1016.6,25.0,4.0,161.5,6,0.0,11,327,2017,-0.5000000000000004,0.8660254037844384,-0.6084768701151264,0.7935716089521472,10.636388888888888,0,23.400000000000006,57.2,73.1,59.114285714285714
2017-11-24,67.9,44.5,55.8,46.9,75.3,0,0.0,14.1,8.1,183.2,1018.5,25.0,3.7,171.2,6,0.0,11,328,2017,-0.5000000000000004,0.8660254037844384,-0.594726686960764,0.8039279618328208,10.62,0,23.400000000000006,56.2,72.1,58.3
2017-11-25,67.9,46.3,55.5,46.4,74.5,0,0.0,12.8,6.9,216.7,1020.4,25.0,3.6,130.7,5,0.0,11,329,2017,-0.5000000000000004,0.8660254037844384,-0.5808002734538014,0.8140460935082175,10.604166666666666,0,21.60000000000001,55.8,75.3,57.457142857142856
2017-11-26,69.7,44.5,55.8,46.6,74.6,0,0.0,14.1,8.1,215.5,1020.9,25.0,3.9,130.6,5,0.0,11,330,2017,-0.5000000000000004,0.8660254037844384,-0.5667017562911184,0.8239230057575536,10.588611111111112,0,25.200000000000003,55.5,74.5,56.81428571428571
2017-11-27,67.9,46.3,55.0,46.8,76.2,0,0.0,14.1,10.3,200.5,1017.7,25.0,4.0,95.8,5,0.0,11,331,2017,-0.5000000000000004,0.8660254037844384,-0.5524353131676203,0.8335557718385695,10.573888888888888,0,21.60000000000001,55.8,74.6,56.15714285714286
2017-11-28,66.1,44.5,54.2,47.1,79.0,0,0.0,12.3,11.4,190.0,1017.5,25.0,3.3,103.2,4,0.0,11,332,2017,-0.5000000000000004,0.8660254037844384,-0.5380051715382992,0.8429415373547832,10.559166666666666,0,21.599999999999994,55.0,76.2,55.67142857142857
2017-11-29,77.3,46.3,54.7,47.8,79.7,100,4.17,13.4,8.1,197.4,1020.1,24.0,2.7,110.4,4,0.0,11,333,2017,-0.5000000000000004,0.8660254037844384,-0.5234156073655503,0.8520775211013093,10.545555555555556,0,31.0,54.2,79.0,55.31428571428571
2017-11-30,67.9,44.5,53.6,47.0,80.8,0,0.0,14.8,6.9,173.2,1019.6,25.0,2.2,109.2,4,0.0,11,334,2017,-0.5000000000000004,0.8660254037844384,-0.5086709438521042,0.8609610158889945,10.531944444444445,0,23.400000000000006,54.7,79.7,54.94285714285714
2017-12-01,66.1,43.6,53.5,46.0,78.1,100,4.17,13.6,6.9,140.0,1019.7,27.8,2.6,132.4,6,0.0,12,335,2017,-2.4492935982947064e-16,1.0,-0.4937755501599774,0.8695893893466109,10.519444444444444,0,22.499999999999993,53.6,80.8,54.614285714285714
2017-12-02,69.7,42.7,53.7,44.0,73.0,0,0.0,15.0,8.1,152.8,1021.1,25.4,3.0,136.7,6,0.1016,12,336,2017,-2.4492935982947064e-16,1.0,-0.4787338401157883,0.8779600847008883,10.506666666666666,1,27.0,53.5,78.1,54.357142857142854
2017-12-03,67.9,42.7,53.2,43.8,74.4,0,0.0,15.4,8.1,147.9,1020.4,25.0,3.7,146.9,6,0.0,12,337,2017,-2.4492935982947064e-16,1.0,-0.4635502709028512,0.8860706215341377,10.495,0,25.200000000000003,53.7,73.0,53.98571428571428
2017-12-04,67.9,42.7,53.7,44.9,75.5,0,0.0,16.1,6.9,161.5,1018.8,25.0,3.7,158.7,6,0.0,12,338,2017,-2.4492935982947064e-16,1.0,-0.4482293417404106,0.893918596519257,10.483888888888888,0,25.200000000000003,53.2,74.4,53.800000000000004
2017-12-05,67.9,42.7,55.3,45.1,71.7,0,0.0,15.9,6.9,200.1,1018.7,25.0,3.8,126.2,5,0.0,12,339,2017,-2.4492935982947064e-16,1.0,-0.4327755925504317,0.9015016841318838,10.473333333333333,0,25.200000000000003,53.7,75.5,53.95714285714286
2017-12-06,69.7,48.1,57.5,47.9,73.1,100,4.17,17.4,10.3,254.7,1017.7,25.0,3.8,152.3,6,0.0,12,340,2017,-2.4492935982947064e-16,1.0,-0.41719360261231697,0.9088176373395028,10.463055555555556,0,21.6,55.3,71.7,54.357142857142854
2017-12-07,71.5,46.3,56.8,49.1,77.9,0,0.0,17.7,8.1,235.8,1018.3,25.0,4.0,134.2,6,0.0,12,341,2017,-2.4492935982947064e-16,1.0,-0.4014879892059737,0.9158642882672868,10.453611111111112,0,25.200000000000003,57.5,73.1,54.81428571428571
2017-12-08,71.5,46.3,57.3,50.1,79.0,0,0.0,16.1,10.3,203.0,1018.9,28.1,3.6,142.7,6,0.0,12,342,2017,-2.4492935982947064e-16,1.0,-0.38566340624360745,0.9226395488404875,10.444722222222222,0,25.200000000000003,56.8,77.9,55.357142857142854
2017-12-09,71.5,48.1,57.8,48.8,75.1,0,0.0,13.9,5.8,154.4,1019.8,24.4,3.9,142.7,5,0.0,12,343,2017,-2.4492935982947064e-16,1.0,-0.3697245428906732,0.9291414114031743,10.436388888888889,0,23.4,57.3,79.0,55.94285714285714
2017-12-10,73.3,46.3,57.5,46.7,71.5,0,0.0,14.5,6.9,243.0,1020.1,25.0,4.0,171.3,7,0.0,12,344,2017,-2.4492935982947064e-16,1.0,-0.3536761221763721,0.935367949313148,10.428888888888888,0,27.0,57.8,75.1,56.55714285714286
2017-12-11,73.3,46.3,57.1,47.1,72.5,0,0.0,15.4,8.1,209.1,1019.5,25.0,4.0,159.9,6,0.0,12,345,2017,-2.4492935982947064e-16,1.0,-0.33752289959411347,0.941317317512847,10.421944444444444,0,27.0,57.5,71.5,57.04285714285714
2017-12-12,71.5,44.5,56.1,44.8,70.7,0,0.0,17.9,9.2,259.2,1019.5,24.2,4.3,164.8,6,0.0,12,346,2017,-2.4492935982947064e-16,1.0,-0.32126966169236515,0.946987753076075,10.415277777777778,0,27.0,57.1,72.5,57.15714285714286
2017-12-13,69.7,44.5,55.1,43.4,67.9,0,0.0,21.3,8.1,304.0,1020.0,25.0,3.8,174.3,7,0.0,12,347,2017,-2.4492935982947064e-16,1.0,-0.3049212246562894,0.9523775757303973,10.409444444444444,0,25.200000000000003,56.1,70.7,56.814285714285724
2017-12-14,69.7,40.9,53.2,39.6,65.6,0,0.0,19.7,10.3,1.0,1020.3,25.0,3.7,176.5,7,0.0,12,348,2017,-2.4492935982947064e-16,1.0,-0.2884824328806098,0.9574851883550389,10.404444444444444,0,28.800000000000004,55.1,67.9,56.300000000000004
2017-12-15,69.7,37.3,51.7,37.1,62.9,0,0.0,19.2,9.2,131.2,1020.4,24.0,3.7,179.3,7,0.0,12,349,2017,-2.4492935982947064e-16,1.0,-0.27195815753410524,0.9623090774541487,10.399722222222222,0,32.400000000000006,53.2,65.6,55.5
2017-12-16,67.9,37.3,50.3,37.2,65.2,0,0.0,16.1,8.1,124.1,1021.5,25.0,3.4,176.3,7,0.0,12,350,2017,-2.4492935982947064e-16,1.0,-0.2553532951161881,0.9668478136052773,10.39611111111111,0,30.60000000000001,51.7,62.9,54.42857142857143
2017-12-17,67.9,37.3,50.5,40.9,73.3,0,0.0,15.4,6.9,160.1,1022.5,27.1,2.9,168.4,7,0.0,12,351,2017,-2.4492935982947064e-16,1.0,-0.23867276600594997,0.9711000518829505,10.3925,0,30.60000000000001,50.3,65.2,53.42857142857143
2017-12-18,66.1,40.9,51.5,44.0,79.0,0,0.0,14.8,6.9,170.0,1023.3,34.4,2.6,164.7,7,0.0,12,352,2017,-2.4492935982947064e-16,1.0,-0.22192151300416674,0.9750645322571945,10.39,0,25.199999999999996,50.5,73.3,52.62857142857143
2017-12-19,66.1,42.7,53.1,45.0,77.0,0,0.0,15.4,8.1,174.6,1023.5,25.0,2.7,163.8,6,0.0,12,353,2017,-2.4492935982947064e-16,1.0,-0.20510449986861926,0.9787400799669153,10.388333333333334,0,23.39999999999999,51.5,79.0,52.199999999999996
2017-12-20,66.1,42.7,53.5,45.4,76.4,0,0.0,14.5,5.8,193.9,1024.8,28.1,2.6,136.5,5,0.0,12,354,2017,-2.4492935982947064e-16,1.0,-0.1882267098432439,0.9821256058680006,10.386944444444444,0,23.39999999999999,53.1,77.0,51.97142857142857
2017-12-21,67.9,42.7,53.6,44.4,74.4,0,0.0,16.8,8.1,241.2,1024.0,25.0,2.9,150.3,6,0.0,12,355,2017,-2.4492935982947064e-16,1.0,-0.1712931441814778,0.9852201067560606,10.386388888888888,0,25.200000000000003,53.5,76.4,52.028571428571425
2017-12-22,66.1,40.9,52.5,44.1,76.3,0,0.0,16.8,6.9,142.9,1020.5,25.0,3.2,141.6,6,0.0,12,356,2017,-2.4492935982947064e-16,1.0,-0.154308820664281,0.9880226656636976,10.386388888888888,0,25.199999999999996,53.6,74.4,52.142857142857146
2017-12-23,66.1,39.1,51.3,44.4,80.3,0,0.0,16.1,6.9,169.4,1017.8,34.4,2.7,143.4,6,0.0,12,357,2017,-2.4492935982947064e-16,1.0,-0.13727877211326517,0.9905324521322227,10.387222222222222,0,26.999999999999993,52.5,76.3,52.285714285714285
2017-12-24,64.3,46.3,53.9,46.8,78.6,0,0.0,16.1,5.8,180.6,1018.9,25.1,2.5,163.2,6,0.0,12,358,2017,-2.4492935982947064e-16,1.0,-0.12020804489935275,0.9927487224577402,10.388333333333334,0,18.0,51.3,80.3,52.771428571428565
2017-12-25,66.1,40.9,52.1,43.9,76.9,0,0.0,17.2,8.1,193.5,1019.4,25.0,2.9,155.9,6,0.0,12,359,2017,-2.4492935982947064e-16,1.0,-0.10310169744743544,0.9946708199115211,10.390555555555556,0,25.199999999999996,53.9,78.6,52.857142857142854
2017-12-26,66.1,40.9,52.3,42.9,74.2,0,0.0,15.9,9.54,58.6,1020.8,25.0,2.7,178.8,7,0.0,12,360,2017,-2.4492935982947064e-16,1.0,-0.0859647987374467,0.9962981749346077,10.393055555555556,0,25.199999999999996,52.1,76.9,52.74285714285714
2017-12-27,69.7,39.1,52.6,39.6,68.0,0,0.0,12.8,8.1,167.6,1020.8,25.0,3.0,178.0,7,0.0,12,361,2017,-2.4492935982947064e-16,1.0,-0.06880242680232064,0.9976303053065857,10.39638888888889,0,30.6,52.3,74.2,52.614285714285714
2017-12-28,71.5,39.1,52.4,36.3,61.3,0,0.0,13.9,9.2,149.4,1020.8,25.0,3.3,175.7,7,0.0,12,362,2017,-2.4492935982947064e-16,1.0,-0.05161966722325418,0.9986668162884759,10.400555555555556,0,32.4,52.6,68.0,52.44285714285714
2017-12-29,69.7,39.1,51.9,37.6,63.2,0,0.0,14.8,10.3,162.6,1021.5,25.0,3.1,176.1,7,0.0,12,363,2017,-2.4492935982947064e-16,1.0,-0.034421611622745804,0.9994074007397048,10.405277777777778,0,30.6,52.4,61.3,52.357142857142854
2017-12-30,67.9,40.9,51.6,39.0,67.0,0,0.0,14.1,9.2,158.9,1021.0,25.0,3.0,173.2,7,0.0,12,364,2017,-2.4492935982947064e-16,1.0,-0.01721335615583528,0.9998518392091162,10.410277777777777,0,27.000000000000007,51.9,63.2,52.4
2017-12-31,67.9,39.1,51.1,40.2,70.3,0,0.0,14.8,9.2,218.2,1019.4,25.0,3.4,171.4,6,0.0,12,365,2017,-2.4492935982947064e-16,1.0,6.432490598706546e-16,1.0,10.41638888888889,0,28.800000000000004,51.6,67.0,52.0
2018-01-01,64.3,44.5,51.9,42.3,72.9,0,0.0,6.9,11.4,192.2,1016.8,46.3,3.4,0.0,0,0.0,1,1,2018,0.49999999999999994,0.8660254037844387,0.017213356155834685,0.9998518392091162,10.422777777777778,0,19.799999999999997,51.1,70.3,51.971428571428575
2018-01-02,64.3,39.1,49.4,38.3,68.7,0,0.0,19.7,11.4,190.0,1015.8,29.2,4.1,74.9,5,0.0,1,2,2018,0.49999999999999994,0.8660254037844387,0.03442161162274574,0.9994074007397048,10.43,0,25.199999999999996,51.9,72.9,51.55714285714286
2018-01-03,62.5,37.3,48.3,34.7,64.1,0,0.0,18.1,9.2,266.7,1015.4,25.0,3.7,181.3,7,0.0,1,3,2018,0.49999999999999994,0.8660254037844387,0.051619667223253764,0.998666816288476,10.438055555555556,0,25.200000000000003,49.4,68.7,50.94285714285714
2018-01-04,64.3,35.5,48.2,34.7,64.9,0,0.0,14.8,11.4,168.3,1017.3,24.0,3.9,178.5,7,0.0,1,4,2018,0.49999999999999994,0.8660254037844387,0.06880242680231986,0.9976303053065857,10.446111111111112,0,28.799999999999997,48.3,64.1,50.34285714285714
2018-01-05,62.5,35.5,47.4,35.9,68.7,0,0.0,15.2,11.4,188.1,1016.0,25.0,3.6,174.3,7,0.0,1,5,2018,0.49999999999999994,0.8660254037844387,0.08596479873744647,0.9962981749346078,10.455277777777777,0,27.0,48.2,64.9,49.699999999999996
2018-01-06,60.7,35.5,46.8,32.9,63.9,0,0.0,15.7,11.4,261.0,1013.5,25.0,3.3,169.7,6,0.0,1,6,2018,0.49999999999999994,0.8660254037844387,0.10310169744743485,0.9946708199115211,10.465,0,25.200000000000003,47.4,68.7,49.01428571428571
2018-01-07,62.5,33.7,45.3,29.1,58.3,0,0.0,15.9,9.2,203.4,1013.5,25.0,3.7,153.8,6,0.0,1,7,2018,0.49999999999999994,0.8660254037844387,0.1202080448993527,0.9927487224577402,10.475277777777778,0,28.799999999999997,46.8,63.9,48.18571428571429
2018-01-08,58.9,33.7,45.0,31.7,64.2,0,0.0,16.1,8.1,169.5,1017.1,25.0,3.6,157.9,6,0.0,1,8,2018,0.49999999999999994,0.8660254037844387,0.13727877211326478,0.9905324521322229,10.485833333333334,0,25.199999999999996,45.3,58.3,47.199999999999996
2018-01-09,62.5,32.1,45.6,34.1,68.1,0,0.0,16.1,8.1,177.7,1019.2,25.2,2.6,170.1,7,0.0,1,9,2018,0.49999999999999994,0.8660254037844387,0.15430882066428117,0.9880226656636976,10.4975,0,30.4,45.0,64.2,46.65714285714286
2018-01-10,62.5,33.7,46.6,36.5,71.2,0,0.0,16.8,8.1,197.8,1018.5,26.9,2.6,169.0,6,0.0,1,10,2018,0.49999999999999994,0.8660254037844387,0.1712931441814776,0.9852201067560606,10.509166666666667,0,28.799999999999997,45.6,68.1,46.41428571428571
2018-01-11,62.5,35.5,47.6,37.2,70.9,0,0.0,15.4,8.1,175.6,1017.3,25.0,2.7,169.7,7,0.0,1,11,2018,0.49999999999999994,0.8660254037844387,0.1882267098432442,0.9821256058680006,10.521666666666667,0,27.0,46.6,71.2,46.32857142857143
2018-01-12,64.3,37.3,48.9,39.6,73.1,0,0.0,16.8,9.2,235.0,1017.5,29.2,2.5,178.1,7,0.0,1,12,2018,0.49999999999999994,0.8660254037844387,0.2051044998686192,0.9787400799669153,10.534722222222221,0,27.0,47.6,70.9,46.542857142857144
2018-01-13,64.3,39.1,50.1,40.3,73.0,0,0.0,18.3,10.3,235.1,1017.0,38.4,3.0,176.9,7,0.0,1,13,2018,0.49999999999999994,0.8660254037844387,0.22192151300416552,0.9750645322571948,10.54861111111111,0,25.199999999999996,48.9,73.1,47.01428571428572
2018-01-14,62.5,40.9,50.4,41.5,74.1,0,0.0,16.6,9.2,180.8,1018.2,53.8,3.0,112.6,5,0.0,1,14,2018,0.49999999999999994,0.8660254037844387,0.2386727660059501,0.9711000518829505,10.5625,0,21.6,50.1,73.0,47.74285714285714
2018-01-15,64.3,39.1,50.4,40.2,71.3,0,0.0,15.9,8.1,206.2,1017.0,28.1,3.3,138.0,7,0.0,1,15,2018,0.49999999999999994,0.8660254037844387,0.255353295116187,0.9668478136052775,10.577222222222222,0,25.199999999999996,50.4,74.1,48.51428571428572
2018-01-16,66.1,39.1,49.4,41.2,76.2,0,0.0,13.4,8.1,163.8,1016.8,24.8,3.4,144.0,6,0.0,1,16,2018,0.49999999999999994,0.8660254037844387,0.2719581575341055,0.9623090774541486,10.592222222222222,0,26.999999999999993,50.4,71.3,49.05714285714286
2018-01-17,66.1,39.1,51.6,41.7,72.4,0,0.0,17.7,9.2,147.3,1017.8,25.0,2.9,178.3,7,0.0,1,17,2018,0.49999999999999994,0.8660254037844387,0.288482432880609,0.9574851883550393,10.608055555555556,0,26.999999999999993,49.4,76.2,49.771428571428565
2018-01-18,66.1,39.1,51.9,42.8,74.3,0,0.0,16.6,8.1,197.8,1017.3,26.9,2.6,177.6,7,0.0,1,18,2018,0.49999999999999994,0.8660254037844387,0.30492122465628907,0.9523775757303974,10.623888888888889,0,26.999999999999993,51.6,72.4,50.385714285714286
2018-01-19,66.1,40.9,51.6,41.7,72.1,0,0.0,15.9,8.1,178.9,1017.9,25.0,2.6,162.6,7,0.0,1,19,2018,0.49999999999999994,0.8660254037844387,0.3212696616923644,0.9469877530760753,10.640555555555556,0,25.199999999999996,51.9,74.3,50.771428571428565
2018-01-20,66.1,39.1,51.3,41.3,72.2,0,0.0,17.4,6.9,188.1,1016.5,25.0,2.9,155.2,7,0.0,1,20,2018,0.49999999999999994,0.8660254037844387,0.3375228995941133,0.9413173175128471,10.6575,0,26.999999999999993,51.6,72.1,50.942857142857136
2018-01-21,64.3,44.5,53.2,43.2,71.0,0,0.0,13.6,8.1,182.8,1017.5,50.7,3.0,141.7,6,0.0,1,21,2018,0.49999999999999994,0.8660254037844387,0.3536761221763716,0.9353679493131483,10.675,0,19.799999999999997,51.3,72.2,51.34285714285714
2018-01-22,69.7,40.9,53.3,42.7,71.6,0,0.0,14.1,9.2,209.0,1016.5,25.0,2.8,174.1,7,0.0,1,22,2018,0.49999999999999994,0.8660254037844387,0.3697245428906731,0.9291414114031743,10.693055555555556,0,28.800000000000004,53.2,71.0,51.75714285714286
2018-01-23,69.7,40.9,53.6,44.0,73.8,0,0.0,16.6,9.96,116.8,1015.5,25.5,3.1,181.6,7,0.0,1,23,2018,0.49999999999999994,0.8660254037844387,0.38566340624360707,0.9226395488404876,10.711388888888889,0,28.800000000000004,53.3,71.6,52.357142857142854
2018-01-24,53.5,40.9,48.3,43.4,84.3,100,8.33,17.4,13.9,125.5,1014.3,62.7,3.1,90.5,5,6.1,1,24,2018,0.49999999999999994,0.8660254037844387,0.401487989205973,0.9158642882672872,10.73,1,12.600000000000001,53.6,73.8,51.885714285714286
2018-01-25,62.5,37.3,48.4,40.3,76.6,0,0.0,18.1,10.3,254.7,1013.3,25.0,3.2,188.9,7,0.0,1,25,2018,0.49999999999999994,0.8660254037844387,0.4171936026123168,0.9088176373395029,10.749166666666667,0,25.200000000000003,48.3,84.3,51.385714285714286
2018-01-26,62.5,37.3,48.9,40.9,77.7,0,0.0,17.0,11.4,228.1,1013.9,36.5,3.0,167.9,7,0.0,1,26,2018,0.49999999999999994,0.8660254037844387,0.4327755925504312,0.901501684131884,10.768888888888888,0,25.200000000000003,48.4,76.6,51.0
2018-01-27,60.7,39.1,48.6,39.9,74.7,0,0.0,16.8,12.8,216.6,1013.3,31.8,3.0,156.0,7,0.0,1,27,2018,0.49999999999999994,0.8660254037844387,0.4482293417404106,0.893918596519257,10.78888888888889,0,21.6,48.9,77.7,50.614285714285714
2018-01-28,64.3,37.3,47.7,38.1,72.3,0,0.0,17.9,9.2,190.2,1014.5,25.0,2.8,158.4,6,5.0038,1,28,2018,0.49999999999999994,0.8660254037844387,0.4635502709028509,0.886070621534138,10.809444444444445,1,27.0,48.6,74.7,49.82857142857143
2018-01-29,62.5,37.3,48.2,39.5,74.7,0,0.0,18.3,10.3,249.2,1016.2,25.0,2.6,173.5,7,0.0,1,29,2018,0.49999999999999994,0.8660254037844387,0.47873384011578846,0.8779600847008882,10.83,0,25.200000000000003,47.7,72.3,49.10000000000001
2018-01-30,60.7,40.9,50.0,41.6,75.7,0,0.0,18.1,9.2,237.9,1014.4,32.9,2.3,185.5,7,0.0,1,30,2018,0.49999999999999994,0.8660254037844387,0.4937755501599772,0.869589389346611,10.850833333333334,0,19.800000000000004,48.2,74.7,48.58571428571429
2018-01-31,60.7,40.9,49.3,43.0,80.5,0,0.0,16.1,9.2,248.5,1015.2,40.7,1.9,159.7,6,0.0,1,31,2018,0.49999999999999994,0.8660254037844387,0.5086709438521044,0.8609610158889943,10.872222222222222,0,19.800000000000004,50.0,75.7,48.72857142857142
2018-02-01,64.3,44.5,52.5,43.4,73.6,0,0.0,19.0,10.3,253.7,1016.4,42.3,1.9,156.3,6,0.0,2,32,2018,0.8660254037844386,0.5000000000000001,0.5234156073655503,0.8520775211013093,10.893888888888888,0,19.799999999999997,49.3,80.5,49.31428571428571
2018-02-02,66.1,40.9,51.9,44.1,78.1,0,0.0,18.6,9.2,209.0,1015.8,28.7,1.9,145.3,6,0.0,2,33,2018,0.8660254037844386,0.5000000000000001,0.5380051715382996,0.8429415373547828,10.915833333333333,0,25.199999999999996,52.5,73.6,49.74285714285715
2018-02-03,66.1,44.5,53.8,44.7,73.2,0,0.0,20.1,11.4,269.6,1017.5,36.5,2.4,164.8,6,0.0,2,34,2018,0.8660254037844386,0.5000000000000001,0.5524353131676196,0.8335557718385699,10.938333333333333,0,21.599999999999994,51.9,78.1,50.48571428571428
2018-02-04,67.9,39.1,53.4,36.9,63.5,0,0.0,21.3,16.1,300.8,1016.9,28.1,3.3,210.7,8,0.0,2,35,2018,0.8660254037844386,0.5000000000000001,0.5667017562911176,0.8239230057575542,10.960555555555555,0,28.800000000000004,53.8,73.2,51.300000000000004
2018-02-05,71.5,40.9,55.1,36.9,57.0,0,0.0,20.4,12.8,310.7,1020.1,49.1,3.3,209.6,8,0.0,2,36,2018,0.8660254037844386,0.5000000000000001,0.5808002734538009,0.8140460935082178,10.983611111111111,0,30.6,53.4,63.5,52.28571428571428
2018-02-06,73.3,48.1,59.1,41.3,56.3,0,0.0,22.1,16.1,315.7,1018.2,77.5,3.5,170.5,6,0.0,2,37,2018,0.8660254037844386,0.5000000000000001,0.5947266869607634,0.8039279618328213,11.006666666666666,0,25.199999999999996,55.1,57.0,53.58571428571429
2018-02-07,67.9,46.3,56.0,39.9,58.9,0,0.0,18.8,6.9,39.0,1015.0,80.5,2.8,139.7,5,0.0,2,38,2018,0.8660254037844386,0.5000000000000001,0.6084768701151261,0.7935716089521474,11.03,0,21.60000000000001,59.1,56.3,54.542857142857144
2018-02-08,69.7,42.7,55.4,30.0,45.5,0,0.0,24.6,12.8,316.5,1014.7,28.1,4.1,221.1,8,0.0,2,39,2018,0.8660254037844386,0.5000000000000001,0.6220467484408675,0.7829801036770629,11.053888888888888,0,27.0,56.0,58.9,54.957142857142856
2018-02-09,71.5,44.5,55.5,29.0,41.1,0,0.0,24.6,11.4,292.2,1014.7,37.0,3.7,213.9,8,0.0,2,40,2018,0.8660254037844386,0.5000000000000001,0.6354323008901774,0.7721565844991642,11.077777777777778,0,27.0,55.4,45.5,55.47142857142857
2018-02-10,71.5,37.5,53.6,30.1,47.6,0,0.0,22.4,12.8,272.0,1018.0,27.1,4.0,227.7,8,0.0,2,41,2018,0.8660254037844386,0.5000000000000001,0.6486295610349814,0.7611042586607747,11.101944444444445,0,34.0,55.5,41.1,55.44285714285714
2018-02-11,69.7,39.1,55.6,35.2,52.0,0,0.0,20.4,13.9,296.5,1020.9,45.7,3.6,221.3,8,0.0,2,42,2018,0.8660254037844386,0.5000000000000001,0.6616346182422783,0.7498264012045686,11.126111111111111,0,30.6,53.6,47.6,55.75714285714286
2018-02-12,66.1,46.3,53.8,40.4,62.7,0,0.0,17.4,10.3,216.9,1024.0,73.2,2.5,112.5,4,0.0,2,43,2018,0.8660254037844386,0.5000000000000001,0.6744436188329455,0.7383263540031065,11.150555555555556,0,19.799999999999997,55.6,52.0,55.57142857142857
2018-02-13,66.1,48.1,55.2,46.0,73.2,100,4.17,13.2,6.9,229.5,1024.3,88.5,3.5,137.6,6,1.5,2,44,2018,0.8660254037844386,0.5000000000000001,0.6870527672236669,0.7266075247685656,11.175555555555556,1,17.999999999999993,53.8,62.7,55.01428571428572
2018-02-14,67.9,44.5,55.8,43.8,68.1,0,0.0,25.9,11.4,280.3,1021.6,48.0,3.1,212.6,8,0.1016,2,45,2018,0.8660254037844386,0.5000000000000001,0.6994583270516471,0.7146733860429609,11.200277777777778,1,23.400000000000006,55.2,73.2,54.98571428571428
2018-02-15,73.3,42.7,56.1,44.2,68.9,0,0.0,17.9,11.4,211.4,1021.5,25.0,3.3,233.6,8,0.0,2,46,2018,0.8660254037844386,0.5000000000000001,0.7116566222817746,0.702527474169157,11.225555555555555,0,30.599999999999994,55.8,68.1,55.08571428571429
2018-02-16,69.7,46.3,56.4,48.3,76.9,0,0.0,17.9,10.3,224.9,1020.4,41.8,2.8,207.9,8,0.0,2,47,2018,0.8660254037844386,0.5000000000000001,0.7236440382959124,0.6901733882429719,11.250555555555556,0,23.400000000000006,56.1,68.9,55.214285714285715
2018-02-17,69.7,51.7,57.8,48.7,73.9,0,0.0,18.3,15.0,208.1,1015.6,43.8,2.9,179.5,7,0.0,2,48,2018,0.8660254037844386,0.5000000000000001,0.7354170229639855,0.6776147890466889,11.276111111111112,0,18.0,56.4,76.9,55.81428571428571
2018-02-18,67.9,44.5,56.1,45.3,70.0,0,0.0,19.5,15.0,204.6,1015.4,34.4,3.0,179.9,7,0.0,2,49,2018,0.8660254037844386,0.5000000000000001,0.7469720876965552,0.6648553979642865,11.301666666666666,0,23.400000000000006,57.8,73.9,55.885714285714286
2018-02-19,67.9,46.3,56.2,46.4,72.1,0,0.0,21.0,11.4,231.6,1017.1,37.0,2.9,196.8,8,0.0,2,50,2018,0.8660254037844386,0.5000000000000001,0.7583058084785625,0.6518989958787126,11.327777777777778,0,21.60000000000001,56.1,70.0,56.228571428571435
2018-02-20,69.7,46.3,56.2,46.3,72.1,0,0.0,18.1,12.8,205.1,1017.9,45.3,2.6,209.5,8,0.0,2,51,2018,0.8660254037844386,0.5000000000000001,0.7694148268839378,0.6387494220515272,11.353333333333333,0,23.400000000000006,56.2,72.1,56.37142857142857
2018-02-21,68.1,46.5,56.6,46.7,71.6,0,0.0,18.3,10.3,227.6,1015.8,40.8,2.7,180.9,7,0.0,2,52,2018,0.8660254037844386,0.5000000000000001,0.7802958510707755,0.6254105729852463,11.379722222222222,0,21.599999999999994,56.2,72.1,56.48571428571429
2018-02-22,69.9,46.5,56.7,47.2,73.3,0,0.0,19.7,17.2,216.4,1015.1,57.8,2.8,148.6,7,0.0,2,53,2018,0.8660254037844386,0.5000000000000001,0.7909456567567772,0.6118864012687243,11.405555555555555,0,23.400000000000006,56.6,71.6,56.57142857142857
2018-02-23,67.9,48.1,58.0,48.6,72.8,0,0.0,18.1,11.4,289.5,1016.1,46.5,2.3,192.5,7,0.0,2,54,2018,0.8660254037844386,0.5000000000000001,0.8013610881746766,0.5981809144059164,11.432222222222222,0,19.800000000000004,56.7,73.3,56.800000000000004
2018-02-24,71.5,48.1,59.0,49.4,73.3,0,0.0,20.8,9.2,267.7,1019.5,27.5,2.4,198.4,7,0.0,2,55,2018,0.8660254037844386,0.5000000000000001,0.8115390590073611,0.5842981736283683,11.45861111111111,0,23.4,58.0,72.8,56.971428571428575
2018-02-25,73.3,48.1,60.6,46.8,65.0,0,0.0,26.8,16.1,304.3,1019.3,50.1,2.8,186.9,8,0.0,2,56,2018,0.8660254037844386,0.5000000000000001,0.8214765533024142,0.5702422926917871,11.485277777777778,0,25.199999999999996,59.0,73.3,57.614285714285714
2018-02-26,73.3,46.3,60.3,46.2,62.2,0,0.0,20.4,11.4,212.8,1016.4,29.7,3.7,239.0,9,0.0,2,57,2018,0.8660254037844386,0.5000000000000001,0.8311706263658079,0.5560174366570446,11.511944444444444,0,27.0,60.6,65.0,58.199999999999996
2018-02-27,71.5,53.5,61.2,52.5,74.9,0,0.0,19.2,12.8,221.0,1017.5,44.9,2.5,189.1,8,0.0,2,58,2018,0.8660254037844386,0.5000000000000001,0.8406184056344782,0.5416278206559814,11.538611111111111,0,18.0,60.3,62.2,58.91428571428572
2018-02-28,73.3,57.1,62.7,53.4,73.8,0,0.0,19.2,12.8,265.2,1017.3,52.8,2.9,150.4,5,0.0,2,59,2018,0.8660254037844386,0.5000000000000001,0.8498170915275278,0.5270777086423722,11.565277777777778,0,16.199999999999996,61.2,74.9,59.785714285714285
2018-03-01,73.3,53.5,62.7,53.7,74.6,0,0.0,19.0,17.2,209.9,1015.8,48.0,3.2,187.8,7,0.0,3,60,2018,1.0,6.123233995736766e-17,0.8587639582758029,0.5123714121284237,11.592222222222222,0,19.799999999999997,62.7,73.8,60.642857142857146
2018-03-02,73.3,53.5,62.0,51.4,70.9,0,0.0,28.9,15.0,226.8,1014.0,54.3,3.0,185.9,7,0.0,3,61,2018,1.0,6.123233995736766e-17,0.8674563547295968,0.49751328890718066,11.619444444444444,0,19.799999999999997,62.7,74.6,61.214285714285715
2018-03-03,76.9,48.1,61.2,47.4,64.7,100,4.17,19.2,11.4,307.5,1011.3,26.0,4.2,236.7,9,2.5,3,62,2018,1.0,6.123233995736766e-17,0.8758917051442429,0.48250774176121847,11.646666666666667,1,28.800000000000004,62.0,70.9,61.52857142857143
2018-03-04,78.7,51.7,63.8,47.9,61.9,0,0.0,27.7,13.9,314.8,1013.6,53.3,3.6,219.5,8,2.0066,3,63,2018,1.0,6.123233995736766e-17,0.8840675099433636,0.46735921715800227,11.67388888888889,1,27.0,61.2,64.7,61.98571428571428
2018-03-05,75.1,49.9,63.5,43.3,53.1,0,0.0,24.8,16.1,294.7,1016.3,44.9,4.3,212.6,8,0.0,3,64,2018,1.0,6.123233995736766e-17,0.8919813464595485,0.45207220393230435,11.700833333333334,0,25.199999999999996,63.8,61.9,62.44285714285714
2018-03-06,75.1,49.9,61.8,40.6,49.5,0,0.0,20.6,11.4,240.1,1015.4,30.8,4.7,259.1,9,0.0,3,65,2018,1.0,6.123233995736766e-17,0.8996308696522433,0.43665123195606403,11.728333333333333,0,25.199999999999996,63.5,53.1,62.528571428571425
2018-03-07,76.9,48.1,61.2,45.6,59.6,0,0.0,18.1,15.0,190.8,1017.0,25.0,3.8,264.9,9,0.0,3,66,2018,1.0,6.123233995736766e-17,0.9070138128026359,0.4211008707960896,11.755555555555556,0,28.800000000000004,61.8,49.5,62.31428571428571
2018-03-08,75.1,49.9,60.9,50.0,69.6,0,0.0,19.2,13.9,212.6,1019.4,30.2,3.4,230.2,9,0.0,3,67,2018,1.0,6.123233995736766e-17,0.9141279881853337,0.40542572835999735,11.783055555555556,0,25.199999999999996,61.2,59.6,62.057142857142864
2018-03-09,83.0,49.9,62.7,49.3,64.4,0,0.0,20.4,11.4,258.1,1017.4,31.1,3.4,203.5,8,0.0,3,68,2018,1.0,6.123233995736766e-17,0.9209712877166346,0.38963044953078796,11.810277777777777,0,33.1,60.9,69.6,62.15714285714286
2018-03-10,73.3,49.9,61.5,47.4,63.4,0,0.0,19.7,12.8,197.7,1016.5,29.2,3.6,251.7,9,0.0,3,69,2018,1.0,6.123233995736766e-17,0.9275416835791966,0.37371971479046906,11.837777777777777,0,23.4,62.7,64.4,62.199999999999996
2018-03-11,75.1,51.7,58.8,50.2,75.9,100,4.17,17.4,12.8,152.7,1017.6,48.6,2.9,220.4,9,14.2,3,70,2018,1.0,6.123233995736766e-17,0.9338372288229252,0.35769823883312546,11.865277777777777,1,23.39999999999999,61.5,63.4,61.48571428571429
2018-03-12,71.5,49.9,58.4,50.3,76.6,100,4.17,20.4,12.8,330.9,1017.5,59.8,2.8,200.2,7,0.3,3,71,2018,1.0,6.123233995736766e-17,0.9398560579418954,0.3415707691678556,11.893055555555556,1,21.6,58.8,75.9,60.75714285714286
2018-03-13,73.3,51.7,62.0,51.6,70.8,100,4.17,18.8,12.8,209.3,1016.4,62.4,2.7,230.3,9,0.0,3,72,2018,1.0,6.123233995736766e-17,0.9455963874271426,0.3253420847119801,11.920833333333333,0,21.599999999999994,58.4,76.6,60.785714285714285
2018-03-14,76.9,53.5,63.8,53.1,72.2,0,0.0,20.1,13.9,251.3,1015.8,33.9,2.8,243.2,8,0.0,3,73,2018,1.0,6.123233995736766e-17,0.9510565162951535,0.30901699437494745,11.948333333333334,0,23.400000000000006,62.0,70.8,61.15714285714286
2018-03-15,75.1,55.3,63.8,50.4,65.6,0,0.0,23.3,17.9,295.4,1015.8,64.7,3.2,183.5,6,0.0,3,74,2018,1.0,6.123233995736766e-17,0.9562348265919056,0.29260033563334836,11.975833333333334,0,19.799999999999997,63.8,72.2,61.57142857142857
2018-03-16,75.1,49.9,62.6,44.4,57.8,100,4.17,21.3,11.4,291.4,1014.3,38.6,4.6,250.8,8,5.1,3,75,2018,1.0,6.123233995736766e-17,0.9611297838723007,0.27609697309746883,12.00361111111111,1,25.199999999999996,63.8,65.6,61.55714285714286
2018-03-17,75.1,49.9,62.2,40.4,51.4,0,0.0,19.7,11.819999999999999,152.7,1014.3,39.2,4.3,252.4,9,0.0,3,76,2018,1.0,6.123233995736766e-17,0.9657399376548549,0.2595117970697999,12.03111111111111,0,25.199999999999996,62.6,57.8,61.65714285714285
2018-03-18,76.9,48.1,61.4,42.0,53.1,0,0.0,19.2,12.8,226.6,1016.8,25.0,3.3,282.9,10,0.0,3,77,2018,1.0,6.123233995736766e-17,0.970063921851507,0.2428497220959356,12.05888888888889,0,28.800000000000004,62.2,51.4,62.028571428571425
2018-03-19,76.9,49.9,63.3,44.8,54.6,0,0.0,17.0,9.2,240.5,1019.3,30.4,2.9,280.9,9,0.0,3,78,2018,1.0,6.123233995736766e-17,0.9741004551724205,0.22611568550828828,12.086388888888889,0,27.000000000000007,61.4,53.1,62.728571428571435
2018-03-20,78.7,51.7,64.6,47.7,57.6,0,0.0,21.5,16.1,220.0,1016.7,30.3,2.9,265.2,9,0.0,3,79,2018,1.0,6.123233995736766e-17,0.9778483415056568,0.20931464596304847,12.114166666666666,0,27.0,63.3,54.6,63.1
2018-03-21,80.5,51.7,65.8,48.3,57.0,0,0.0,18.6,13.9,212.1,1016.3,24.4,2.8,251.5,9,0.0,3,80,2018,1.0,6.123233995736766e-17,0.9813064702716093,0.19245158197082998,12.141666666666667,0,28.799999999999997,64.6,57.6,63.385714285714286
2018-03-22,78.7,53.5,66.5,47.2,54.3,0,0.0,21.9,15.0,308.2,1014.8,35.9,3.2,251.9,9,0.0,3,81,2018,1.0,6.123233995736766e-17,0.9844738167520922,0.1755314904214282,12.169444444444444,0,25.200000000000003,65.8,57.0,63.771428571428565
2018-03-23,78.7,51.7,65.8,45.3,51.1,0,0.0,20.1,11.4,197.1,1015.3,33.3,3.1,279.8,9,0.0,3,82,2018,1.0,6.123233995736766e-17,0.9873494423939864,0.15855938510313478,12.197222222222223,0,27.0,66.5,54.3,64.22857142857143
2018-03-24,78.7,51.7,65.5,44.4,49.6,0,0.0,20.4,13.9,188.1,1018.4,28.1,3.1,273.2,9,0.0,3,83,2018,1.0,6.123233995736766e-17,0.989932495087353,0.141540295217043,12.224722222222223,0,27.0,65.8,51.1,64.7
2018-03-25,78.7,53.5,65.4,47.2,54.7,0,0.0,20.4,15.0,188.2,1019.9,26.0,2.9,275.9,10,0.0,3,84,2018,1.0,6.123233995736766e-17,0.9922222094179323,0.12447926388678915,12.252222222222223,0,25.200000000000003,65.5,49.6,65.27142857142857
2018-03-26,75.3,53.5,62.0,48.5,63.4,100,4.17,19.7,16.1,122.0,1018.1,51.4,2.4,255.3,9,0.5,3,85,2018,1.0,6.123233995736766e-17,0.994217906893952,0.10738134666416309,12.28,1,21.799999999999997,65.4,54.7,65.08571428571429
2018-03-27,82.3,51.7,65.5,48.6,58.9,0,0.0,20.6,15.0,207.3,1016.6,31.3,2.7,296.0,10,0.2032,3,86,2018,1.0,6.123233995736766e-17,0.995918996147179,0.09025161003104117,12.3075,1,30.599999999999994,62.0,63.4,65.21428571428571
2018-03-28,77.1,53.5,65.6,52.7,64.8,0,0.0,18.3,15.0,209.8,1015.8,36.5,2.4,245.8,9,0.0,3,87,2018,1.0,6.123233995736766e-17,0.9973249731081555,0.07309512989807777,12.335,0,23.599999999999994,65.5,58.9,65.18571428571428
2018-03-29,76.9,54.8,65.8,48.6,57.6,0,0.0,22.6,16.1,308.6,1015.6,43.3,4.2,236.7,9,0.0,3,88,2018,1.0,6.123233995736766e-17,0.9984354211555643,0.055916990100603484,12.3625,0,22.10000000000001,65.6,64.8,65.08571428571427
2018-03-30,73.3,55.3,62.9,44.1,53.0,100,4.17,17.0,16.1,68.5,1016.5,77.0,4.6,211.4,8,1.8,3,89,2018,1.0,6.123233995736766e-17,0.9992500112396835,0.03872228089217446,12.39,1,18.0,65.8,57.6,64.67142857142856
2018-03-31,75.1,51.7,64.5,44.9,51.5,0,0.0,17.4,16.1,181.4,1016.7,57.5,4.5,259.3,9,5.0038,3,90,2018,1.0,6.123233995736766e-17,0.9997685019798909,0.021516097436222254,12.417222222222222,1,23.39999999999999,62.9,53.0,64.52857142857144
2018-04-01,76.9,53.5,65.4,49.2,59.1,0,0.0,15.4,10.3,179.9,1017.9,39.1,4.0,210.4,8,0.0,4,91,2018,0.8660254037844387,-0.49999999999999983,0.9999907397361901,0.004303538296244289,12.444444444444445,0,23.400000000000006,64.5,51.5,64.52857142857142
2018-04-02,80.5,58.9,67.4,53.0,63.2,100,4.17,12.1,16.1,170.4,1019.0,63.2,3.5,274.5,10,0.5,4,92,2018,0.8660254037844387,-0.49999999999999983,0.9999166586547379,-0.01291029607500882,12.471944444444444,1,21.6,65.4,59.1,65.3
2018-04-03,78.7,55.3,64.9,55.5,74.4,100,4.17,13.9,10.3,81.6,1018.2,60.1,3.4,272.0,9,5.9944,4,93,2018,0.8660254037844387,-0.49999999999999983,0.9995462806873573,-0.030120304846908114,12.499166666666667,1,23.400000000000006,67.4,63.2,65.21428571428571
2018-04-04,75.1,57.1,61.5,56.7,85.2,0,0.0,16.1,15.0,235.9,1016.9,80.0,3.3,211.4,8,0.0,4,94,2018,0.8660254037844387,-0.49999999999999983,0.9988797155850336,-0.04732138832243185,12.526111111111112,0,17.999999999999993,64.9,74.4,64.62857142857142
2018-04-05,73.3,57.1,63.6,54.8,75.8,0,0.0,15.7,13.9,102.5,1014.0,67.1,4.2,213.9,8,7.010400000000001,4,95,2018,0.8660254037844387,-0.49999999999999983,0.9979171608653922,-0.06450844944931623,12.553333333333333,1,16.199999999999996,61.5,85.2,64.31428571428572
2018-04-06,76.9,57.1,65.2,55.3,73.2,0,0.0,14.5,13.9,159.7,1015.4,62.1,3.7,226.2,8,0.3048,4,96,2018,0.8660254037844387,-0.49999999999999983,0.9966589017541702,-0.08167639533042241,12.580277777777777,1,19.800000000000004,63.6,75.8,64.64285714285714
2018-04-07,75.1,58.9,65.4,57.6,77.6,100,4.17,13.9,12.8,211.8,1018.4,62.8,3.6,244.8,9,6.1,4,97,2018,0.8660254037844387,-0.49999999999999983,0.9951053111006976,-0.09882013873287143,12.607222222222223,1,16.199999999999996,65.2,73.2,64.77142857142857
2018-04-08,78.7,55.3,65.3,55.1,72.6,100,4.17,14.5,9.2,252.0,1019.0,45.9,3.7,255.8,9,0.0,4,98,2018,0.8660254037844387,-0.49999999999999983,0.9932568492674143,-0.11593459959550041,12.633888888888889,0,23.400000000000006,65.4,77.6,64.75714285714285
2018-04-09,75.1,58.2,65.8,56.7,74.4,100,4.17,17.4,11.4,245.2,1018.3,62.0,3.5,229.6,9,5.0038,4,99,2018,0.8660254037844387,-0.49999999999999983,0.9911140639934547,-0.1330147065341959,12.660833333333333,1,16.89999999999999,65.3,72.6,64.52857142857142
2018-04-10,73.3,58.9,64.9,56.1,74.5,0,0.0,15.7,13.9,206.2,1016.8,60.1,3.9,212.4,8,0.0,4,100,2018,0.8660254037844387,-0.49999999999999983,0.9886775902323405,-0.1500553983446526,12.6875,0,14.399999999999999,65.8,74.4,64.52857142857144
2018-04-11,76.9,57.1,65.6,55.6,71.7,100,4.17,17.2,16.1,230.8,1014.8,64.9,4.0,230.0,9,0.0,4,101,2018,0.8660254037844387,-0.49999999999999983,0.9859481499638304,-0.16705162550211924,12.713888888888889,0,19.800000000000004,64.9,74.5,65.11428571428571
2018-04-12,75.1,53.5,65.0,54.4,71.5,100,4.17,19.7,16.1,310.3,1014.2,56.4,3.9,208.2,8,0.3,4,102,2018,0.8660254037844387,-0.49999999999999983,0.9829265519799822,-0.18399835165768005,12.740555555555556,1,21.599999999999994,65.6,71.7,65.31428571428572
2018-04-13,80.7,53.5,67.4,47.8,56.0,100,4.17,22.4,15.0,307.6,1013.4,31.8,5.4,274.3,10,0.0,4,103,2018,0.8660254037844387,-0.49999999999999983,0.9796136916454901,-0.20089055513063506,12.766666666666667,0,27.200000000000003,65.0,71.5,65.62857142857142
2018-04-14,80.5,55.3,67.1,46.5,50.9,0,0.0,20.4,13.9,213.4,1014.0,35.0,4.6,281.5,10,0.0,4,104,2018,0.8660254037844387,-0.49999999999999983,0.9760105506323683,-0.21772323039653177,12.793055555555556,0,25.200000000000003,67.4,56.0,65.87142857142858
2018-04-15,80.5,55.3,68.2,48.6,52.5,100,4.17,18.6,12.8,193.5,1015.7,39.0,4.0,268.8,10,0.0,4,105,2018,0.8660254037844387,-0.49999999999999983,0.9721181966290613,-0.23449138957040985,12.818888888888889,0,25.200000000000003,67.1,50.9,66.28571428571429
2018-04-16,78.7,58.9,69.3,55.3,63.2,0,0.0,18.8,13.9,199.3,1016.8,52.8,3.3,267.4,9,0.0,4,106,2018,0.8660254037844387,-0.49999999999999983,0.9679377830240642,-0.25119006388481935,12.845277777777778,0,19.800000000000004,68.2,52.5,66.78571428571429
2018-04-17,78.7,58.9,67.9,58.8,74.7,100,4.17,24.8,12.8,340.8,1016.8,64.3,3.8,223.9,8,9.4,4,107,2018,0.8660254037844387,-0.49999999999999983,0.9634705485641488,-0.2678143051621742,12.870833333333334,1,19.800000000000004,69.3,63.2,67.21428571428571
2018-04-18,80.5,57.1,67.9,57.3,71.6,100,4.17,20.1,11.4,277.0,1014.5,49.6,3.8,243.7,8,3.3,4,108,2018,0.8660254037844387,-0.49999999999999983,0.9587178169872964,-0.2843591872810034,12.896666666666667,1,23.4,67.9,74.7,67.54285714285714
2018-04-19,78.7,62.5,69.2,59.5,73.4,0,0.0,19.9,12.8,240.2,1012.4,63.2,3.6,256.8,9,0.0,4,109,2018,0.8660254037844387,-0.49999999999999983,0.9536809966304457,-0.30081980763566735,12.922222222222222,0,16.200000000000003,67.9,71.6,68.14285714285714
2018-04-20,82.3,60.7,70.7,56.1,64.7,100,4.17,27.3,13.9,296.3,1013.1,42.4,4.1,278.3,10,1.5,4,110,2018,0.8660254037844387,-0.49999999999999983,0.9483615800121715,-0.3171912885891061,12.947777777777778,1,21.599999999999994,69.2,73.4,68.61428571428573
2018-04-21,84.1,57.1,70.9,50.8,54.6,0,0.0,27.7,15.0,312.2,1013.5,31.8,4.7,310.4,10,0.0,4,111,2018,0.8660254037844387,-0.49999999999999983,0.9427611433904207,-0.3334687789181868,12.973055555555556,0,26.999999999999993,70.7,64.7,69.15714285714286
2018-04-22,84.1,57.1,71.4,47.0,46.7,0,0.0,19.2,12.8,263.4,1014.3,24.0,4.1,319.3,10,0.0,4,112,2018,0.8660254037844387,-0.49999999999999983,0.9368813462954315,-0.3496474552512284,12.998055555555556,0,26.999999999999993,70.9,54.6,69.61428571428573
2018-04-23,82.3,55.3,69.5,46.5,46.5,0,0.0,19.5,16.1,194.7,1014.9,24.0,3.4,316.4,10,0.0,4,113,2018,0.8660254037844387,-0.49999999999999983,0.9307239310379795,-0.36572252349726897,13.022777777777778,0,27.0,71.4,46.7,69.64285714285714
2018-04-24,82.3,55.3,68.7,47.1,49.2,0,0.0,19.9,11.4,188.8,1015.3,32.3,3.2,288.2,10,0.0,4,114,2018,0.8660254037844387,-0.49999999999999983,0.9242907221930934,-0.3816892202666588,13.047777777777778,0,27.0,69.5,46.5,69.75714285714287
2018-04-25,78.7,58.9,68.9,52.4,57.4,0,0.0,21.5,15.0,197.6,1014.1,56.5,3.3,277.0,10,0.0,4,115,2018,0.8660254037844387,-0.49999999999999983,0.9175836260593937,-0.39754281428255595,13.071944444444444,0,19.800000000000004,68.7,49.2,69.9
2018-04-26,76.9,58.9,65.5,56.4,73.5,100,4.17,15.9,15.0,149.0,1015.0,67.5,2.9,239.5,9,0.5,4,116,2018,0.8660254037844387,-0.49999999999999983,0.9106046300942163,-0.4132786077829042,13.096388888888889,1,18.000000000000007,68.9,57.4,69.37142857142858
2018-04-27,76.9,57.1,64.9,55.9,75.5,100,4.17,15.9,8.1,127.3,1017.6,56.0,3.5,204.8,7,8.9,4,117,2018,0.8660254037844387,-0.49999999999999983,0.9033558023246845,-0.4288919379124835,13.120833333333334,1,19.800000000000004,65.5,73.5,68.54285714285714
2018-04-28,73.3,58.9,63.9,59.1,85.6,100,8.33,14.3,9.2,100.2,1016.8,76.9,3.2,221.7,7,26.9,4,118,2018,0.8660254037844387,-0.49999999999999983,0.895839290734909,-0.4443781781046132,13.144722222222223,1,14.399999999999999,64.9,75.5,67.54285714285714
2018-04-29,71.5,60.7,65.4,59.8,83.5,100,8.33,15.2,6.9,62.8,1013.7,88.0,3.4,190.3,7,5.1,4,119,2018,0.8660254037844387,-0.49999999999999983,0.8880573226294932,-0.45973273945210397,13.168333333333333,1,10.799999999999997,63.9,85.6,66.68571428571428
2018-04-30,69.7,60.7,64.5,58.8,82.5,100,4.17,15.7,12.8,86.1,1012.8,83.3,4.0,107.2,4,0.3,4,120,2018,0.8660254037844387,-0.49999999999999983,0.8800122039735357,-0.47495107206704995,13.192222222222222,1,9.0,65.4,83.5,65.97142857142856
2018-05-01,78.7,57.1,66.7,58.8,78.0,0,0.0,16.8,13.9,154.1,1015.0,60.8,4.0,245.0,9,8.4,5,121,2018,0.49999999999999994,-0.8660254037844387,0.8717063187093218,-0.49002866642905923,13.215277777777779,1,21.6,64.5,82.5,65.68571428571428
2018-05-02,76.9,62.5,68.8,61.4,78.9,100,4.17,14.5,10.3,231.9,1015.7,77.5,3.6,242.8,8,4.6,5,122,2018,0.49999999999999994,-0.8660254037844387,0.8631421280499114,-0.5049610547215204,13.238333333333333,1,14.400000000000006,66.7,78.0,65.67142857142858
2018-05-03,69.7,60.7,64.5,59.8,85.0,100,8.33,20.1,8.1,200.2,1017.8,82.1,3.8,170.9,8,2.8,5,123,2018,0.49999999999999994,-0.8660254037844387,0.854322169749827,-0.5197438121555155,13.261388888888888,1,9.0,68.8,78.9,65.52857142857144
2018-05-04,75.1,58.9,66.3,58.7,78.0,0,0.0,17.7,15.0,213.9,1015.6,71.2,4.0,239.1,8,0.0,5,124,2018,0.49999999999999994,-0.8660254037844387,0.8452490573530633,-0.5343725582809787,13.283888888888889,0,16.199999999999996,64.5,85.0,65.72857142857143
2018-05-05,78.7,62.5,68.8,60.3,75.7,100,4.17,16.6,9.2,240.1,1014.2,74.2,4.1,218.8,8,0.5,5,125,2018,0.49999999999999994,-0.8660254037844387,0.835925479418637,-0.548842958284719,13.306111111111111,1,16.200000000000003,66.3,78.0,66.42857142857143
2018-05-06,78.7,62.5,69.7,61.4,76.5,0,0.0,23.9,10.3,309.7,1014.4,61.2,4.0,233.6,8,0.0,5,126,2018,0.49999999999999994,-0.8660254037844387,0.8263541987239096,-0.5631507242749186,13.328055555555556,0,16.200000000000003,68.8,75.7,67.04285714285714
2018-05-07,84.1,60.7,72.2,59.7,68.8,0,0.0,26.4,15.0,309.6,1012.6,36.0,3.8,281.6,8,0.0,5,127,2018,0.49999999999999994,-0.8660254037844387,0.8165380514459161,-0.5772916165517272,13.35,0,23.39999999999999,69.7,76.5,68.14285714285714
2018-05-08,85.9,59.6,73.3,54.4,57.1,100,4.17,27.7,17.2,317.1,1012.0,29.7,4.5,301.2,9,0.5,5,128,2018,0.49999999999999994,-0.8660254037844387,0.8064799463209448,-0.5912614448635781,13.37138888888889,1,26.300000000000004,72.2,68.8,69.08571428571427
2018-05-09,84.1,60.7,71.7,52.0,53.0,100,4.17,19.9,13.9,314.6,1014.3,38.1,5.4,293.8,9,0.0,5,129,2018,0.49999999999999994,-0.8660254037844387,0.7961828637826158,-0.6050560696488488,13.3925,0,23.39999999999999,73.3,57.1,69.5
2018-05-10,80.5,60.2,69.3,52.2,57.1,0,0.0,21.5,15.0,147.7,1015.4,45.1,4.7,288.2,10,0.0,5,130,2018,0.49999999999999994,-0.8660254037844387,0.7856498550787145,-0.6186714032625031,13.413611111111111,0,20.299999999999997,71.7,53.0,70.18571428571428
2018-05-11,80.5,57.1,69.2,56.0,65.1,0,0.0,18.1,12.8,211.2,1014.2,32.7,4.2,297.1,10,0.0,5,131,2018,0.49999999999999994,-0.8660254037844387,0.7748840413670407,-0.6321034111873487,13.434166666666666,0,23.4,69.3,57.1,70.60000000000001
2018-05-12,78.7,60.7,71.0,61.4,73.1,0,0.0,15.0,9.2,230.9,1015.4,51.2,4.1,264.1,9,0.0,5,132,2018,0.49999999999999994,-0.8660254037844387,0.7638886127905428,-0.6453481132295501,13.454166666666667,0,18.0,69.2,65.1,70.91428571428571
2018-05-13,76.9,66.1,70.3,63.6,80.1,0,0.0,13.9,9.2,177.6,1014.7,72.8,3.7,152.5,5,4.8,5,133,2018,0.49999999999999994,-0.8660254037844387,0.7526668275320084,-0.6584015846980488,13.473888888888888,1,10.800000000000011,71.0,73.1,71.0
2018-05-14,67.9,60.7,64.6,60.2,85.9,100,8.33,18.1,9.2,109.3,1015.8,79.5,4.0,203.8,8,17.0,5,134,2018,0.49999999999999994,-0.8660254037844387,0.741222010848596,-0.6712599575675313,13.493611111111111,1,7.200000000000003,70.3,80.1,69.91428571428571
2018-05-15,76.9,57.1,66.5,57.9,76.7,0,0.0,16.8,9.2,215.7,1013.5,69.6,3.9,258.5,9,0.0,5,135,2018,0.49999999999999994,-0.8660254037844387,0.7295575540864875,-0.6839194216246106,13.512777777777778,0,19.800000000000004,64.6,85.9,68.94285714285715
2018-05-16,76.9,58.9,68.4,61.2,79.0,100,4.17,16.3,10.3,223.0,1011.8,68.9,4.2,243.7,8,0.0,5,136,2018,0.49999999999999994,-0.8660254037844387,0.717676913675962,-0.6963762255968722,13.53138888888889,0,18.000000000000007,66.5,76.7,68.47142857142856
2018-05-17,75.1,62.5,68.1,62.4,82.9,100,4.17,15.2,6.9,183.5,1013.5,73.2,4.2,114.0,6,10.4,5,137,2018,0.49999999999999994,-0.8660254037844387,0.705583610107178,-0.7086266782644596,13.55,1,12.599999999999994,68.4,79.0,68.3
2018-05-18,78.7,64.3,69.9,62.6,78.4,0,0.0,15.4,9.2,303.3,1012.3,60.1,3.8,220.3,7,0.0,5,138,2018,0.49999999999999994,-0.8660254037844387,0.6932812268869777,-0.7206671495538609,13.568055555555556,0,14.400000000000006,68.1,82.9,68.39999999999999
2018-05-19,78.7,66.1,70.3,64.1,81.6,0,0.0,17.9,8.1,133.1,1012.9,83.3,4.0,220.6,7,10.7,5,139,2018,0.49999999999999994,-0.8660254037844387,0.6807734094770161,-0.7324940716135789,13.585833333333333,1,12.600000000000009,69.9,78.4,68.3
2018-05-20,80.5,64.3,72.3,64.6,77.9,100,4.17,18.8,10.3,224.1,1013.0,74.3,4.0,209.2,8,0.0,5,140,2018,0.49999999999999994,-0.8660254037844387,0.6680638642135335,-0.7441039398713607,13.603333333333333,0,16.200000000000003,70.3,81.6,68.58571428571429
2018-05-21,84.1,67.9,74.0,65.6,76.1,100,4.17,15.9,12.8,200.4,1013.6,70.1,3.9,217.6,8,7.1,5,141,2018,0.49999999999999994,-0.8660254037844387,0.6551563572090853,-0.7554933140726803,13.62,1,16.19999999999999,72.3,77.9,69.92857142857143
2018-05-22,80.5,67.9,74.3,67.6,80.3,100,4.17,14.3,10.3,248.6,1013.8,75.3,4.0,114.0,4,0.8,5,142,2018,0.49999999999999994,-0.8660254037844387,0.6420547132365637,-0.766658819300159,13.636388888888888,1,12.599999999999994,74.0,76.1,71.04285714285713
2018-05-23,82.3,71.5,75.6,68.0,77.9,0,0.0,14.1,11.4,230.3,1013.2,81.7,4.0,179.8,7,0.0,5,143,2018,0.49999999999999994,-0.8660254037844387,0.6287628145958344,-0.777597146973627,13.652222222222223,0,10.799999999999997,74.3,80.3,72.07142857142857
2018-05-24,84.1,67.9,74.2,66.3,78.3,100,8.33,17.2,10.3,225.0,1011.5,59.1,4.1,155.5,8,16.5,5,144,2018,0.49999999999999994,-0.8660254037844387,0.6152845999633276,-0.7883050558305255,13.668055555555556,1,16.19999999999999,75.6,77.9,72.94285714285714
2018-05-25,85.9,67.9,76.5,64.5,69.1,0,0.0,16.8,13.9,275.6,1011.0,51.1,4.0,252.2,8,0.0,5,145,2018,0.49999999999999994,-0.8660254037844387,0.6016240632249226,-0.7987793728863649,13.683055555555555,0,18.0,74.2,78.3,73.88571428571429
2018-05-26,85.9,67.9,76.4,65.1,69.8,100,4.17,18.8,11.4,254.4,1011.2,55.4,3.9,271.3,8,0.5,5,146,2018,0.49999999999999994,-0.8660254037844387,0.5877852522924732,-0.8090169943749473,13.698055555555555,1,18.0,76.5,69.1,74.75714285714285
2018-05-27,87.7,67.9,76.4,63.8,67.0,0,0.0,26.4,15.0,269.7,1012.0,53.8,3.5,284.3,9,0.0,5,147,2018,0.49999999999999994,-0.8660254037844387,0.5737722679043246,-0.8190148866680801,13.712222222222222,0,19.799999999999997,76.4,69.8,75.34285714285714
2018-05-28,84.1,60.7,69.5,57.6,67.1,100,4.17,25.3,15.0,83.0,1010.6,51.8,4.2,273.3,8,1.5,5,148,2018,0.49999999999999994,-0.8660254037844387,0.5595892624101765,-0.8287700871745037,13.726111111111111,1,23.39999999999999,76.4,67.0,74.7
2018-05-29,80.5,62.5,70.4,60.0,70.8,0,0.0,16.3,9.2,169.9,1010.3,73.3,4.2,264.1,9,0.0,5,149,2018,0.49999999999999994,-0.8660254037844387,0.545240438540651,-0.8382797052177743,13.739166666666666,0,18.0,69.5,67.1,74.14285714285714
2018-05-30,76.9,62.5,69.0,64.0,85.3,100,4.17,17.7,9.2,86.6,1011.0,72.2,3.9,238.9,9,65.8,5,150,2018,0.49999999999999994,-0.8660254037844387,0.5307300481619334,-0.8475409228928311,13.751944444444444,1,14.400000000000006,70.4,70.8,73.2
2018-05-31,92.9,64.3,70.8,64.4,82.3,100,4.17,16.6,13.9,86.8,1012.7,58.1,3.8,267.9,9,4.1,5,151,2018,0.49999999999999994,-0.8660254037844387,0.5160623910158528,-0.8565509959010036,13.764166666666666,1,28.60000000000001,69.0,85.3,72.71428571428571
2018-06-01,80.5,64.3,70.7,64.0,80.9,100,4.17,19.9,9.2,183.4,1014.4,79.4,3.8,230.8,9,3.0,6,152,2018,1.2246467991473532e-16,-1.0,0.5012418134457758,-0.865307254363206,13.775833333333333,1,16.200000000000003,70.8,82.3,71.88571428571429
2018-06-02,78.7,66.1,70.3,64.9,83.9,100,4.17,19.9,12.8,166.1,1014.3,76.4,4.3,205.7,7,0.1016,6,153,2018,1.2246467991473532e-16,-1.0,0.48627270710869,-0.8738071036110808,13.787222222222223,1,12.600000000000009,70.7,80.9,71.01428571428572
2018-06-03,82.3,64.3,71.7,64.1,78.1,100,4.17,16.6,9.2,161.3,1011.8,64.8,4.0,255.1,8,1.0,6,154,2018,1.2246467991473532e-16,-1.0,0.4711595076738638,-0.8820480249558537,13.797777777777778,1,18.0,70.3,83.9,70.34285714285714
2018-06-04,84.1,66.1,73.1,67.1,82.6,0,0.0,35.8,20.8,68.4,1012.0,78.5,3.8,243.0,8,37.6,6,155,2018,1.2246467991473532e-16,-1.0,0.4559066935084588,-0.8900275764346767,13.808055555555555,1,18.0,71.7,78.1,70.85714285714286
2018-06-05,85.9,66.1,74.4,66.5,78.5,100,4.17,16.3,13.9,206.2,1014.5,67.5,4.6,278.2,9,5.1,6,156,2018,1.2246467991473532e-16,-1.0,0.440518784350495,-0.8977433935342337,13.8175,1,19.80000000000001,73.1,82.6,71.42857142857143
2018-06-06,85.9,67.9,75.3,67.5,78.5,0,0.0,17.0,13.9,209.4,1014.5,71.1,4.4,262.6,9,5.9944,6,157,2018,1.2246467991473532e-16,-1.0,0.42500033996955416,-0.9051931898913974,13.826666666666666,1,18.0,74.4,78.5,72.32857142857142
2018-06-07,84.1,67.9,74.4,69.2,85.1,100,4.17,14.1,9.2,101.8,1011.0,83.8,4.2,199.8,7,69.9,6,158,2018,1.2246467991473532e-16,-1.0,0.4093559588156213,-0.9123747579707273,13.835277777777778,1,16.19999999999999,75.3,78.5,72.84285714285714
2018-06-08,80.5,68.1,73.5,68.4,84.7,100,8.33,15.4,9.2,99.8,1008.7,71.3,4.0,157.9,6,17.5,6,159,2018,1.2246467991473532e-16,-1.0,0.39359027665646673,-0.9192859697186104,13.843333333333334,1,12.400000000000006,74.4,85.1,73.24285714285715
2018-06-09,84.1,69.7,75.9,68.6,79.4,0,0.0,19.9,9.2,192.3,1006.2,75.3,4.2,217.9,8,0.0,6,160,2018,1.2246467991473532e-16,-1.0,0.3777079652039649,-0.9259247771938498,13.850833333333334,0,14.399999999999991,73.5,84.7,74.04285714285716
2018-06-10,84.1,67.9,76.4,68.6,78.6,100,4.17,15.4,10.3,240.6,1005.5,60.1,4.9,212.7,8,1.8,6,161,2018,1.2246467991473532e-16,-1.0,0.36171373072976765,-0.9322892131745133,13.8575,1,16.19999999999999,75.9,79.4,74.71428571428571
2018-06-11,85.9,67.9,76.4,68.9,78.9,0,0.0,18.8,16.1,230.1,1003.0,56.5,4.6,224.9,9,0.0,6,162,2018,1.2246467991473532e-16,-1.0,0.3456123126707335,-0.9383773917408641,13.864166666666666,0,18.0,76.4,78.6,75.1857142857143
2018-06-12,84.1,66.1,75.3,68.6,80.7,100,4.17,15.7,11.4,282.1,1001.8,78.9,4.5,161.2,6,14.5,6,163,2018,1.2246467991473532e-16,-1.0,0.3294084822245304,-0.9441875088341993,13.869722222222222,1,18.0,76.4,78.9,75.31428571428572
2018-06-13,93.3,69.7,77.1,68.9,77.0,100,4.17,20.6,11.4,256.1,1001.3,68.2,4.1,202.7,7,0.0,6,164,2018,1.2246467991473532e-16,-1.0,0.3131070409358269,-0.9497178427914316,13.874722222222223,0,23.599999999999994,75.3,80.7,75.57142857142857
2018-06-14,82.3,67.9,74.8,66.8,77.1,0,0.0,22.4,9.2,230.3,1002.9,86.4,4.4,123.2,6,0.0,6,165,2018,1.2246467991473532e-16,-1.0,0.29671281927349075,-0.9549667548552551,13.879444444444445,0,14.399999999999991,77.1,77.0,75.62857142857142
2018-06-15,78.7,67.9,71.7,67.7,87.9,100,8.33,30.2,5.8,85.1,1006.3,88.5,3.7,177.6,7,7.9,6,166,2018,1.2246467991473532e-16,-1.0,0.28023067519921585,-0.9599326896597447,13.883333333333333,1,10.799999999999997,74.8,77.1,75.37142857142858
2018-06-16,75.1,67.9,71.1,68.3,91.1,100,4.17,27.3,8.1,113.0,1007.9,88.0,3.3,156.8,6,4.8,6,167,2018,1.2246467991473532e-16,-1.0,0.26366549272800704,-0.9646141756912435,13.886666666666667,1,7.199999999999989,71.7,87.9,74.6857142857143
2018-06-17,78.7,67.9,71.8,67.8,88.1,100,8.33,30.0,11.4,60.9,1007.8,81.7,3.3,111.6,4,11.4,6,168,2018,1.2246467991473532e-16,-1.0,0.24702218048093552,-0.9690098257244062,13.889444444444445,1,10.799999999999997,71.1,91.1,74.02857142857144
2018-06-18,84.1,67.9,75.4,67.4,78.1,100,4.17,21.0,9.2,276.1,1007.6,51.3,3.8,260.9,8,15.0,6,169,2018,1.2246467991473532e-16,-1.0,0.23030567023061221,-0.9731183372332619,13.891666666666667,1,16.19999999999999,71.8,88.1,73.88571428571429
2018-06-19,85.9,67.9,77.4,65.4,69.0,0,0.0,17.2,12.8,293.5,1008.7,36.5,4.3,288.7,9,0.0,6,170,2018,1.2246467991473532e-16,-1.0,0.21352091543979612,-0.9769384927771817,13.893333333333333,0,18.0,75.4,78.1,74.18571428571428
2018-06-20,85.9,67.9,76.3,66.4,72.9,0,0.0,18.1,12.8,275.6,1010.6,51.7,4.2,266.6,9,0.0,6,171,2018,1.2246467991473532e-16,-1.0,0.19667288979357647,-0.980469160361632,13.894166666666667,0,18.0,77.4,69.0,74.07142857142857
2018-06-21,84.1,69.7,76.0,67.9,77.7,100,4.17,16.8,10.3,234.2,1010.8,61.7,4.3,261.7,8,2.0,6,172,2018,1.2246467991473532e-16,-1.0,0.1797665857255624,-0.9837092937736097,13.894722222222223,1,14.399999999999991,76.3,72.9,74.24285714285715
2018-06-22,85.9,67.9,76.1,69.1,79.7,100,4.17,18.6,10.3,257.3,1010.1,61.6,4.2,260.2,9,18.7198,6,173,2018,1.2246467991473532e-16,-1.0,0.16280701293851715,-0.986657932891657,13.894444444444444,1,18.0,76.0,77.7,74.87142857142858
2018-06-23,84.1,69.7,75.0,70.3,86.0,100,4.17,12.5,8.1,244.7,1009.5,83.3,3.6,178.4,8,1.8,6,174,2018,1.2246467991473532e-16,-1.0,0.1457991969198751,-0.9893142039703663,13.893611111111111,1,14.399999999999991,76.1,79.7,75.42857142857143
2018-06-24,82.3,69.7,75.6,69.6,82.5,0,0.0,17.2,8.1,153.8,1008.0,65.8,3.8,149.2,6,2.8,6,175,2018,1.2246467991473532e-16,-1.0,0.12874817745258132,-0.99167731989929,13.892222222222221,1,12.599999999999994,75.0,86.0,75.97142857142856
2018-06-25,82.3,69.7,75.5,69.8,83.2,100,4.17,19.0,9.2,266.5,1006.2,88.0,4.1,102.1,4,5.6,6,176,2018,1.2246467991473532e-16,-1.0,0.11165900712169512,-0.993746580436178,13.890277777777778,1,12.599999999999994,75.6,82.5,75.98571428571428
2018-06-26,84.1,66.1,73.5,69.1,87.2,100,4.17,11.9,11.4,185.8,1007.5,86.4,3.7,119.0,4,23.1,6,177,2018,1.2246467991473532e-16,-1.0,0.09453674981719912,-0.9955213724144752,13.887777777777778,1,18.0,75.5,83.2,75.42857142857143
2018-06-27,84.1,69.7,75.9,70.2,83.5,100,4.17,18.6,12.8,216.7,1009.7,86.4,4.2,125.0,5,2.5,6,178,2018,1.2246467991473532e-16,-1.0,0.07738647923346301,-0.9970011699250151,13.884444444444444,1,14.399999999999991,73.5,87.2,75.37142857142858
2018-06-28,82.3,69.7,75.6,68.7,79.7,0,0.0,23.3,13.9,185.3,1011.8,70.6,5.5,111.0,4,0.0,6,179,2018,1.2246467991473532e-16,-1.0,0.06021327736579302,-0.9981855344718586,13.880833333333333,0,12.599999999999994,75.9,83.5,75.3142857142857
2018-06-29,78.7,69.7,74.4,68.4,82.0,0,0.0,17.2,8.1,217.6,1011.3,88.0,4.3,153.6,6,0.0,6,180,2018,1.2246467991473532e-16,-1.0,0.04302223300453059,-0.99907411510223,13.876388888888888,0,9.0,75.6,79.7,75.07142857142857
2018-06-30,78.7,67.9,73.2,68.9,86.9,100,8.33,15.7,10.3,292.2,1010.3,88.0,4.4,142.9,7,3.8,6,181,2018,1.2246467991473532e-16,-1.0,0.02581844022713308,-0.9996666485105112,13.871666666666666,1,10.799999999999997,74.4,82.0,74.81428571428572
2018-07-01,75.1,69.7,72.4,69.9,91.9,100,8.33,15.0,5.8,218.1,1009.0,88.5,3.9,91.1,4,4.8,7,182,2018,-0.4999999999999998,-0.8660254037844388,0.008606996888688698,-0.9999629591162655,13.865833333333333,1,5.3999999999999915,73.2,86.9,74.35714285714286
2018-07-02,75.1,67.9,70.2,69.2,96.8,100,8.33,25.1,5.8,119.0,1007.5,94.0,3.7,16.9,1,0.0,7,183,2018,-0.4999999999999998,-0.8660254037844388,-0.008606996888688009,-0.9999629591162655,13.859722222222222,0,7.199999999999989,72.4,91.9,73.60000000000001
2018-07-03,80.5,67.9,72.2,69.0,90.6,100,12.5,20.8,6.9,271.0,1005.3,81.6,4.2,112.4,4,2.9972,7,184,2018,-0.4999999999999998,-0.8660254037844388,-0.02581844022713239,-0.9996666485105112,13.853055555555555,1,12.599999999999994,70.2,96.8,73.41428571428571
2018-07-04,80.5,67.9,74.4,69.8,86.3,100,8.33,18.3,12.8,263.6,1005.5,78.0,4.6,157.4,6,3.9878,7,185,2018,-0.4999999999999998,-0.8660254037844388,-0.04302223300453034,-0.99907411510223,13.846111111111112,1,12.599999999999994,72.2,90.6,73.20000000000002
2018-07-05,82.3,69.9,73.9,68.7,84.3,100,12.5,17.0,6.9,165.2,1006.8,87.6,4.3,164.7,6,25.6032,7,186,2018,-0.4999999999999998,-0.8660254037844388,-0.060213277365792774,-0.9981855344718586,13.838055555555556,1,12.399999999999991,74.4,86.3,72.95714285714287
2018-07-06,84.1,69.7,76.7,70.5,81.9,0,0.0,15.0,11.4,205.6,1007.5,73.6,4.6,190.6,7,5.4102,7,187,2018,-0.4999999999999998,-0.8660254037844388,-0.07738647923346322,-0.9970011699250151,13.829722222222221,1,14.399999999999991,73.9,84.3,73.28571428571429
2018-07-07,85.9,71.1,77.5,70.5,79.8,100,4.17,12.3,12.8,211.5,1007.6,65.3,4.8,137.7,5,0.0,7,188,2018,-0.4999999999999998,-0.8660254037844388,-0.09453674981719933,-0.9955213724144752,13.821111111111112,0,14.800000000000011,76.7,81.9,73.89999999999999
2018-07-08,78.7,71.5,74.4,70.8,89.2,0,0.0,13.0,10.3,217.4,1008.2,88.5,3.8,105.8,4,0.0,7,189,2018,-0.4999999999999998,-0.8660254037844388,-0.11165900712169444,-0.9937465804361781,13.811388888888889,0,7.200000000000003,77.5,79.8,74.1857142857143
2018-07-09,80.5,69.7,74.0,70.6,89.8,100,4.17,12.5,6.9,211.2,1008.7,91.0,3.9,117.3,4,18.8,7,190,2018,-0.4999999999999998,-0.8660254037844388,-0.12874817745258066,-0.99167731989929,13.801666666666666,1,10.799999999999997,74.4,89.2,74.72857142857143
2018-07-10,78.7,69.7,73.4,70.5,91.1,0,0.0,13.0,8.1,210.4,1009.1,92.0,4.0,97.0,3,16.6878,7,191,2018,-0.4999999999999998,-0.8660254037844388,-0.14579919691987442,-0.9893142039703664,13.790833333333333,1,9.0,74.0,89.8,74.89999999999999
2018-07-11,82.3,68.4,73.1,70.7,92.8,100,4.17,13.4,12.8,134.2,1007.7,91.5,4.0,128.9,5,16.9926,7,192,2018,-0.4999999999999998,-0.8660254037844388,-0.16280701293851646,-0.9866579328916572,13.780277777777778,1,13.899999999999991,73.4,91.1,74.71428571428571
2018-07-12,80.5,67.9,73.2,70.0,90.4,0,0.0,17.7,9.2,184.4,1007.7,92.5,4.1,171.1,6,2.3114,7,193,2018,-0.4999999999999998,-0.8660254037844388,-0.17976658572556214,-0.9837092937736098,13.768333333333333,1,12.599999999999994,73.1,92.8,74.61428571428573
2018-07-13,84.1,69.7,75.6,70.0,83.6,0,0.0,17.4,10.3,211.8,1007.7,81.7,4.5,153.7,7,0.4064,7,194,2018,-0.4999999999999998,-0.8660254037844388,-0.19667288979357622,-0.9804691603616321,13.756666666666666,1,14.399999999999991,73.2,90.4,74.45714285714287
2018-07-14,84.1,68.8,74.0,70.0,88.2,100,4.17,14.3,9.2,132.9,1007.3,85.3,4.5,190.6,8,0.0,7,195,2018,-0.4999999999999998,-0.8660254037844388,-0.2135209154397959,-0.9769384927771817,13.74388888888889,0,15.299999999999997,75.6,83.6,73.95714285714287
2018-07-15,84.1,69.7,75.3,70.1,84.8,0,0.0,13.0,12.8,207.0,1007.6,80.1,4.3,130.0,6,2.0066,7,196,2018,-0.4999999999999998,-0.8660254037844388,-0.23030567023061196,-0.973118337233262,13.731111111111112,1,14.399999999999991,74.0,88.2,74.08571428571429
2018-07-16,84.1,69.7,75.3,70.5,86.3,100,4.17,16.6,6.9,211.1,1007.7,84.2,4.4,152.6,8,13.9954,7,197,2018,-0.4999999999999998,-0.8660254037844388,-0.24702218048093527,-0.9690098257244063,13.7175,1,14.399999999999991,75.3,84.8,74.27142857142857
2018-07-17,82.3,73.3,76.5,71.8,85.8,0,0.0,16.8,13.9,223.1,1007.8,88.0,4.9,171.4,6,10.0076,7,198,2018,-0.4999999999999998,-0.8660254037844388,-0.2636654927280072,-0.9646141756912435,13.703611111111112,1,9.0,75.3,86.3,74.71428571428571
2018-07-18,84.1,71.5,75.3,71.1,87.6,0,0.0,14.1,10.3,199.9,1008.8,86.4,4.6,113.8,5,13.0048,7,199,2018,-0.4999999999999998,-0.8660254037844388,-0.2802306751992161,-0.9599326896597445,13.689166666666667,1,12.599999999999994,76.5,85.8,75.02857142857144
2018-07-19,87.7,71.5,76.6,70.6,83.2,0,0.0,13.9,11.4,98.2,1008.7,78.5,4.9,215.2,7,2.2097999999999995,7,200,2018,-0.4999999999999998,-0.8660254037844388,-0.2967128192734901,-0.9549667548552553,13.674166666666666,1,16.200000000000003,75.3,87.6,75.5142857142857
2018-07-20,87.7,71.5,76.8,71.1,83.8,0,0.0,17.2,8.1,79.1,1008.0,81.7,4.4,232.1,9,5.1054,7,201,2018,-0.4999999999999998,-0.8660254037844388,-0.3131070409358267,-0.9497178427914317,13.658888888888889,1,16.200000000000003,76.6,83.2,75.68571428571428
2018-07-21,80.5,69.7,74.7,70.5,87.3,100,4.17,14.5,11.4,256.2,1008.6,88.5,4.4,117.6,5,11.5062,7,202,2018,-0.4999999999999998,-0.8660254037844388,-0.3294084822245302,-0.9441875088341994,13.643333333333333,1,10.799999999999997,76.8,83.8,75.78571428571429
2018-07-22,84.1,68.6,75.1,70.8,87.7,100,4.17,13.6,10.3,234.2,1007.6,86.9,4.2,122.8,5,2.8956,7,203,2018,-0.4999999999999998,-0.8660254037844388,-0.3456123126707333,-0.9383773917408642,13.627222222222223,1,15.5,74.7,87.3,75.75714285714285
2018-07-23,84.1,69.7,75.5,70.0,84.9,100,4.17,19.0,11.4,206.6,1007.5,88.5,4.9,135.6,6,2.1082,7,204,2018,-0.4999999999999998,-0.8660254037844388,-0.3617137307297674,-0.9322892131745134,13.610555555555555,1,14.399999999999991,75.1,87.7,75.78571428571429
2018-07-24,84.1,69.7,74.4,70.8,89.5,0,0.0,16.3,15.0,198.5,1008.3,88.0,4.2,164.0,5,9.6012,7,205,2018,-0.4999999999999998,-0.8660254037844388,-0.37770796520396466,-0.9259247771938499,13.59361111111111,1,14.399999999999991,75.5,84.9,75.48571428571428
2018-07-25,82.3,69.7,73.6,70.5,90.4,100,4.17,19.2,10.3,186.3,1008.5,88.2,4.3,104.4,5,24.3078,7,206,2018,-0.4999999999999998,-0.8660254037844388,-0.39359027665646645,-0.9192859697186105,13.57638888888889,1,12.599999999999994,74.4,89.5,75.24285714285715
2018-07-26,80.5,69.0,74.0,70.2,88.6,100,12.5,19.9,11.4,196.8,1008.5,86.3,4.2,124.1,4,8.001,7,207,2018,-0.4999999999999998,-0.8660254037844388,-0.4093559588156211,-0.9123747579707274,13.55861111111111,1,11.5,73.6,90.4,74.87142857142858
2018-07-27,82.3,69.7,73.7,70.5,90.2,100,8.33,14.3,12.8,190.4,1008.0,88.2,4.1,122.0,4,5.4102,7,208,2018,-0.4999999999999998,-0.8660254037844388,-0.42500033996955394,-0.9051931898913975,13.540555555555555,1,12.599999999999994,74.0,88.6,74.42857142857143
2018-07-28,82.3,69.7,73.8,70.5,89.7,0,0.0,15.7,9.2,234.6,1008.4,84.8,4.4,151.2,5,0.2032,7,209,2018,-0.4999999999999998,-0.8660254037844388,-0.4405187843504952,-0.8977433935342336,13.521944444444445,1,12.599999999999994,73.7,90.2,74.3
2018-07-29,82.3,69.7,73.6,70.4,90.2,100,4.17,14.5,11.4,219.6,1007.2,88.5,4.4,108.4,4,0.0,7,210,2018,-0.4999999999999998,-0.8660254037844388,-0.455906693508459,-0.8900275764346766,13.503055555555555,0,12.599999999999994,73.8,89.7,74.08571428571429
2018-07-30,78.7,69.7,73.1,69.9,89.8,0,0.0,23.9,9.2,159.0,1007.1,84.8,4.4,77.7,3,81.00059999999999,7,211,2018,-0.4999999999999998,-0.8660254037844388,-0.47115950767386394,-0.8820480249558535,13.483888888888888,1,9.0,73.6,90.2,73.74285714285715
2018-07-31,80.5,69.7,72.9,69.8,90.4,0,0.0,17.2,9.2,169.7,1006.7,88.0,4.2,93.9,4,13.9954,7,212,2018,-0.4999999999999998,-0.8660254037844388,-0.4862727071086902,-0.8738071036110807,13.464444444444444,1,10.799999999999997,73.1,89.8,73.52857142857142
2018-08-01,78.7,68.1,71.8,69.9,94.0,100,8.33,16.6,8.1,174.6,1006.5,92.0,3.7,115.8,5,1.0,8,213,2018,-0.8660254037844384,-0.5000000000000004,-0.5012418134457756,-0.8653072543632061,13.444722222222222,1,10.600000000000009,72.9,90.4,73.27142857142857
2018-08-02,80.5,69.7,72.7,69.9,91.5,100,4.17,19.0,11.4,166.0,1008.4,88.5,4.0,176.4,7,2.0066,8,214,2018,-0.8660254037844384,-0.5000000000000004,-0.5160623910158526,-0.8565509959010037,13.424166666666666,1,10.799999999999997,71.8,94.0,73.08571428571429
2018-08-03,76.9,69.0,72.0,70.4,94.9,100,8.33,13.0,6.9,205.0,1008.5,88.5,3.9,135.8,6,5.1,8,215,2018,-0.8660254037844384,-0.5000000000000004,-0.5307300481619331,-0.8475409228928312,13.403888888888888,1,7.900000000000006,72.7,91.5,72.84285714285714
2018-08-04,76.9,69.7,72.0,70.5,95.2,100,4.17,12.5,8.1,254.6,1008.8,88.0,3.9,131.9,5,7.9,8,216,2018,-0.8660254037844384,-0.5000000000000004,-0.5452404385406507,-0.8382797052177745,13.383055555555556,1,7.200000000000003,72.0,94.9,72.58571428571429
2018-08-05,78.7,69.7,73.2,70.6,92.1,100,8.33,17.0,12.8,192.2,1009.5,88.0,4.0,74.2,3,27.2,8,217,2018,-0.8660254037844384,-0.5000000000000004,-0.5595892624101763,-0.828770087174504,13.361944444444445,1,9.0,72.0,95.2,72.52857142857142
2018-08-06,80.5,67.9,71.7,69.6,93.7,100,8.33,15.9,12.8,58.0,1009.2,92.0,3.7,145.9,5,50.3,8,218,2018,-0.8660254037844384,-0.5000000000000004,-0.5737722679043243,-0.8190148866680802,13.340555555555556,1,12.599999999999994,73.2,92.1,72.32857142857144
2018-08-07,84.1,67.9,74.1,70.1,88.4,0,0.0,32.2,19.7,257.2,1009.3,86.4,4.3,172.8,7,10.4902,8,219,2018,-0.8660254037844384,-0.5000000000000004,-0.5877852522924734,-0.8090169943749472,13.318888888888889,1,16.19999999999999,71.7,93.7,72.5
2018-08-08,84.1,69.7,75.3,70.0,84.6,0,0.0,38.0,26.4,205.9,1010.5,80.1,4.7,207.2,7,7.010400000000001,8,220,2018,-0.8660254037844384,-0.5000000000000004,-0.6016240632249227,-0.7987793728863648,13.296944444444444,1,14.399999999999991,74.1,88.4,73.0
2018-08-09,84.1,69.7,75.9,68.7,79.3,100,8.33,12.3,12.8,212.4,1012.1,76.9,4.6,122.4,5,10.4,8,221,2018,-0.8660254037844384,-0.5000000000000004,-0.6152845999633277,-0.7883050558305253,13.275,1,14.399999999999991,75.3,84.6,73.45714285714287
2018-08-10,80.5,71.5,74.4,70.3,87.6,100,4.17,13.4,10.3,218.4,1010.8,88.0,4.1,139.7,5,8.9,8,222,2018,-0.8660254037844384,-0.5000000000000004,-0.6287628145958345,-0.7775971469736268,13.2525,1,9.0,75.9,79.3,73.8
2018-08-11,80.5,67.9,73.1,69.3,88.6,0,0.0,15.2,9.2,243.1,1008.3,90.0,4.1,116.6,5,0.0,8,223,2018,-0.8660254037844384,-0.5000000000000004,-0.6420547132365636,-0.7666588193001592,13.229722222222222,0,12.599999999999994,74.4,87.6,73.95714285714287
2018-08-12,78.7,69.7,72.6,70.5,93.7,0,0.0,13.0,6.9,169.7,1006.4,91.0,3.7,113.0,4,21.0058,8,224,2018,-0.8660254037844384,-0.5000000000000004,-0.655156357209085,-0.7554933140726804,13.206944444444444,1,9.0,73.1,88.6,73.87142857142858
2018-08-13,80.5,69.0,72.7,69.9,91.3,100,4.17,12.3,10.3,188.2,1007.4,88.4,4.5,73.3,3,52.8,8,225,2018,-0.8660254037844384,-0.5000000000000004,-0.6680638642135333,-0.7441039398713608,13.18361111111111,1,11.5,72.6,93.7,74.01428571428572
2018-08-14,82.3,69.7,75.1,70.3,86.0,100,4.17,14.3,9.2,254.8,1007.9,86.4,4.5,187.9,7,0.5,8,226,2018,-0.8660254037844384,-0.5000000000000004,-0.6807734094770159,-0.7324940716135792,13.160277777777777,1,12.599999999999994,72.7,91.3,74.15714285714286
2018-08-15,84.1,67.6,74.3,69.9,87.5,100,8.33,15.7,13.4,218.7,1011.1,85.2,4.9,172.5,8,40.6,8,227,2018,-0.8660254037844384,-0.5000000000000004,-0.6932812268869771,-0.7206671495538615,13.136944444444444,1,16.5,75.1,86.0,74.01428571428572
2018-08-16,84.1,69.7,75.1,71.0,87.9,100,12.5,17.4,12.8,204.6,1011.1,74.0,4.6,195.8,8,0.6096,8,228,2018,-0.8660254037844384,-0.5000000000000004,-0.7055836101071774,-0.7086266782644601,13.113055555555556,1,14.399999999999991,74.3,87.5,73.89999999999999
2018-08-17,85.9,71.5,75.8,70.7,85.1,100,4.17,13.4,10.3,209.6,1009.7,88.0,4.8,183.4,7,5.0038,8,229,2018,-0.8660254037844384,-0.5000000000000004,-0.7176769136759615,-0.6963762255968726,13.089444444444444,1,14.400000000000006,75.1,87.9,74.10000000000001
2018-08-18,84.1,69.7,76.2,70.8,84.4,0,0.0,14.8,10.3,233.3,1008.8,82.2,4.7,193.9,8,0.0,8,230,2018,-0.8660254037844384,-0.5000000000000004,-0.7295575540864876,-0.6839194216246105,13.065,0,14.399999999999991,75.8,85.1,74.54285714285713
2018-08-19,84.1,69.7,75.5,70.1,84.4,0,0.0,15.9,8.1,112.3,1009.0,83.3,4.5,205.1,8,1.9812,8,231,2018,-0.8660254037844384,-0.5000000000000004,-0.7412220108485957,-0.6712599575675315,13.040833333333333,1,14.399999999999991,76.2,84.4,74.95714285714284
2018-08-20,85.9,69.7,75.1,69.3,83.2,0,0.0,15.9,11.4,193.8,1011.0,80.1,4.6,194.2,8,8.509,8,232,2018,-0.8660254037844384,-0.5000000000000004,-0.7526668275320083,-0.6584015846980489,13.016388888888889,1,16.200000000000003,75.5,84.4,75.29999999999998
2018-08-21,84.3,69.7,75.6,71.3,87.5,100,4.17,16.6,12.8,205.4,1010.0,87.9,4.3,179.2,7,0.0,8,233,2018,-0.8660254037844384,-0.5000000000000004,-0.7638886127905429,-0.64534811322955,12.991666666666667,0,14.599999999999994,75.1,83.2,75.37142857142858
2018-08-22,82.5,69.9,74.6,70.8,88.9,0,0.0,13.0,10.3,156.5,1009.7,89.6,4.4,133.5,5,15.798799999999998,8,234,2018,-0.8660254037844384,-0.5000000000000004,-0.7748840413670406,-0.6321034111873488,12.966944444444444,1,12.599999999999994,75.6,87.5,75.41428571428571
2018-08-23,84.1,69.7,74.7,70.9,88.9,0,0.0,15.2,10.3,274.0,1009.8,84.8,4.4,126.4,5,13.8176,8,235,2018,-0.8660254037844384,-0.5000000000000004,-0.7856498550787144,-0.6186714032625032,12.941944444444445,1,14.399999999999991,74.6,88.9,75.35714285714286
2018-08-24,82.3,69.7,73.3,70.2,90.7,100,4.17,17.9,11.4,187.6,1009.3,88.0,4.2,103.8,5,41.80839999999999,8,236,2018,-0.8660254037844384,-0.5000000000000004,-0.7961828637826154,-0.6050560696488494,12.916944444444445,1,12.599999999999994,74.7,88.9,75.0
2018-08-25,76.9,69.7,72.1,70.1,93.8,0,0.0,16.6,6.9,184.1,1009.0,89.0,3.9,113.7,5,2.3876,8,237,2018,-0.8660254037844384,-0.5000000000000004,-0.8064799463209447,-0.5912614448635782,12.891666666666667,1,7.200000000000003,73.3,90.7,74.41428571428571
2018-08-26,82.3,69.7,74.5,69.7,85.9,0,0.0,15.2,9.2,204.3,1008.3,88.0,4.4,131.0,5,0.889,8,238,2018,-0.8660254037844384,-0.5000000000000004,-0.8165380514459157,-0.5772916165517278,12.866388888888888,1,12.599999999999994,72.1,93.8,74.27142857142857
2018-08-27,82.3,69.0,74.0,70.5,89.9,100,4.17,15.4,9.2,206.6,1010.0,86.3,4.2,125.1,7,33.0962,8,239,2018,-0.8660254037844384,-0.5000000000000004,-0.8263541987239095,-0.5631507242749187,12.840555555555556,1,13.299999999999997,74.5,85.9,74.11428571428571
2018-08-28,78.7,69.7,72.6,70.8,94.7,0,0.0,15.0,9.2,202.3,1012.1,90.5,4.1,78.0,3,5.4102,8,240,2018,-0.8660254037844384,-0.5000000000000004,-0.8359254794186365,-0.5488429582847199,12.815,1,9.0,74.0,89.9,73.68571428571428
2018-08-29,84.1,69.7,73.6,70.5,90.0,0,0.0,15.9,10.3,174.5,1012.2,88.0,4.3,170.8,7,1.2954,8,241,2018,-0.8660254037844384,-0.5000000000000004,-0.8452490573530634,-0.5343725582809785,12.789444444444445,1,14.399999999999991,72.6,94.7,73.54285714285713
2018-08-30,78.7,68.1,72.2,69.6,92.1,100,16.67,14.5,6.9,192.4,1009.2,91.5,4.1,94.6,3,0.1016,8,242,2018,-0.8660254037844384,-0.5000000000000004,-0.8543221697498269,-0.5197438121555157,12.763333333333334,1,10.600000000000009,73.6,90.0,73.18571428571428
2018-08-31,82.3,69.7,73.2,70.3,91.3,0,0.0,23.3,9.2,169.2,1011.2,86.4,4.2,78.9,5,0.2032,8,243,2018,-0.8660254037844384,-0.5000000000000004,-0.8631421280499115,-0.5049610547215202,12.7375,1,12.599999999999994,72.2,92.1,73.17142857142858
2018-09-01,84.1,67.9,74.8,69.9,85.8,0,0.0,14.8,15.0,215.6,1012.1,74.3,4.4,184.4,7,55.1942,9,244,2018,-1.0,-1.8369701987210297e-16,-0.8717063187093218,-0.4900286664290594,12.711388888888889,1,16.19999999999999,73.2,91.3,73.55714285714285
2018-09-02,80.5,67.9,72.4,69.5,91.1,0,0.0,13.4,11.4,208.0,1012.1,91.0,4.2,128.8,5,0.0,9,245,2018,-1.0,-1.8369701987210297e-16,-0.8800122039735356,-0.4749510720670502,12.685277777777777,0,12.599999999999994,74.8,85.8,73.25714285714285
2018-09-03,80.5,69.7,73.9,69.1,85.6,0,0.0,14.1,10.3,203.1,1011.5,88.0,4.3,141.2,6,32.9946,9,246,2018,-1.0,-1.8369701987210297e-16,-0.888057322629493,-0.4597327394521046,12.658888888888889,1,10.799999999999997,72.4,91.1,73.24285714285713
2018-09-04,84.1,69.7,75.9,68.9,80.0,0,0.0,14.8,11.4,197.0,1011.8,68.0,4.5,164.7,7,10.9982,9,247,2018,-1.0,-1.8369701987210297e-16,-0.8958392907349089,-0.44437817810461344,12.6325,1,14.399999999999991,73.9,85.6,73.71428571428571
2018-09-05,84.1,69.7,76.0,70.4,83.7,0,0.0,13.2,12.8,333.7,1010.9,72.2,4.3,179.5,7,0.0,9,248,2018,-1.0,-1.8369701987210297e-16,-0.9033558023246842,-0.4288919379124841,12.605833333333333,0,14.399999999999991,75.9,80.0,74.05714285714285
2018-09-06,84.1,69.7,73.8,70.2,89.5,0,0.0,13.4,10.3,209.3,1011.5,73.3,4.1,183.0,6,0.0,9,249,2018,-1.0,-1.8369701987210297e-16,-0.9106046300942162,-0.41327860778290443,12.579722222222221,0,14.399999999999991,76.0,83.7,74.28571428571429
2018-09-07,84.1,67.6,75.3,69.6,83.7,100,4.17,18.8,12.8,194.5,1013.4,63.2,5.1,185.8,7,0.889,9,250,2018,-1.0,-1.8369701987210297e-16,-0.9175836260593934,-0.3975428142825566,12.552777777777777,1,16.5,73.8,89.5,74.58571428571429
2018-09-08,84.1,67.9,75.0,68.5,81.4,0,0.0,14.8,10.3,225.3,1014.5,77.2,5.5,192.7,7,8.001,9,251,2018,-1.0,-1.8369701987210297e-16,-0.9242907221930934,-0.3816892202666586,12.526388888888889,1,16.19999999999999,75.3,83.7,74.61428571428571
2018-09-09,82.3,69.7,75.3,69.8,84.0,0,0.0,16.6,11.4,243.5,1014.8,75.3,4.6,201.6,7,0.0,9,252,2018,-1.0,-1.8369701987210297e-16,-0.9307239310379793,-0.3657225234972692,12.499444444444444,0,12.599999999999994,75.0,81.4,75.02857142857144
2018-09-10,80.5,69.7,72.3,69.5,91.3,0,0.0,19.9,6.9,252.3,1015.9,89.0,4.1,166.1,7,0.0,9,253,2018,-1.0,-1.8369701987210297e-16,-0.9368813462954315,-0.34964745525122826,12.472777777777777,0,10.799999999999997,75.3,84.0,74.8
2018-09-11,75.1,66.1,69.9,66.6,89.9,0,0.0,19.5,9.2,268.8,1015.4,88.0,4.0,146.2,6,0.0,9,254,2018,-1.0,-1.8369701987210297e-16,-0.9427611433904206,-0.33346877891818705,12.445833333333333,0,9.0,72.3,91.3,73.94285714285715
2018-09-12,80.5,67.9,71.8,68.1,88.7,100,4.17,17.9,9.2,220.2,1011.6,78.7,4.3,151.6,6,0.5,9,255,2018,-1.0,-1.8369701987210297e-16,-0.9483615800121716,-0.31719128858910595,12.418888888888889,1,12.599999999999994,69.9,89.9,73.34285714285714
2018-09-13,80.5,67.6,72.5,67.4,85.1,100,4.17,15.7,10.3,199.7,1011.3,83.2,4.4,153.9,7,3.0,9,256,2018,-1.0,-1.8369701987210297e-16,-0.9536809966304455,-0.300819807635668,12.391944444444444,1,12.900000000000006,71.8,88.7,73.15714285714286
2018-09-14,80.5,67.9,72.2,67.4,85.8,0,0.0,17.7,12.8,172.9,1013.5,75.3,4.1,154.7,5,0.0,9,257,2018,-1.0,-1.8369701987210297e-16,-0.9587178169872964,-0.2843591872810036,12.365,0,12.599999999999994,72.5,85.1,72.71428571428571
2018-09-15,82.3,67.9,73.4,66.0,79.4,100,4.17,16.3,9.78,210.6,1014.7,69.5,4.3,199.4,8,0.0,9,258,2018,-1.0,-1.8369701987210297e-16,-0.9634705485641486,-0.26781430516217486,12.338055555555556,0,14.399999999999991,72.2,85.8,72.48571428571428
2018-09-16,80.5,67.9,73.0,66.6,81.6,100,20.83,15.2,10.3,171.0,1012.7,83.3,4.3,179.2,7,0.0,9,259,2018,-1.0,-1.8369701987210297e-16,-0.9679377830240642,-0.25119006388481957,12.311111111111112,0,12.599999999999994,73.4,79.4,72.15714285714286
2018-09-17,84.1,67.9,74.5,67.2,79.6,100,20.83,15.2,12.8,278.1,1009.3,54.3,4.8,236.0,8,0.1016,9,260,2018,-1.0,-1.8369701987210297e-16,-0.9721181966290612,-0.23449138957041052,12.283611111111112,1,16.19999999999999,73.0,81.6,72.47142857142858
2018-09-18,85.9,67.9,74.6,66.9,79.1,100,8.33,15.4,11.4,265.4,1009.9,36.0,4.7,237.2,8,0.0,9,261,2018,-1.0,-1.8369701987210297e-16,-0.9760105506323682,-0.21772323039653224,12.256666666666666,0,18.0,74.5,79.6,73.14285714285714
2018-09-19,84.1,67.9,73.8,67.7,82.7,0,0.0,14.3,12.8,149.6,1014.0,66.4,4.3,231.5,8,10.9982,9,262,2018,-1.0,-1.8369701987210297e-16,-0.9796136916454901,-0.20089055513063528,12.229444444444445,1,16.19999999999999,74.6,79.1,73.42857142857143
2018-09-20,78.2,62.9,71.7,66.0,82.8,100,16.67,15.9,9.2,172.3,1013.8,69.8,4.2,220.0,8,2.0066,9,263,2018,-1.0,-1.8369701987210297e-16,-0.9829265519799822,-0.18399835165767986,12.202222222222222,1,15.300000000000004,73.8,82.7,73.31428571428572
2018-09-21,80.5,67.9,71.6,67.7,88.3,0,0.0,18.1,10.3,147.6,1018.5,83.3,4.1,127.2,5,1.1938,9,264,2018,-1.0,-1.8369701987210297e-16,-0.9859481499638303,-0.1670516255021195,12.175,1,12.599999999999994,71.7,82.8,73.22857142857143
2018-09-22,76.9,66.1,71.2,67.1,87.7,0,0.0,17.7,9.2,191.5,1021.0,86.4,4.5,103.1,4,6.5024,9,265,2018,-1.0,-1.8369701987210297e-16,-0.9886775902323404,-0.15005539834465262,12.147777777777778,1,10.800000000000011,71.6,88.3,72.91428571428571
2018-09-23,80.5,66.1,72.5,65.5,80.3,0,0.0,17.4,10.3,283.3,1020.0,53.3,4.8,219.2,8,0.0,9,266,2018,-1.0,-1.8369701987210297e-16,-0.9911140639934546,-0.13301470653419636,12.120555555555555,0,14.400000000000006,71.2,87.7,72.84285714285714
2018-09-24,82.3,66.1,72.8,65.5,79.1,0,0.0,20.4,12.8,273.5,1017.0,56.4,4.6,201.5,8,0.2032,9,267,2018,-1.0,-1.8369701987210297e-16,-0.9932568492674143,-0.11593459959550066,12.093333333333334,1,16.200000000000003,72.5,80.3,72.6
2018-09-25,82.3,66.1,73.2,66.6,81.0,0,0.0,17.9,9.2,283.3,1014.8,60.6,4.1,210.7,7,0.4064,9,268,2018,-1.0,-1.8369701987210297e-16,-0.9951053111006974,-0.09882013873287211,12.06611111111111,1,16.200000000000003,72.8,79.1,72.39999999999999
2018-09-26,82.3,66.1,72.0,66.1,83.0,100,4.17,16.1,11.4,210.8,1013.6,63.2,4.2,175.6,7,0.0,9,269,2018,-1.0,-1.8369701987210297e-16,-0.99665890175417,-0.08167639533042288,12.03888888888889,0,16.200000000000003,73.2,81.0,72.14285714285714
2018-09-27,82.3,66.8,73.5,66.1,78.7,100,4.17,14.3,13.9,204.3,1015.9,76.6,4.4,190.8,7,0.0,9,270,2018,-1.0,-1.8369701987210297e-16,-0.9979171608653922,-0.06450844944931625,12.011666666666667,0,15.5,72.0,83.0,72.39999999999999
2018-09-28,80.5,66.1,72.5,64.8,78.1,0,0.0,14.8,12.8,264.5,1016.9,50.7,4.2,171.5,6,0.0,9,271,2018,-1.0,-1.8369701987210297e-16,-0.9988797155850335,-0.04732138832243232,11.984166666666667,0,14.400000000000006,73.5,78.7,72.52857142857144
2018-09-29,80.5,64.3,71.9,65.3,81.0,100,4.17,15.0,9.2,262.6,1016.7,39.4,4.5,202.8,7,0.0,9,272,2018,-1.0,-1.8369701987210297e-16,-0.9995462806873573,-0.03012030484690836,11.956944444444444,0,16.200000000000003,72.5,78.1,72.62857142857142
2018-09-30,82.3,66.1,73.2,66.2,80.4,0,0.0,16.3,11.4,227.3,1015.7,59.6,4.2,175.1,6,0.0,9,273,2018,-1.0,-1.8369701987210297e-16,-0.9999166586547379,-0.012910296075008843,11.929722222222223,0,16.200000000000003,71.9,81.0,72.72857142857143
2018-10-01,82.3,66.1,72.5,64.5,77.6,0,0.0,16.8,15.0,214.8,1016.2,61.2,4.0,192.0,8,16.9926,10,274,2018,-0.8660254037844386,0.5000000000000001,-0.9999907397361901,0.004303538296243821,11.902777777777779,1,16.200000000000003,73.2,80.4,72.68571428571428
2018-10-02,78.7,62.5,69.7,62.7,79.6,100,4.17,15.9,10.3,234.2,1016.7,38.7,3.8,201.6,8,0.508,10,275,2018,-0.8660254037844386,0.5000000000000001,-0.9997685019798909,0.021516097436222233,11.875555555555556,1,16.200000000000003,72.5,77.6,72.1857142857143
2018-10-03,76.9,60.7,69.0,61.9,79.5,0,0.0,14.3,11.4,231.1,1017.4,53.8,4.0,144.7,6,7.010400000000001,10,276,2018,-0.8660254037844386,0.5000000000000001,-0.9992500112396835,0.03872228089217399,11.848611111111111,1,16.200000000000003,69.7,79.6,71.75714285714287
2018-10-04,76.9,62.5,68.2,60.3,76.8,0,0.0,16.6,13.9,206.0,1018.8,59.0,4.0,189.7,7,13.0048,10,277,2018,-0.8660254037844386,0.5000000000000001,-0.9984354211555643,0.05591699010060302,11.821388888888889,1,14.400000000000006,69.0,79.5,71.00000000000001
2018-10-05,76.9,60.7,67.6,60.1,78.5,0,0.0,16.1,9.2,222.2,1019.3,47.5,3.9,175.2,7,0.0,10,278,2018,-0.8660254037844386,0.5000000000000001,-0.9973249731081555,0.07309512989807776,11.794166666666667,0,16.200000000000003,68.2,76.8,70.3
2018-10-06,76.9,60.7,66.8,59.4,78.8,0,0.0,14.3,10.3,125.9,1018.7,40.7,3.9,195.7,8,0.0,10,279,2018,-0.8660254037844386,0.5000000000000001,-0.9959189961471792,0.0902516100310407,11.7675,0,16.200000000000003,67.6,78.5,69.57142857142857
2018-10-07,76.9,58.9,66.2,57.9,76.6,0,0.0,16.3,12.8,220.5,1018.1,41.7,4.2,190.2,7,12.4968,10,280,2018,-0.8660254037844386,0.5000000000000001,-0.994217906893952,0.10738134666416306,11.740277777777777,1,18.000000000000007,66.8,78.8,68.57142857142857
2018-10-08,75.1,57.1,65.2,55.2,72.0,0,0.0,13.9,9.2,272.4,1017.0,31.4,4.4,183.0,6,0.0,10,281,2018,-0.8660254037844386,0.5000000000000001,-0.9922222094179324,0.12447926388678869,11.713333333333333,0,17.999999999999993,66.2,76.6,67.52857142857144
2018-10-09,76.9,57.1,65.7,56.9,76.1,0,0.0,14.5,8.1,199.6,1017.3,28.3,4.1,202.9,7,0.0,10,282,2018,-0.8660254037844386,0.5000000000000001,-0.989932495087353,0.141540295217043,11.686388888888889,0,19.800000000000004,65.2,72.0,66.95714285714286
2018-10-10,76.9,56.7,66.3,59.6,80.7,100,4.17,13.0,11.4,216.5,1017.9,53.1,3.9,176.1,7,0.0,10,283,2018,-0.8660254037844386,0.5000000000000001,-0.9873494423939864,0.15855938510313475,11.659722222222221,0,20.200000000000003,65.7,76.1,66.57142857142857
2018-10-11,78.7,60.7,68.2,59.6,75.2,0,0.0,13.4,10.3,224.9,1018.5,69.0,4.2,195.0,7,0.0,10,284,2018,-0.8660254037844386,0.5000000000000001,-0.9844738167520923,0.17553149042142777,11.633055555555556,0,18.0,66.3,80.7,66.57142857142857
2018-10-12,75.1,60.7,66.7,59.6,79.0,0,0.0,16.6,13.9,219.8,1019.0,76.9,4.0,176.0,6,0.0,10,285,2018,-0.8660254037844386,0.5000000000000001,-0.9813064702716093,0.19245158197082995,11.606111111111112,0,14.399999999999991,68.2,75.2,66.44285714285715
2018-10-13,76.9,58.9,66.8,57.4,74.4,0,0.0,16.1,13.9,278.5,1018.2,49.6,4.7,205.8,8,0.0,10,286,2018,-0.8660254037844386,0.5000000000000001,-0.9778483415056568,0.20931464596304888,11.579722222222221,0,18.000000000000007,66.7,79.0,66.44285714285715
2018-10-14,76.9,58.9,66.3,57.0,74.0,0,0.0,18.6,10.3,244.5,1017.1,28.7,4.7,202.9,7,0.0,10,287,2018,-0.8660254037844386,0.5000000000000001,-0.9741004551724206,0.22611568550828803,11.553333333333333,0,18.000000000000007,66.8,74.4,66.45714285714287
2018-10-15,76.9,55.3,64.8,56.4,76.4,0,0.0,16.8,12.8,219.6,1018.4,36.0,4.4,189.6,7,0.0,10,288,2018,-0.8660254037844386,0.5000000000000001,-0.970063921851507,0.2428497220959358,11.526666666666667,0,21.60000000000001,66.3,74.0,66.39999999999999
2018-10-16,75.1,57.1,65.1,57.3,77.9,0,0.0,15.4,13.9,222.0,1019.1,66.9,3.9,166.1,6,0.3048,10,289,2018,-0.8660254037844386,0.5000000000000001,-0.965739937654855,0.25951179706979943,11.500277777777777,1,17.999999999999993,64.8,76.4,66.31428571428572
2018-10-17,75.1,58.9,65.6,57.2,75.9,0,0.0,18.1,9.2,231.8,1017.7,55.3,3.8,168.0,6,0.0,10,290,2018,-0.8660254037844386,0.5000000000000001,-0.9611297838723007,0.27609697309746883,11.473888888888888,0,16.199999999999996,65.1,77.9,66.21428571428571
2018-10-18,76.9,55.3,64.8,57.1,78.3,0,0.0,18.3,10.3,267.0,1017.3,30.2,3.7,220.2,8,0.0,10,291,2018,-0.8660254037844386,0.5000000000000001,-0.9562348265919058,0.2926003356333479,11.447777777777778,0,21.60000000000001,65.6,75.9,65.72857142857143
2018-10-19,76.9,55.3,64.4,54.9,74.5,0,0.0,18.6,11.4,276.8,1018.8,30.1,4.1,224.4,8,0.0,10,292,2018,-0.8660254037844386,0.5000000000000001,-0.9510565162951536,0.30901699437494723,11.421944444444444,0,21.60000000000001,64.8,78.3,65.39999999999999
2018-10-20,75.1,55.3,64.3,56.0,76.4,0,0.0,17.7,10.3,272.7,1020.4,28.1,4.0,227.5,8,0.0,10,293,2018,-0.8660254037844386,0.5000000000000001,-0.9455963874271428,0.3253420847119795,11.395833333333334,0,19.799999999999997,64.4,74.5,65.04285714285713
2018-10-21,75.1,55.3,64.4,56.3,77.3,0,0.0,17.2,9.2,214.5,1020.7,38.6,4.1,214.5,8,0.0,10,294,2018,-0.8660254037844386,0.5000000000000001,-0.9398560579418953,0.341570769167856,11.370277777777778,0,19.799999999999997,64.3,76.4,64.77142857142857
2018-10-22,75.1,55.3,63.3,50.7,68.1,0,0.0,20.8,16.1,302.4,1019.3,32.9,4.4,219.7,8,0.0,10,295,2018,-0.8660254037844386,0.5000000000000001,-0.9338372288229252,0.35769823883312546,11.344444444444445,0,19.799999999999997,64.4,77.3,64.55714285714285
2018-10-23,75.1,51.7,60.9,48.1,67.0,0,0.0,18.3,6.9,5.6,1019.2,46.0,4.2,207.0,8,0.1016,10,296,2018,-0.8660254037844386,0.5000000000000001,-0.9275416835791965,0.3737197147904692,11.318888888888889,1,23.39999999999999,63.3,68.1,63.957142857142856
2018-10-24,71.5,49.9,60.3,48.9,68.8,0,0.0,15.4,11.4,189.1,1019.3,29.7,4.4,221.4,8,0.0,10,297,2018,-0.8660254037844386,0.5000000000000001,-0.9209712877166346,0.38963044953078774,11.293333333333333,0,21.6,60.9,67.0,63.2
2018-10-25,73.3,48.1,59.7,49.9,73.2,0,0.0,15.0,10.3,289.5,1021.5,37.3,4.1,200.1,7,0.0,10,298,2018,-0.8660254037844386,0.5000000000000001,-0.9141279881853337,0.4054257283599973,11.268055555555556,0,25.199999999999996,60.3,68.8,62.471428571428575
2018-10-26,75.1,49.9,60.5,47.7,67.6,0,0.0,16.3,12.8,300.4,1023.2,25.0,4.2,210.7,8,0.0,10,299,2018,-0.8660254037844386,0.5000000000000001,-0.9070138128026362,0.42110087079608916,11.243333333333334,0,25.199999999999996,59.7,73.2,61.91428571428571
2018-10-27,75.1,48.1,60.6,46.5,65.2,0,0.0,15.4,10.3,273.4,1023.8,26.0,4.8,214.6,8,0.0,10,300,2018,-0.8660254037844386,0.5000000000000001,-0.8996308696522434,0.4366512319560638,11.218333333333334,0,26.999999999999993,60.5,67.6,61.38571428571429
2018-10-28,75.1,48.1,60.8,47.7,66.2,0,0.0,15.9,10.3,181.7,1023.2,27.6,4.9,208.5,8,0.0,10,301,2018,-0.8660254037844386,0.5000000000000001,-0.8919813464595487,0.45207220393230374,11.193333333333333,0,26.999999999999993,60.6,65.2,60.87142857142857
2018-10-29,75.1,49.9,61.7,50.4,69.6,0,0.0,15.7,10.3,177.2,1022.0,28.3,4.6,201.0,8,0.0,10,302,2018,-0.8660254037844386,0.5000000000000001,-0.8840675099433637,0.46735921715800205,11.168611111111112,0,25.199999999999996,60.8,66.2,60.642857142857146
2018-10-30,76.9,51.7,63.0,51.1,69.0,0,0.0,12.5,10.3,329.5,1022.7,26.0,4.3,220.6,8,26.0096,10,303,2018,-0.8660254037844386,0.5000000000000001,-0.8758917051442433,0.48250774176121763,11.144444444444444,1,25.200000000000003,61.7,69.6,60.94285714285714
2018-10-31,78.7,51.7,63.3,49.8,66.5,0,0.0,11.0,11.4,307.0,1023.0,25.0,4.4,219.3,8,3.9878,10,304,2018,-0.8660254037844386,0.5000000000000001,-0.867456354729597,0.4975132889071803,11.12,1,27.0,63.0,69.0,61.37142857142857
2018-11-01,76.9,49.9,62.4,50.9,69.4,0,0.0,14.3,10.3,270.4,1022.0,25.0,4.7,214.6,8,0.0,11,305,2018,-0.5000000000000004,0.8660254037844384,-0.858763958275803,0.5123714121284235,11.096111111111112,0,27.000000000000007,63.3,66.5,61.75714285714286
2018-11-02,75.1,51.7,61.6,50.1,69.4,0,0.0,17.0,11.4,320.3,1020.8,25.0,4.8,194.6,7,0.9906,11,306,2018,-0.5000000000000004,0.8660254037844384,-0.8498170915275277,0.5270777086423724,11.0725,1,23.39999999999999,62.4,69.4,61.91428571428571
2018-11-03,73.3,49.9,60.3,48.9,69.7,0,0.0,15.9,9.2,267.9,1020.6,37.0,4.6,200.1,7,0.0,11,307,2018,-0.5000000000000004,0.8660254037844384,-0.8406184056344783,0.5416278206559811,11.04888888888889,0,23.4,61.6,69.4,61.87142857142857
2018-11-04,73.3,48.1,59.8,47.7,68.1,0,0.0,19.5,15.0,322.9,1019.5,26.1,4.2,194.7,7,0.0,11,308,2018,-0.5000000000000004,0.8660254037844384,-0.8311706263658079,0.5560174366570446,11.025555555555556,0,25.199999999999996,60.3,69.7,61.728571428571435
2018-11-05,71.5,48.1,58.8,45.6,66.1,0,0.0,19.2,11.4,298.6,1018.6,25.0,4.0,207.7,8,0.0,11,309,2018,-0.5000000000000004,0.8660254037844384,-0.8214765533024145,0.5702422926917867,11.002777777777778,0,23.4,59.8,68.1,61.3142857142857
2018-11-06,71.5,44.5,57.4,45.5,68.1,0,0.0,17.0,9.2,236.1,1018.0,25.0,4.2,204.3,8,0.0,11,310,2018,-0.5000000000000004,0.8660254037844384,-0.8115390590073611,0.5842981736283683,10.979722222222222,0,27.0,58.8,66.1,60.51428571428571
2018-11-07,73.3,44.5,57.5,46.6,71.5,0,0.0,14.8,9.2,169.8,1020.5,25.0,4.0,203.0,7,0.0,11,311,2018,-0.5000000000000004,0.8660254037844384,-0.8013610881746769,0.5981809144059159,10.957222222222223,0,28.799999999999997,57.4,68.1,59.68571428571429
2018-11-08,73.3,46.3,58.1,48.8,75.1,0,0.0,14.3,9.2,212.9,1020.5,26.0,3.6,197.5,7,0.0,11,312,2018,-0.5000000000000004,0.8660254037844384,-0.7909456567567774,0.6118864012687242,10.935,0,27.0,57.5,71.5,59.07142857142857
2018-11-09,69.7,48.1,58.2,50.4,77.7,0,0.0,14.8,12.8,216.8,1018.7,26.0,3.7,157.4,6,0.0,11,313,2018,-0.5000000000000004,0.8660254037844384,-0.780295851070776,0.6254105729852457,10.913055555555555,0,21.6,58.1,75.1,58.58571428571429
2018-11-10,71.5,49.9,58.4,49.3,75.1,0,0.0,13.9,10.3,243.3,1019.9,25.0,4.1,122.6,6,0.0,11,314,2018,-0.5000000000000004,0.8660254037844384,-0.7694148268839381,0.6387494220515268,10.891111111111112,0,21.6,58.2,77.7,58.31428571428571
2018-11-11,69.7,48.1,57.3,48.6,75.4,0,0.0,13.9,11.4,271.2,1020.7,28.1,4.1,143.4,6,0.0,11,315,2018,-0.5000000000000004,0.8660254037844384,-0.7583058084785625,0.6518989958787125,10.869722222222222,0,21.6,58.4,75.1,57.957142857142856
2018-11-12,71.5,48.1,57.9,49.0,75.4,0,0.0,15.2,10.3,217.8,1018.4,31.2,4.1,140.9,6,0.0,11,316,2018,-0.5000000000000004,0.8660254037844384,-0.7469720876965551,0.6648553979642867,10.848611111111111,0,23.4,57.3,75.4,57.82857142857142
2018-11-13,69.7,49.9,58.5,50.5,77.2,0,0.0,13.9,8.1,235.9,1016.7,38.6,3.2,109.8,5,0.0,11,317,2018,-0.5000000000000004,0.8660254037844384,-0.7354170229639858,0.6776147890466887,10.827777777777778,0,19.800000000000004,57.9,75.4,57.98571428571428
2018-11-14,69.7,48.1,58.0,48.9,75.0,0,0.0,20.4,11.4,288.6,1017.3,30.2,3.3,174.2,6,0.0,11,318,2018,-0.5000000000000004,0.8660254037844384,-0.7236440382959123,0.690173388242972,10.807222222222222,0,21.6,58.5,77.2,58.05714285714286
2018-11-15,71.5,46.3,57.9,46.2,69.3,0,0.0,17.0,13.9,322.7,1018.4,25.0,3.8,180.4,7,0.0,11,319,2018,-0.5000000000000004,0.8660254037844384,-0.7116566222817751,0.7025274741691566,10.787222222222223,0,25.200000000000003,58.0,75.0,58.028571428571425
2018-11-16,69.7,46.3,56.6,46.0,70.1,0,0.0,16.8,6.9,266.2,1016.7,24.8,3.3,170.9,7,0.0,11,320,2018,-0.5000000000000004,0.8660254037844384,-0.6994583270516471,0.7146733860429608,10.7675,0,23.400000000000006,57.9,69.3,57.8
2018-11-17,67.9,44.5,55.4,46.2,74.0,0,0.0,17.4,10.3,253.5,1015.7,24.5,3.3,177.9,7,0.0,11,321,2018,-0.5000000000000004,0.8660254037844384,-0.6870527672236675,0.726607524768565,10.748333333333333,0,23.400000000000006,56.6,70.1,57.371428571428574
2018-11-18,67.9,44.5,55.1,47.7,79.1,100,8.33,15.7,9.2,203.4,1018.9,32.4,3.2,144.8,6,0.0,11,322,2018,-0.5000000000000004,0.8660254037844384,-0.6744436188329457,0.7383263540031063,10.729166666666666,0,23.400000000000006,55.4,74.0,57.05714285714286
2018-11-19,66.1,46.3,54.9,48.5,80.7,0,0.0,16.8,8.1,196.4,1021.4,25.0,2.6,140.9,6,0.0,11,323,2018,-0.5000000000000004,0.8660254037844384,-0.661634618242279,0.749826401204568,10.710555555555555,0,19.799999999999997,55.1,79.1,56.62857142857143
2018-11-20,67.9,44.5,54.6,48.6,82.2,0,0.0,17.2,9.2,214.7,1020.1,32.5,2.0,142.6,6,0.0,11,324,2018,-0.5000000000000004,0.8660254037844384,-0.6486295610349818,0.7611042586607742,10.6925,0,23.400000000000006,54.9,80.7,56.07142857142857
2018-11-21,66.1,48.1,55.9,49.8,82.0,0,0.0,16.1,8.1,182.0,1021.1,52.3,2.0,160.5,6,0.0,11,325,2018,-0.5000000000000004,0.8660254037844384,-0.6354323008901775,0.7721565844991641,10.674722222222222,0,17.999999999999993,54.6,82.2,55.77142857142858
2018-11-22,71.5,49.9,57.6,49.3,76.4,0,0.0,17.4,10.3,199.8,1022.0,48.6,2.3,149.4,7,0.0,11,326,2018,-0.5000000000000004,0.8660254037844384,-0.622046748440868,0.7829801036770625,10.6575,0,21.6,55.9,82.0,55.72857142857142
2018-11-23,71.5,44.5,56.7,47.4,75.2,0,0.0,16.1,11.4,238.9,1021.7,25.0,3.1,134.5,6,0.0,11,327,2018,-0.5000000000000004,0.8660254037844384,-0.6084768701151264,0.7935716089521472,10.640555555555556,0,27.0,57.6,76.4,55.74285714285715
2018-11-24,80.7,44.5,56.5,48.7,77.3,0,0.0,15.7,6.9,158.8,1020.9,25.3,3.1,161.5,7,0.0,11,328,2018,-0.5000000000000004,0.8660254037844384,-0.594726686960764,0.8039279618328208,10.623888888888889,0,36.2,56.7,75.2,55.89999999999999
2018-11-25,73.3,44.5,57.0,48.1,75.9,0,0.0,13.9,8.1,140.4,1021.9,25.0,3.1,178.3,7,0.0,11,329,2018,-0.5000000000000004,0.8660254037844384,-0.5808002734538014,0.8140460935082175,10.607777777777779,0,28.799999999999997,56.5,77.3,56.17142857142858
2018-11-26,71.5,44.5,56.5,47.4,75.6,0,0.0,14.8,9.2,141.1,1021.0,25.0,3.4,154.5,6,0.0,11,330,2018,-0.5000000000000004,0.8660254037844384,-0.5667017562911184,0.8239230057575536,10.592222222222222,0,27.0,57.0,75.9,56.39999999999999
2018-11-27,69.7,46.3,56.7,49.0,78.1,0,0.0,14.8,6.9,259.8,1023.6,25.0,3.4,179.7,7,0.0,11,331,2018,-0.5000000000000004,0.8660254037844384,-0.5524353131676203,0.8335557718385695,10.5775,0,23.400000000000006,56.5,75.6,56.7
2018-11-28,80.7,46.3,57.4,49.1,77.0,0,0.0,15.2,9.2,253.5,1023.3,59.8,3.6,162.6,7,0.0,11,332,2018,-0.5000000000000004,0.8660254037844384,-0.5380051715382992,0.8429415373547832,10.562777777777777,0,34.400000000000006,56.7,78.1,56.91428571428571
2018-11-29,71.5,49.9,57.9,49.8,77.4,0,0.0,18.6,9.2,240.1,1022.8,45.5,3.5,152.3,7,0.0,11,333,2018,-0.5000000000000004,0.8660254037844384,-0.5234156073655503,0.8520775211013093,10.54888888888889,0,21.6,57.4,77.0,56.95714285714286
2018-11-30,69.9,49.9,56.8,50.1,80.2,100,4.17,15.9,11.4,253.9,1021.9,62.6,3.3,85.1,4,0.0,11,334,2018,-0.5000000000000004,0.8660254037844384,-0.5086709438521042,0.8609610158889945,10.535277777777777,0,20.000000000000007,57.9,77.4,56.97142857142857
2018-12-01,73.7,46.3,55.2,48.8,80.5,100,12.5,16.6,6.9,211.0,1019.4,56.1,3.1,111.7,5,0.0,12,335,2018,-2.4492935982947064e-16,1.0,-0.4937755501599774,0.8695893893466109,10.522222222222222,0,27.400000000000006,56.8,80.2,56.785714285714285
2018-12-02,67.9,48.1,55.1,46.5,75.4,100,4.17,13.6,9.2,213.6,1018.5,58.2,3.0,90.2,4,0.0,12,336,2018,-2.4492935982947064e-16,1.0,-0.4787338401157883,0.8779600847008883,10.509722222222223,0,19.800000000000004,55.2,80.5,56.51428571428571
2018-12-03,66.1,46.3,53.8,46.3,78.1,0,0.0,14.1,10.3,227.2,1019.4,44.0,2.7,105.2,4,0.0,12,337,2018,-2.4492935982947064e-16,1.0,-0.4635502709028512,0.8860706215341377,10.497777777777777,0,19.799999999999997,55.1,75.4,56.12857142857143
2018-12-04,64.3,44.5,53.1,45.4,77.8,0,0.0,15.4,9.2,240.4,1021.3,31.5,2.8,124.8,5,0.0,12,338,2018,-2.4492935982947064e-16,1.0,-0.4482293417404106,0.893918596519257,10.48638888888889,0,19.799999999999997,53.8,78.1,55.61428571428571
2018-12-05,64.3,44.5,53.0,45.6,78.2,0,0.0,14.8,8.1,167.6,1018.7,66.4,2.7,129.3,5,0.0,12,339,2018,-2.4492935982947064e-16,1.0,-0.4327755925504317,0.9015016841318838,10.475555555555555,0,19.799999999999997,53.1,77.8,54.98571428571428
2018-12-06,66.1,42.7,52.7,44.9,77.9,0,0.0,15.9,10.3,191.5,1017.4,40.5,3.2,132.5,5,0.0,12,340,2018,-2.4492935982947064e-16,1.0,-0.41719360261231697,0.9088176373395028,10.465277777777779,0,23.39999999999999,53.0,78.2,54.24285714285715
2018-12-07,66.1,42.7,52.3,45.0,78.4,0,0.0,15.7,10.3,198.2,1016.8,34.8,3.2,138.1,6,0.0,12,341,2018,-2.4492935982947064e-16,1.0,-0.4014879892059737,0.9158642882672868,10.455833333333333,0,23.39999999999999,52.7,77.9,53.60000000000001
2018-12-08,64.3,42.7,51.6,43.2,76.3,0,0.0,13.2,8.1,245.8,1019.8,40.2,3.0,150.1,6,0.0,12,342,2018,-2.4492935982947064e-16,1.0,-0.38566340624360745,0.9226395488404875,10.446944444444444,0,21.599999999999994,52.3,78.4,53.08571428571428
2018-12-09,66.1,40.9,51.8,42.9,74.8,0,0.0,14.3,6.9,196.0,1018.9,31.6,3.3,154.3,6,0.0,12,343,2018,-2.4492935982947064e-16,1.0,-0.3697245428906732,0.9291414114031743,10.438333333333333,0,25.199999999999996,51.6,76.3,52.614285714285714
2018-12-10,64.3,40.9,51.6,41.9,72.7,0,0.0,14.1,8.1,161.2,1019.5,25.0,4.0,150.4,6,0.0,12,344,2018,-2.4492935982947064e-16,1.0,-0.3536761221763721,0.935367949313148,10.430833333333334,0,23.4,51.8,74.8,52.300000000000004
2018-12-11,66.1,40.9,51.1,41.4,73.0,0,0.0,14.8,10.3,174.4,1019.7,25.0,3.8,151.7,6,0.0,12,345,2018,-2.4492935982947064e-16,1.0,-0.33752289959411347,0.941317317512847,10.423333333333334,0,25.199999999999996,51.6,72.7,52.01428571428571
2018-12-12,66.3,39.1,51.8,40.3,68.8,0,0.0,14.1,9.2,186.0,1021.1,56.6,4.2,148.2,6,0.0,12,346,2018,-2.4492935982947064e-16,1.0,-0.32126966169236515,0.946987753076075,10.416666666666666,0,27.199999999999996,51.1,73.0,51.84285714285715
2018-12-13,68.6,40.9,52.1,41.9,70.4,100,4.17,13.6,8.1,154.6,1021.5,40.8,4.3,153.3,6,0.0,12,347,2018,-2.4492935982947064e-16,1.0,-0.3049212246562894,0.9523775757303973,10.410833333333333,0,27.699999999999996,51.8,68.8,51.75714285714285
2018-12-14,80.3,42.0,52.9,42.9,70.4,100,20.83,14.8,3.8,12.3,1020.3,18.9,5.2,158.8,6,0.0,12,348,2018,-2.4492935982947064e-16,1.0,-0.2884824328806098,0.9574851883550389,10.405555555555555,0,38.3,52.1,70.4,51.84285714285715
2018-12-15,67.9,39.1,52.0,38.4,64.0,0,0.0,16.8,8.1,137.1,1023.3,21.6,4.5,177.2,7,0.0,12,349,2018,-2.4492935982947064e-16,1.0,-0.27195815753410524,0.9623090774541487,10.400833333333333,0,28.800000000000004,52.9,70.4,51.9
2018-12-16,66.1,39.1,50.5,38.4,68.0,0,0.0,15.0,5.8,108.6,1025.4,25.0,4.0,176.4,7,0.0,12,350,2018,-2.4492935982947064e-16,1.0,-0.2553532951161881,0.9668478136052773,10.396666666666667,0,26.999999999999993,52.0,64.0,51.714285714285715
2018-12-17,60.7,37.3,49.2,38.3,69.1,0,0.0,16.8,6.9,77.0,1024.1,69.6,2.8,147.4,6,0.0,12,351,2018,-2.4492935982947064e-16,1.0,-0.23867276600594997,0.9711000518829505,10.393611111111111,0,23.400000000000006,50.5,68.0,51.37142857142857
2018-12-18,58.9,46.3,51.6,41.1,68.4,100,4.17,15.0,10.3,255.8,1020.5,80.6,3.1,63.3,2,0.0,12,352,2018,-2.4492935982947064e-16,1.0,-0.22192151300416674,0.9750645322571945,10.390555555555556,0,12.600000000000001,49.2,69.1,51.44285714285714
2018-12-19,64.3,44.5,52.4,43.3,73.2,0,0.0,15.7,6.9,204.7,1019.9,41.3,2.7,158.4,6,0.0,12,353,2018,-2.4492935982947064e-16,1.0,-0.20510449986861926,0.9787400799669153,10.38861111111111,0,19.799999999999997,51.6,68.4,51.528571428571425
2018-12-20,66.1,39.1,50.1,43.5,81.2,0,0.0,15.2,9.2,215.4,1019.9,25.0,2.1,160.7,7,0.0,12,354,2018,-2.4492935982947064e-16,1.0,-0.1882267098432439,0.9821256058680006,10.387222222222222,0,26.999999999999993,52.4,73.2,51.24285714285715
2018-12-21,62.5,40.9,51.5,43.4,75.7,0,0.0,15.4,8.1,206.3,1018.5,48.4,2.7,134.6,6,0.0,12,355,2018,-2.4492935982947064e-16,1.0,-0.1712931441814778,0.9852201067560606,10.386388888888888,0,21.6,50.1,81.2,51.042857142857144
2018-12-22,60.7,44.5,51.8,43.7,75.9,0,0.0,13.4,9.2,125.3,1020.5,58.6,2.9,116.0,4,0.0,12,356,2018,-2.4492935982947064e-16,1.0,-0.154308820664281,0.9880226656636976,10.386388888888888,0,16.200000000000003,51.5,75.7,51.01428571428572
2018-12-23,66.1,39.1,49.8,41.4,76.5,0,0.0,15.0,5.8,130.7,1021.1,25.0,2.9,149.1,6,0.0,12,357,2018,-2.4492935982947064e-16,1.0,-0.13727877211326517,0.9905324521322227,10.386666666666667,0,26.999999999999993,51.8,75.9,50.91428571428571
2018-12-24,66.1,39.1,50.2,41.4,74.7,0,0.0,16.8,8.1,149.2,1019.1,30.8,2.9,168.1,7,0.0,12,358,2018,-2.4492935982947064e-16,1.0,-0.12020804489935275,0.9927487224577402,10.388055555555555,0,26.999999999999993,49.8,76.5,51.05714285714286
2018-12-25,64.3,37.3,48.9,38.7,72.4,0,0.0,17.2,10.3,292.2,1017.4,25.0,3.3,159.9,7,0.0,12,359,2018,-2.4492935982947064e-16,1.0,-0.10310169744743544,0.9946708199115211,10.39,0,27.0,50.2,74.7,50.67142857142857
2018-12-26,60.7,37.3,47.4,39.3,76.5,0,0.0,17.4,9.2,176.6,1017.0,35.5,3.5,143.0,6,0.0,12,360,2018,-2.4492935982947064e-16,1.0,-0.0859647987374467,0.9962981749346077,10.3925,0,23.400000000000006,48.9,72.4,49.957142857142856
2018-12-27,58.9,41.1,48.4,40.3,76.0,100,8.33,17.7,10.3,165.2,1016.0,53.7,3.4,152.9,6,0.0,12,361,2018,-2.4492935982947064e-16,1.0,-0.06880242680232064,0.9976303053065857,10.395555555555555,0,17.799999999999997,47.4,76.5,49.714285714285715
2018-12-28,58.9,35.5,46.6,36.6,72.4,0,0.0,15.0,6.9,203.4,1016.2,34.4,3.2,163.4,6,0.0,12,362,2018,-2.4492935982947064e-16,1.0,-0.05161966722325418,0.9986668162884759,10.399444444444445,0,23.4,48.4,76.0,49.01428571428571
2018-12-29,62.5,35.5,47.5,36.1,69.5,0,0.0,13.9,8.1,145.7,1020.6,25.0,2.9,174.4,7,0.0,12,363,2018,-2.4492935982947064e-16,1.0,-0.034421611622745804,0.9994074007397048,10.403888888888888,0,27.0,46.6,72.4,48.39999999999999
2018-12-30,64.3,35.5,47.1,35.3,69.0,0,0.0,13.2,6.9,161.9,1023.3,25.0,2.8,176.1,7,0.0,12,364,2018,-2.4492935982947064e-16,1.0,-0.01721335615583528,0.9998518392091162,10.408888888888889,0,28.799999999999997,47.5,69.5,48.01428571428572
2018-12-31,66.1,33.7,47.8,34.7,67.3,0,0.0,15.2,9.2,147.5,1022.8,25.0,2.8,170.2,7,0.0,12,365,2018,-2.4492935982947064e-16,1.0,6.432490598706546e-16,1.0,10.414722222222222,0,32.39999999999999,47.1,69.0,47.67142857142857
2019-01-01,64.3,35.5,47.7,35.5,68.0,0,0.0,13.2,6.9,148.5,1023.1,25.0,3.0,169.9,7,0.0,1,1,2019,0.49999999999999994,0.8660254037844387,0.017213356155834685,0.9998518392091162,10.421388888888888,0,28.799999999999997,47.8,67.3,47.5
2019-01-02,64.3,35.5,47.7,35.1,67.1,0,0.0,16.3,9.2,120.1,1022.9,25.0,3.6,159.4,7,0.0,1,2,2019,0.49999999999999994,0.8660254037844387,0.03442161162274574,0.9994074007397048,10.428333333333333,0,28.799999999999997,47.7,68.0,47.542857142857144
2019-01-03,60.7,35.1,46.9,35.3,68.2,0,0.0,14.3,10.3,208.1,1021.8,23.1,3.7,142.4,5,0.0,1,3,2019,0.49999999999999994,0.8660254037844387,0.051619667223253764,0.998666816288476,10.435833333333333,0,25.6,47.7,67.1,47.32857142857142
2019-01-04,58.9,35.5,46.0,34.8,68.5,0,0.0,15.4,11.4,184.2,1022.4,25.2,3.3,148.5,6,0.0,1,4,2019,0.49999999999999994,0.8660254037844387,0.06880242680231986,0.9976303053065857,10.444166666666666,0,23.4,46.9,68.2,47.24285714285715
2019-01-05,60.7,33.7,46.7,36.7,71.6,0,0.0,14.8,8.1,195.7,1023.0,26.0,2.9,150.6,6,0.0,1,5,2019,0.49999999999999994,0.8660254037844387,0.08596479873744647,0.9962981749346078,10.452777777777778,0,27.0,46.0,68.5,47.12857142857143
2019-01-06,66.1,35.5,49.2,37.0,67.7,0,0.0,14.8,6.9,76.1,1021.6,25.0,2.9,147.3,6,0.0,1,6,2019,0.49999999999999994,0.8660254037844387,0.10310169744743485,0.9946708199115211,10.462222222222222,0,30.599999999999994,46.7,71.6,47.42857142857143
2019-01-07,60.7,44.5,49.8,38.9,68.4,100,4.17,21.0,10.3,113.3,1021.0,25.0,3.4,68.8,3,0.0,1,7,2019,0.49999999999999994,0.8660254037844387,0.1202080448993527,0.9927487224577402,10.4725,0,16.200000000000003,49.2,67.7,47.714285714285715
2019-01-08,64.3,35.5,49.3,35.7,64.7,0,0.0,14.3,10.3,220.7,1018.0,25.0,3.5,184.3,7,0.0,1,8,2019,0.49999999999999994,0.8660254037844387,0.13727877211326478,0.9905324521322229,10.483055555555556,0,28.799999999999997,49.8,68.4,47.94285714285714
2019-01-09,62.5,40.9,50.0,39.5,70.2,0,0.0,15.7,9.2,206.7,1017.6,25.0,3.5,146.9,6,0.0,1,9,2019,0.49999999999999994,0.8660254037844387,0.15430882066428117,0.9880226656636976,10.494444444444444,0,21.6,49.3,64.7,48.271428571428565
2019-01-10,60.7,39.1,48.9,40.9,76.6,0,0.0,15.0,9.2,168.0,1019.1,25.0,2.6,162.5,7,0.0,1,10,2019,0.49999999999999994,0.8660254037844387,0.1712931441814776,0.9852201067560606,10.50611111111111,0,21.6,50.0,70.2,48.557142857142864
2019-01-11,60.7,40.9,49.9,42.5,78.4,0,0.0,12.8,9.2,268.4,1020.5,24.9,2.4,118.2,5,0.0,1,11,2019,0.49999999999999994,0.8660254037844387,0.1882267098432442,0.9821256058680006,10.518611111111111,0,19.800000000000004,48.9,76.6,49.11428571428571
2019-01-12,62.5,40.9,49.8,41.6,76.2,0,0.0,15.0,8.1,154.3,1020.8,25.0,2.2,155.5,7,0.0,1,12,2019,0.49999999999999994,0.8660254037844387,0.2051044998686192,0.9787400799669153,10.531666666666666,0,21.6,49.9,78.4,49.55714285714286
2019-01-13,64.3,37.3,49.7,40.1,73.3,0,0.0,14.3,10.3,268.4,1021.3,25.0,2.5,168.3,6,0.0,1,13,2019,0.49999999999999994,0.8660254037844387,0.22192151300416552,0.9750645322571948,10.545,0,27.0,49.8,76.2,49.628571428571426
2019-01-14,62.5,37.3,49.2,37.9,70.4,0,0.0,18.8,12.8,251.5,1018.1,25.0,3.1,179.6,7,0.0,1,14,2019,0.49999999999999994,0.8660254037844387,0.2386727660059501,0.9711000518829505,10.55888888888889,0,25.200000000000003,49.7,73.3,49.54285714285714
2019-01-15,62.5,37.3,48.8,38.4,71.5,0,0.0,18.3,9.2,205.2,1018.8,25.2,3.0,187.2,7,0.0,1,15,2019,0.49999999999999994,0.8660254037844387,0.255353295116187,0.9668478136052775,10.573333333333334,0,25.200000000000003,49.2,70.4,49.471428571428575
2019-01-16,62.5,37.3,49.5,40.9,74.8,0,0.0,14.8,8.1,139.8,1021.0,25.0,2.7,165.5,7,0.0,1,16,2019,0.49999999999999994,0.8660254037844387,0.2719581575341055,0.9623090774541486,10.588611111111112,0,25.200000000000003,48.8,71.5,49.39999999999999
2019-01-17,64.3,39.1,49.8,40.8,74.6,0,0.0,13.9,8.1,287.3,1019.0,25.2,2.8,150.9,6,0.0,1,17,2019,0.49999999999999994,0.8660254037844387,0.288482432880609,0.9574851883550393,10.60388888888889,0,25.199999999999996,49.5,74.8,49.528571428571425
2019-01-18,64.3,39.1,50.2,41.1,74.5,0,0.0,15.0,10.3,236.0,1018.6,25.0,2.9,167.7,6,0.0,1,18,2019,0.49999999999999994,0.8660254037844387,0.30492122465628907,0.9523775757303974,10.62,0,25.199999999999996,49.8,74.6,49.57142857142857
2019-01-19,64.3,39.1,50.4,41.0,73.3,100,4.17,16.3,9.2,248.9,1019.6,25.0,2.8,172.4,7,0.0,1,19,2019,0.49999999999999994,0.8660254037844387,0.3212696616923644,0.9469877530760753,10.636666666666667,0,25.199999999999996,50.2,74.5,49.65714285714286
2019-01-20,66.1,39.1,50.8,41.1,72.3,0,0.0,16.3,8.1,163.7,1020.0,25.0,2.8,185.0,7,0.0,1,20,2019,0.49999999999999994,0.8660254037844387,0.3375228995941133,0.9413173175128471,10.653611111111111,0,26.999999999999993,50.4,73.3,49.81428571428571
2019-01-21,67.9,40.9,52.2,41.0,70.1,0,0.0,15.2,10.3,187.4,1020.1,25.0,2.9,182.6,7,0.0,1,21,2019,0.49999999999999994,0.8660254037844387,0.3536761221763716,0.9353679493131483,10.670833333333333,0,27.000000000000007,50.8,72.3,50.24285714285715
2019-01-22,66.1,42.7,53.7,42.7,69.1,0,0.0,14.3,11.4,310.5,1020.9,25.0,2.7,118.1,5,0.0,1,22,2019,0.49999999999999994,0.8660254037844387,0.3697245428906731,0.9291414114031743,10.688611111111111,0,23.39999999999999,52.2,70.1,50.94285714285714
2019-01-23,53.5,46.3,49.0,46.5,91.5,100,8.33,16.8,11.4,92.2,1022.4,27.7,3.5,118.4,5,0.0,1,23,2019,0.49999999999999994,0.8660254037844387,0.38566340624360707,0.9226395488404876,10.706944444444444,0,7.200000000000003,53.7,69.1,50.871428571428574
2019-01-24,66.1,42.7,50.5,41.9,77.0,100,4.17,16.1,10.3,39.2,1021.8,37.5,3.0,169.1,7,0.0,1,24,2019,0.49999999999999994,0.8660254037844387,0.401487989205973,0.9158642882672872,10.725555555555555,0,23.39999999999999,49.0,91.5,50.971428571428575
2019-01-25,62.5,42.7,50.6,41.8,75.2,0,0.0,15.4,11.4,202.2,1022.8,25.0,3.3,126.9,6,0.0,1,25,2019,0.49999999999999994,0.8660254037844387,0.4171936026123168,0.9088176373395029,10.744722222222222,0,19.799999999999997,50.5,77.0,51.02857142857143
2019-01-26,53.5,46.3,49.8,46.2,88.3,100,8.33,14.3,8.1,110.7,1023.7,25.0,3.5,132.3,5,3.8,1,26,2019,0.49999999999999994,0.8660254037844387,0.4327755925504312,0.901501684131884,10.764166666666666,1,7.200000000000003,50.6,75.2,50.942857142857136
2019-01-27,62.5,40.2,50.6,43.6,80.0,100,4.17,15.4,6.9,148.9,1022.6,40.6,2.9,166.0,7,0.0,1,27,2019,0.49999999999999994,0.8660254037844387,0.4482293417404106,0.893918596519257,10.783888888888889,0,22.299999999999997,49.8,88.3,50.91428571428572
2019-01-28,62.5,39.1,49.5,41.3,76.8,100,8.33,15.2,12.8,208.7,1021.3,25.0,3.2,147.3,6,0.0,1,28,2019,0.49999999999999994,0.8660254037844387,0.4635502709028509,0.886070621534138,10.804166666666667,0,23.4,50.6,80.0,50.528571428571425
2019-01-29,60.7,39.1,48.1,39.6,75.5,100,4.17,18.1,12.8,246.4,1019.6,25.2,3.3,171.5,7,0.0,1,29,2019,0.49999999999999994,0.8660254037844387,0.47873384011578846,0.8779600847008882,10.824722222222222,0,21.6,49.5,76.8,49.728571428571435
2019-01-30,64.3,37.3,48.9,37.4,70.1,0,0.0,16.8,8.1,252.8,1020.9,25.0,3.5,206.3,8,0.0,1,30,2019,0.49999999999999994,0.8660254037844387,0.4937755501599772,0.869589389346611,10.845833333333333,0,27.0,48.1,75.5,49.714285714285715
2019-01-31,64.3,39.1,50.7,41.2,72.9,0,0.0,15.4,8.1,112.5,1022.5,25.0,2.8,115.4,4,0.0,1,31,2019,0.49999999999999994,0.8660254037844387,0.5086709438521044,0.8609610158889943,10.866944444444444,0,25.199999999999996,48.9,70.1,49.74285714285714
2019-02-01,66.1,44.5,53.1,42.5,70.7,0,0.0,13.0,9.2,264.4,1021.4,25.0,2.9,142.0,5,0.0,2,32,2019,0.8660254037844386,0.5000000000000001,0.5234156073655503,0.8520775211013093,10.88861111111111,0,21.599999999999994,50.7,72.9,50.10000000000001
2019-02-02,67.9,40.9,52.3,40.2,67.8,100,4.17,17.0,11.4,270.6,1019.0,25.0,3.3,195.9,7,0.0,2,33,2019,0.8660254037844386,0.5000000000000001,0.5380051715382996,0.8429415373547828,10.910277777777777,0,27.000000000000007,53.1,70.7,50.45714285714286
2019-02-03,67.9,39.1,52.3,39.3,65.9,0,0.0,17.4,10.3,233.5,1020.8,25.0,3.8,213.9,8,0.0,2,34,2019,0.8660254037844386,0.5000000000000001,0.5524353131676196,0.8335557718385699,10.9325,0,28.800000000000004,52.3,67.8,50.699999999999996
2019-02-04,69.7,40.9,53.5,42.3,70.3,0,0.0,19.0,10.3,271.1,1021.8,25.0,3.4,215.6,8,0.0,2,35,2019,0.8660254037844386,0.5000000000000001,0.5667017562911176,0.8239230057575542,10.955,0,28.800000000000004,52.3,65.9,51.271428571428565
2019-02-05,67.9,38.6,53.3,43.9,73.6,0,0.0,16.3,10.3,227.2,1020.7,27.1,3.1,198.8,8,0.0,2,36,2019,0.8660254037844386,0.5000000000000001,0.5808002734538009,0.8140460935082178,10.978055555555555,0,29.300000000000004,53.5,70.3,52.01428571428571
2019-02-06,69.7,44.5,55.0,45.2,73.0,0,0.0,19.7,10.3,282.1,1017.9,25.0,3.1,193.7,8,0.0,2,37,2019,0.8660254037844386,0.5000000000000001,0.5947266869607634,0.8039279618328213,11.000833333333333,0,25.200000000000003,53.3,73.6,52.885714285714286
2019-02-07,51.7,46.3,49.8,48.6,95.8,100,4.17,17.2,5.8,68.1,1020.9,25.0,2.3,62.2,3,0.0,2,38,2019,0.8660254037844386,0.5000000000000001,0.6084768701151261,0.7935716089521474,11.024166666666666,0,5.400000000000006,55.0,73.0,52.75714285714286
2019-02-08,60.7,46.3,52.1,47.9,87.2,100,8.33,14.5,15.0,227.3,1020.6,25.0,3.3,118.9,5,0.0,2,39,2019,0.8660254037844386,0.5000000000000001,0.6220467484408675,0.7829801036770629,11.048055555555555,0,14.400000000000006,49.8,95.8,52.61428571428571
2019-02-09,55.3,42.7,47.1,41.7,82.8,100,4.17,17.4,17.2,77.6,1019.2,25.0,4.7,153.0,6,0.0,2,40,2019,0.8660254037844386,0.5000000000000001,0.6354323008901774,0.7721565844991642,11.071666666666667,0,12.599999999999994,52.1,87.2,51.871428571428574
2019-02-10,62.5,35.5,48.9,39.1,73.4,0,0.0,17.4,9.2,261.4,1021.3,25.0,4.1,225.0,8,0.0,2,41,2019,0.8660254037844386,0.5000000000000001,0.6486295610349814,0.7611042586607747,11.095833333333333,0,27.0,47.1,82.8,51.385714285714286
2019-02-11,66.1,44.5,52.7,44.5,77.2,0,0.0,17.4,10.3,195.7,1022.5,25.0,3.6,182.7,8,0.0,2,42,2019,0.8660254037844386,0.5000000000000001,0.6616346182422783,0.7498264012045686,11.120277777777778,0,21.599999999999994,48.9,73.4,51.27142857142858
2019-02-12,66.1,40.9,53.7,45.3,76.6,0,0.0,16.6,10.3,229.6,1023.8,34.4,3.3,189.4,8,0.0,2,43,2019,0.8660254037844386,0.5000000000000001,0.6744436188329455,0.7383263540031065,11.144722222222223,0,25.199999999999996,52.7,77.2,51.32857142857143
2019-02-13,67.9,44.5,55.1,46.8,76.5,0,0.0,16.3,9.2,223.4,1023.8,25.0,3.2,198.7,8,0.0,2,44,2019,0.8660254037844386,0.5000000000000001,0.6870527672236669,0.7266075247685656,11.169166666666667,0,23.400000000000006,53.7,76.6,51.34285714285714
2019-02-14,64.3,48.1,55.5,49.0,80.5,100,4.17,15.7,8.1,202.3,1021.0,25.0,2.4,150.0,6,0.0,2,45,2019,0.8660254037844386,0.5000000000000001,0.6994583270516471,0.7146733860429609,11.194166666666666,0,16.199999999999996,55.1,76.5,52.15714285714286
2019-02-15,67.9,49.9,56.4,48.3,76.8,0,0.0,18.1,12.8,292.2,1020.6,26.0,2.8,150.0,7,0.0,2,46,2019,0.8660254037844386,0.5000000000000001,0.7116566222817746,0.702527474169157,11.219444444444445,0,18.000000000000007,55.5,80.5,52.77142857142858
2019-02-16,62.5,44.5,52.9,46.7,80.7,100,4.17,16.1,10.3,87.3,1018.6,23.8,3.4,153.3,7,5.1,2,47,2019,0.8660254037844386,0.5000000000000001,0.7236440382959124,0.6901733882429719,11.244444444444444,1,18.0,56.4,76.8,53.6
2019-02-17,62.5,42.7,50.9,43.2,78.4,100,4.17,20.8,13.9,278.2,1014.1,25.0,3.5,189.1,7,1.0,2,48,2019,0.8660254037844386,0.5000000000000001,0.7354170229639855,0.6776147890466889,11.27,1,19.799999999999997,52.9,80.7,53.88571428571429
2019-02-18,67.9,42.7,52.9,44.9,76.4,0,0.0,17.2,13.9,198.6,1012.6,25.0,3.4,176.2,7,0.0,2,49,2019,0.8660254037844386,0.5000000000000001,0.7469720876965552,0.6648553979642865,11.295555555555556,0,25.200000000000003,50.9,78.4,53.91428571428571
2019-02-19,64.3,46.3,53.6,45.6,77.1,100,4.17,32.0,10.3,302.6,1017.3,25.0,3.4,182.5,7,1.3,2,50,2019,0.8660254037844386,0.5000000000000001,0.7583058084785625,0.6518989958787126,11.321388888888889,1,18.0,52.9,76.4,53.9
2019-02-20,67.9,42.7,54.8,44.4,72.0,0,0.0,18.8,11.4,310.8,1020.3,25.0,3.9,228.5,8,0.0,2,51,2019,0.8660254037844386,0.5000000000000001,0.7694148268839378,0.6387494220515272,11.347222222222221,0,25.200000000000003,53.6,77.1,53.857142857142854
2019-02-21,71.5,46.3,57.9,47.4,72.1,0,0.0,25.7,16.1,301.9,1021.5,25.0,3.8,226.9,8,0.0,2,52,2019,0.8660254037844386,0.5000000000000001,0.7802958510707755,0.6254105729852463,11.373055555555556,0,25.200000000000003,54.8,72.0,54.2
2019-02-22,75.1,46.3,60.3,46.4,65.4,0,0.0,28.6,17.2,319.1,1018.8,25.0,4.0,209.8,8,0.0,2,53,2019,0.8660254037844386,0.5000000000000001,0.7909456567567772,0.6118864012687243,11.399444444444445,0,28.799999999999997,57.9,72.1,54.75714285714285
2019-02-23,73.3,48.1,59.2,43.6,61.3,0,0.0,21.3,12.8,290.7,1015.1,25.0,4.2,234.8,9,0.0,2,54,2019,0.8660254037844386,0.5000000000000001,0.8013610881746766,0.5981809144059164,11.425833333333333,0,25.199999999999996,60.3,65.4,55.65714285714286
2019-02-24,69.7,46.3,58.5,41.3,59.2,0,0.0,16.3,8.1,329.3,1014.7,25.0,3.7,151.2,6,0.0,2,55,2019,0.8660254037844386,0.5000000000000001,0.8115390590073611,0.5842981736283683,11.452222222222222,0,23.400000000000006,59.2,61.3,56.74285714285714
2019-02-25,66.1,48.1,57.1,38.8,52.6,100,12.5,14.1,8.1,224.9,1015.0,32.2,4.6,178.7,7,0.0,2,56,2019,0.8660254037844386,0.5000000000000001,0.8214765533024142,0.5702422926917871,11.47861111111111,0,17.999999999999993,58.5,59.2,57.34285714285714
2019-02-26,67.9,46.3,56.1,34.4,48.4,0,0.0,17.4,12.8,253.8,1015.3,25.0,5.1,219.4,8,0.0,2,57,2019,0.8660254037844386,0.5000000000000001,0.8311706263658079,0.5560174366570446,11.505277777777778,0,21.60000000000001,57.1,52.6,57.699999999999996
2019-02-27,58.9,48.1,52.2,40.5,66.0,100,4.17,22.1,12.8,103.3,1014.6,25.0,4.4,76.8,3,2.3,2,58,2019,0.8660254037844386,0.5000000000000001,0.8406184056344782,0.5416278206559814,11.531944444444445,1,10.799999999999997,56.1,48.4,57.32857142857143
2019-02-28,57.1,35.5,47.1,39.0,75.7,100,4.17,18.1,13.9,247.8,1015.2,25.2,4.4,156.6,7,26.9,2,59,2019,0.8660254037844386,0.5000000000000001,0.8498170915275278,0.5270777086423722,11.55888888888889,1,21.6,52.2,66.0,55.785714285714285
2019-03-01,64.3,37.3,50.1,40.0,72.6,100,4.17,17.2,12.8,252.7,1016.7,25.0,4.4,250.0,9,0.0,3,60,2019,1.0,6.123233995736766e-17,0.8587639582758029,0.5123714121284237,11.585833333333333,0,27.0,47.1,75.7,54.328571428571436
2019-03-02,64.3,40.9,52.0,43.2,75.0,0,0.0,19.2,9.2,256.1,1018.3,25.2,3.9,220.5,8,0.0,3,61,2019,1.0,6.123233995736766e-17,0.8674563547295968,0.49751328890718066,11.612777777777778,0,23.4,50.1,72.6,53.300000000000004
2019-03-03,64.3,44.5,54.3,47.2,79.1,100,4.17,20.6,8.1,227.6,1015.8,26.0,3.7,178.8,7,0.0,3,62,2019,1.0,6.123233995736766e-17,0.8758917051442429,0.48250774176121847,11.64,0,19.799999999999997,52.0,75.0,52.699999999999996
2019-03-04,69.7,44.5,56.2,45.6,73.0,0,0.0,17.2,9.2,243.3,1012.1,28.1,3.9,221.7,8,0.0,3,63,2019,1.0,6.123233995736766e-17,0.8840675099433636,0.46735921715800227,11.666944444444445,0,25.200000000000003,54.3,79.1,52.57142857142857
2019-03-05,67.9,46.3,55.8,45.2,70.2,0,0.0,18.3,16.1,238.9,1011.9,25.0,3.9,225.8,8,0.0,3,64,2019,1.0,6.123233995736766e-17,0.8919813464595485,0.45207220393230435,11.694166666666666,0,21.60000000000001,56.2,73.0,52.528571428571425
2019-03-06,67.9,44.5,55.4,42.9,67.0,0,0.0,18.1,13.9,195.1,1013.1,25.0,4.6,247.6,9,0.0,3,65,2019,1.0,6.123233995736766e-17,0.8996308696522433,0.43665123195606403,11.721666666666666,0,23.400000000000006,55.8,70.2,52.98571428571429
2019-03-07,69.7,44.5,56.1,45.3,70.2,0,0.0,18.1,15.0,222.0,1014.2,25.2,3.8,249.3,9,0.0,3,66,2019,1.0,6.123233995736766e-17,0.9070138128026359,0.4211008707960896,11.748888888888889,0,25.200000000000003,55.4,67.0,54.271428571428565
2019-03-08,66.3,46.3,56.1,45.3,69.5,0,0.0,21.0,13.9,227.3,1015.6,27.9,3.8,230.2,8,0.0,3,67,2019,1.0,6.123233995736766e-17,0.9141279881853337,0.40542572835999735,11.776388888888889,0,20.0,56.1,70.2,55.128571428571426
2019-03-09,71.5,46.3,57.3,45.6,68.2,0,0.0,21.5,9.2,211.6,1015.8,25.0,4.1,238.9,9,0.0,3,68,2019,1.0,6.123233995736766e-17,0.9209712877166346,0.38963044953078796,11.803611111111111,0,25.200000000000003,56.1,69.5,55.885714285714286
2019-03-10,73.3,46.3,59.4,43.2,59.6,0,0.0,22.4,11.4,265.4,1017.8,25.0,4.3,245.5,9,0.0,3,69,2019,1.0,6.123233995736766e-17,0.9275416835791966,0.37371971479046906,11.831388888888888,0,27.0,57.3,68.2,56.614285714285714
2019-03-11,73.3,46.3,60.0,44.4,60.0,0,0.0,20.6,11.4,264.5,1019.3,25.0,4.1,267.7,9,0.0,3,70,2019,1.0,6.123233995736766e-17,0.9338372288229252,0.35769823883312546,11.858888888888888,0,27.0,59.4,59.6,57.15714285714286
2019-03-12,75.1,48.1,61.6,39.5,51.9,0,0.0,25.5,17.2,307.8,1019.0,25.0,4.5,270.5,9,0.0,3,71,2019,1.0,6.123233995736766e-17,0.9398560579418954,0.3415707691678556,11.886111111111111,0,26.999999999999993,60.0,60.0,57.98571428571429
2019-03-13,80.5,48.1,63.3,39.0,47.9,0,0.0,22.1,15.0,310.4,1018.0,25.0,4.5,278.9,9,0.1016,3,72,2019,1.0,6.123233995736766e-17,0.9455963874271426,0.3253420847119801,11.91388888888889,1,32.4,61.6,51.9,59.11428571428571
2019-03-14,76.9,55.3,65.1,41.5,46.2,0,0.0,30.4,11.4,303.2,1019.8,25.0,4.5,184.5,9,0.0,3,73,2019,1.0,6.123233995736766e-17,0.9510565162951535,0.30901699437494745,11.94138888888889,0,21.60000000000001,63.3,47.9,60.4
2019-03-15,76.9,49.9,63.7,39.1,45.5,0,0.0,24.6,13.9,302.5,1020.9,25.0,4.9,231.4,8,0.0,3,74,2019,1.0,6.123233995736766e-17,0.9562348265919056,0.29260033563334836,11.969166666666666,0,27.000000000000007,65.1,46.2,61.48571428571428
2019-03-16,76.9,48.1,62.3,42.4,52.1,0,0.0,19.2,11.4,232.6,1018.2,25.0,4.6,257.1,9,0.0,3,75,2019,1.0,6.123233995736766e-17,0.9611297838723007,0.27609697309746883,11.996666666666666,0,28.800000000000004,63.7,45.5,62.199999999999996
2019-03-17,75.1,48.1,61.6,45.9,59.8,0,0.0,24.4,17.2,200.8,1018.7,25.0,3.9,239.3,9,0.0,3,76,2019,1.0,6.123233995736766e-17,0.9657399376548549,0.2595117970697999,12.024444444444445,0,26.999999999999993,62.3,52.1,62.51428571428572
2019-03-18,73.3,49.9,59.7,45.7,65.0,100,4.17,15.4,16.1,206.7,1018.7,27.7,4.0,212.5,8,3.3,3,77,2019,1.0,6.123233995736766e-17,0.970063921851507,0.2428497220959356,12.051944444444445,1,23.4,61.6,59.8,62.471428571428575
2019-03-19,71.5,48.1,57.5,47.4,73.0,100,4.17,18.3,15.0,189.3,1015.5,25.0,3.5,221.7,8,0.5,3,78,2019,1.0,6.123233995736766e-17,0.9741004551724205,0.22611568550828828,12.08,1,23.4,59.7,65.0,61.885714285714286
2019-03-20,73.3,48.1,59.1,48.2,70.7,100,4.17,19.0,16.1,197.8,1016.0,25.0,3.9,248.3,9,11.2,3,79,2019,1.0,6.123233995736766e-17,0.9778483415056568,0.20931464596304847,12.1075,1,25.199999999999996,57.5,73.0,61.285714285714285
2019-03-21,75.1,46.3,61.3,44.1,59.6,100,4.17,27.3,13.9,328.7,1017.8,25.0,4.6,263.3,8,0.5,3,80,2019,1.0,6.123233995736766e-17,0.9813064702716093,0.19245158197082998,12.135277777777778,1,28.799999999999997,59.1,70.7,60.74285714285714
2019-03-22,76.9,49.9,63.6,42.1,51.0,0,0.0,20.1,13.9,286.0,1016.9,25.0,4.6,259.4,9,0.0,3,81,2019,1.0,6.123233995736766e-17,0.9844738167520922,0.1755314904214282,12.162777777777778,0,27.000000000000007,61.3,59.6,60.728571428571435
2019-03-23,76.9,49.9,63.3,43.8,52.9,0,0.0,20.6,13.9,219.3,1015.4,25.4,3.9,286.7,10,0.0,3,82,2019,1.0,6.123233995736766e-17,0.9873494423939864,0.15855938510313478,12.190555555555555,0,27.000000000000007,63.6,51.0,60.871428571428574
2019-03-24,78.7,50.4,63.8,48.5,60.5,0,0.0,17.4,15.0,205.7,1016.0,24.0,3.0,266.6,9,0.0,3,83,2019,1.0,6.123233995736766e-17,0.989932495087353,0.141540295217043,12.218333333333334,0,28.300000000000004,63.3,52.9,61.185714285714276
2019-03-25,75.1,53.5,62.3,52.0,72.2,0,0.0,17.9,28.9,184.8,1017.6,25.2,2.5,208.5,8,0.0,3,84,2019,1.0,6.123233995736766e-17,0.9922222094179323,0.12447926388678915,12.245555555555555,0,21.599999999999994,63.8,60.5,61.55714285714286
2019-03-26,67.9,51.7,57.0,50.7,81.2,100,8.33,31.1,12.8,128.7,1019.2,25.0,4.0,167.2,6,14.0,3,85,2019,1.0,6.123233995736766e-17,0.994217906893952,0.10738134666416309,12.273333333333333,1,16.200000000000003,62.3,72.2,61.48571428571428
2019-03-27,71.5,46.3,59.6,50.0,73.4,100,4.17,20.8,10.3,295.1,1019.6,25.0,4.6,273.2,9,7.9,3,86,2019,1.0,6.123233995736766e-17,0.995918996147179,0.09025161003104117,12.300833333333333,1,25.200000000000003,57.0,81.2,61.55714285714286
2019-03-28,76.9,49.9,63.3,51.9,69.5,0,0.0,18.1,12.8,195.6,1019.0,25.0,4.7,272.7,10,0.0,3,87,2019,1.0,6.123233995736766e-17,0.9973249731081555,0.07309512989807777,12.328333333333333,0,27.000000000000007,59.6,73.4,61.84285714285714
2019-03-29,75.1,58.9,65.9,55.6,71.1,0,0.0,17.7,15.0,212.7,1016.5,25.0,3.3,188.4,7,0.0,3,88,2019,1.0,6.123233995736766e-17,0.9984354211555643,0.055916990100603484,12.355833333333333,0,16.199999999999996,63.3,69.5,62.17142857142857
2019-03-30,71.5,58.9,64.1,58.0,81.2,0,0.0,15.2,11.4,258.9,1016.3,25.0,2.5,149.8,5,0.0,3,89,2019,1.0,6.123233995736766e-17,0.9992500112396835,0.03872228089217446,12.383055555555556,0,12.600000000000001,65.9,71.1,62.285714285714285
2019-03-31,76.9,57.1,65.4,56.1,74.2,100,4.17,34.4,19.7,322.8,1014.0,25.0,3.2,226.0,8,9.7,3,90,2019,1.0,6.123233995736766e-17,0.9997685019798909,0.021516097436222254,12.410555555555556,1,19.800000000000004,64.1,81.2,62.51428571428572
2019-04-01,78.7,49.9,64.9,49.2,61.3,100,4.17,23.0,12.8,243.4,1015.7,25.0,4.7,248.1,9,3.6,4,91,2019,0.8660254037844387,-0.49999999999999983,0.9999907397361901,0.004303538296244289,12.438055555555556,1,28.800000000000004,65.4,74.2,62.88571428571429
2019-04-02,76.9,51.7,65.1,46.5,53.9,0,0.0,21.5,10.3,251.4,1015.6,25.0,5.0,278.4,10,0.0,4,92,2019,0.8660254037844387,-0.49999999999999983,0.9999166586547379,-0.01291029607500882,12.465,0,25.200000000000003,64.9,61.3,64.04285714285714
2019-04-03,76.9,53.5,65.0,53.4,68.2,100,4.17,20.1,13.9,209.4,1016.4,32.8,4.0,239.9,8,0.0,4,93,2019,0.8660254037844387,-0.49999999999999983,0.9995462806873573,-0.030120304846908114,12.4925,0,23.400000000000006,65.1,53.9,64.81428571428572
2019-04-04,73.3,57.6,65.2,58.4,79.4,100,4.17,19.5,15.0,174.7,1017.5,31.0,3.2,209.3,7,0.3,4,94,2019,0.8660254037844387,-0.49999999999999983,0.9988797155850336,-0.04732138832243185,12.519444444444444,1,15.699999999999996,65.0,68.2,65.08571428571427
2019-04-05,73.3,58.9,64.7,59.9,85.3,100,4.17,17.4,10.3,279.1,1017.6,46.7,2.3,179.1,7,3.0,4,95,2019,0.8660254037844387,-0.49999999999999983,0.9979171608653922,-0.06450844944931623,12.546666666666667,1,14.399999999999999,65.2,79.4,64.91428571428571
2019-04-06,64.3,55.3,59.9,57.7,92.8,100,4.17,15.9,6.9,91.5,1017.3,47.1,3.2,157.8,6,0.0,4,96,2019,0.8660254037844387,-0.49999999999999983,0.9966589017541702,-0.08167639533042241,12.573611111111111,0,9.0,64.7,85.3,64.31428571428572
2019-04-07,69.7,57.3,62.3,56.0,80.9,100,4.17,19.2,10.3,94.5,1017.0,46.7,4.6,187.4,7,4.3,4,97,2019,0.8660254037844387,-0.49999999999999983,0.9951053111006976,-0.09882013873287143,12.600833333333334,1,12.400000000000006,59.9,92.8,63.871428571428574
2019-04-08,75.1,52.2,64.6,55.6,75.0,0,0.0,18.8,9.2,232.9,1014.5,29.5,4.2,244.4,8,5.9944,4,98,2019,0.8660254037844387,-0.49999999999999983,0.9932568492674143,-0.11593459959550041,12.6275,1,22.89999999999999,62.3,80.9,63.82857142857143
2019-04-09,71.5,57.1,63.6,56.3,79.1,100,8.33,19.9,13.9,130.2,1014.5,35.6,3.9,207.1,8,6.6,4,99,2019,0.8660254037844387,-0.49999999999999983,0.9911140639934547,-0.1330147065341959,12.654166666666667,1,14.399999999999999,64.6,75.0,63.614285714285714
2019-04-10,76.9,56.7,66.9,57.8,73.9,0,0.0,15.9,8.1,222.1,1016.7,42.1,4.1,252.5,9,0.0,4,100,2019,0.8660254037844387,-0.49999999999999983,0.9886775902323405,-0.1500553983446526,12.681111111111111,0,20.200000000000003,63.6,79.1,63.885714285714286
2019-04-11,76.9,58.9,68.1,59.1,74.4,0,0.0,15.9,12.8,214.6,1016.2,28.6,4.1,231.2,8,0.0,4,101,2019,0.8660254037844387,-0.49999999999999983,0.9859481499638304,-0.16705162550211924,12.7075,0,18.000000000000007,66.9,73.9,64.3
2019-04-12,78.7,60.7,69.5,60.7,75.3,0,0.0,12.3,9.2,230.4,1016.3,35.6,3.7,221.6,8,0.0,4,102,2019,0.8660254037844387,-0.49999999999999983,0.9829265519799822,-0.18399835165768005,12.733888888888888,0,18.0,68.1,74.4,64.98571428571428
2019-04-13,80.5,62.5,70.3,61.3,75.4,100,4.17,15.7,11.4,291.9,1016.3,39.2,3.7,238.5,8,0.2032,4,103,2019,0.8660254037844387,-0.49999999999999983,0.9796136916454901,-0.20089055513063506,12.760277777777778,1,18.0,69.5,75.3,66.47142857142856
2019-04-14,80.5,60.9,68.3,62.6,83.4,100,8.33,16.8,10.3,118.4,1016.2,44.0,3.6,246.4,8,3.0,4,104,2019,0.8660254037844387,-0.49999999999999983,0.9760105506323683,-0.21772323039653177,12.786666666666667,1,19.6,70.3,75.4,67.32857142857142
2019-04-15,78.7,60.7,68.3,62.3,83.1,0,0.0,17.2,15.0,204.6,1015.5,46.7,3.6,243.7,8,0.0,4,105,2019,0.8660254037844387,-0.49999999999999983,0.9721181966290613,-0.23449138957040985,12.812777777777777,0,18.0,68.3,83.4,67.85714285714286
2019-04-16,82.3,57.6,69.7,61.5,77.8,100,4.17,31.1,16.1,293.3,1016.8,37.3,3.5,249.3,8,0.1016,4,106,2019,0.8660254037844387,-0.49999999999999983,0.9679377830240642,-0.25119006388481935,12.838611111111112,1,24.699999999999996,68.3,83.1,68.72857142857143
2019-04-17,76.9,58.9,66.5,57.4,74.7,100,8.33,25.1,10.3,301.1,1018.8,40.2,4.9,167.0,8,6.6,4,107,2019,0.8660254037844387,-0.49999999999999983,0.9634705485641488,-0.2678143051621742,12.864722222222222,1,18.000000000000007,69.7,77.8,68.67142857142856
2019-04-18,78.7,55.5,67.2,52.7,63.4,0,0.0,19.2,11.4,274.4,1017.3,26.7,5.0,267.3,9,0.0,4,108,2019,0.8660254037844387,-0.49999999999999983,0.9587178169872964,-0.2843591872810034,12.890555555555556,0,23.200000000000003,66.5,74.7,68.54285714285714
2019-04-19,78.7,53.5,63.5,52.7,71.9,0,0.0,17.9,16.1,126.2,1015.9,26.7,4.3,257.4,9,25.9,4,109,2019,0.8660254037844387,-0.49999999999999983,0.9536809966304457,-0.30081980763566735,12.915833333333333,1,25.200000000000003,67.2,63.4,67.68571428571428
2019-04-20,76.9,51.7,64.1,52.2,68.5,100,4.17,14.8,15.0,184.9,1014.8,30.0,4.4,261.3,8,0.0,4,110,2019,0.8660254037844387,-0.49999999999999983,0.9483615800121715,-0.3171912885891061,12.94138888888889,0,25.200000000000003,63.5,71.9,66.8
2019-04-21,76.9,57.1,64.5,55.7,74.8,0,0.0,17.7,11.4,74.4,1013.9,29.3,3.6,230.3,7,0.0,4,111,2019,0.8660254037844387,-0.49999999999999983,0.9427611433904207,-0.3334687789181868,12.966666666666667,0,19.800000000000004,64.1,68.5,66.25714285714285
2019-04-22,75.1,57.3,64.4,57.3,79.6,100,8.33,16.6,15.0,165.5,1015.0,34.2,3.3,239.8,9,6.1,4,112,2019,0.8660254037844387,-0.49999999999999983,0.9368813462954315,-0.3496474552512284,12.991666666666667,1,17.799999999999997,64.5,74.8,65.7
2019-04-23,76.9,55.5,66.5,58.4,77.1,100,4.17,15.9,10.3,150.8,1016.8,30.6,3.4,218.1,8,0.0,4,113,2019,0.8660254037844387,-0.49999999999999983,0.9307239310379795,-0.36572252349726897,13.016944444444444,0,21.400000000000006,64.4,79.6,65.24285714285715
2019-04-24,80.5,59.1,70.4,60.3,72.8,100,4.17,14.3,9.2,185.3,1018.3,31.7,3.3,265.5,9,3.3,4,114,2019,0.8660254037844387,-0.49999999999999983,0.9242907221930934,-0.3816892202666588,13.041666666666666,1,21.4,66.5,77.1,65.8
2019-04-25,80.5,62.5,69.4,61.8,78.6,100,4.17,21.9,11.4,146.7,1017.5,28.3,3.5,247.9,9,1.3,4,115,2019,0.8660254037844387,-0.49999999999999983,0.9175836260593937,-0.39754281428255595,13.06638888888889,1,18.0,70.4,72.8,66.11428571428571
2019-04-26,80.5,59.1,67.7,63.0,86.2,100,4.17,17.4,9.2,305.7,1015.0,31.9,3.0,240.1,7,8.6,4,116,2019,0.8660254037844387,-0.49999999999999983,0.9106046300942163,-0.4132786077829042,13.090833333333334,1,21.4,69.4,78.6,66.71428571428571
2019-04-27,82.5,64.3,72.8,63.5,74.8,100,4.17,17.7,11.4,282.9,1013.5,41.7,3.0,262.2,8,0.3,4,117,2019,0.8660254037844387,-0.49999999999999983,0.9033558023246845,-0.4288919379124835,13.114722222222222,1,18.200000000000003,67.7,86.2,67.95714285714286
2019-04-28,84.1,63.9,74.3,64.1,72.2,0,0.0,20.1,11.4,297.8,1012.5,39.2,3.6,293.0,10,0.0,4,118,2019,0.8660254037844387,-0.49999999999999983,0.895839290734909,-0.4443781781046132,13.13888888888889,0,20.199999999999996,72.8,74.8,69.35714285714286
2019-04-29,84.1,67.9,75.1,64.3,70.5,0,0.0,20.6,16.1,254.6,1012.9,26.9,3.3,272.3,9,0.0,4,119,2019,0.8660254037844387,-0.49999999999999983,0.8880573226294932,-0.45973273945210397,13.162777777777778,0,16.19999999999999,74.3,72.2,70.88571428571429
2019-04-30,85.9,64.5,74.8,62.2,67.2,0,0.0,22.1,12.8,300.7,1012.8,25.8,3.3,277.6,9,0.0,4,120,2019,0.8660254037844387,-0.49999999999999983,0.8800122039735357,-0.47495107206704995,13.186388888888889,0,21.400000000000006,75.1,70.5,72.07142857142857
2019-05-01,89.5,64.3,74.9,57.7,59.4,0,0.0,26.2,18.3,317.8,1013.0,27.5,4.0,304.9,10,0.0,5,121,2019,0.49999999999999994,-0.8660254037844387,0.8717063187093218,-0.49002866642905923,13.209722222222222,0,25.200000000000003,74.8,67.2,72.71428571428571
2019-05-02,89.5,60.9,74.9,55.8,56.4,100,4.17,20.8,15.0,259.5,1014.1,28.1,4.9,304.7,10,0.0,5,122,2019,0.49999999999999994,-0.8660254037844387,0.8631421280499114,-0.5049610547215204,13.233055555555556,0,28.6,74.9,59.4,73.5
2019-05-03,76.9,64.3,67.9,61.8,81.2,100,4.17,32.2,20.8,83.7,1015.0,38.1,3.6,210.5,8,6.1,5,123,2019,0.49999999999999994,-0.8660254037844387,0.854322169749827,-0.5197438121555155,13.255833333333333,1,12.600000000000009,74.9,56.4,73.52857142857142
2019-05-04,78.7,59.1,69.5,59.4,71.9,100,4.17,19.9,13.9,288.1,1013.2,38.3,4.6,264.7,9,0.0,5,124,2019,0.49999999999999994,-0.8660254037844387,0.8452490573530633,-0.5343725582809787,13.278333333333334,0,19.6,67.9,81.2,73.05714285714286
2019-05-05,82.3,62.5,72.7,56.3,61.0,0,0.0,24.6,13.9,289.5,1013.9,31.7,4.6,288.6,10,0.0,5,125,2019,0.49999999999999994,-0.8660254037844387,0.835925479418637,-0.548842958284719,13.300555555555556,0,19.799999999999997,69.5,71.9,72.82857142857144
2019-05-06,84.1,59.1,71.4,53.1,56.3,0,0.0,20.8,12.8,284.5,1011.8,25.5,4.3,300.9,10,0.0,5,126,2019,0.49999999999999994,-0.8660254037844387,0.8263541987239096,-0.5631507242749186,13.322777777777778,0,24.999999999999993,72.7,61.0,72.3
2019-05-07,85.9,60.7,72.9,55.5,58.2,0,0.0,18.8,12.8,209.2,1011.3,26.7,3.7,310.0,10,0.0,5,127,2019,0.49999999999999994,-0.8660254037844387,0.8165380514459161,-0.5772916165517272,13.344722222222222,0,25.200000000000003,71.4,56.3,72.02857142857144
2019-05-08,85.9,62.5,73.9,57.0,59.7,0,0.0,24.8,13.9,304.8,1010.4,25.5,3.5,321.1,10,0.0,5,128,2019,0.49999999999999994,-0.8660254037844387,0.8064799463209448,-0.5912614448635781,13.366111111111111,0,23.400000000000006,72.9,58.2,71.88571428571429
2019-05-09,85.9,62.7,74.7,59.0,61.9,0,0.0,23.9,12.8,298.9,1009.6,26.7,2.9,319.5,10,0.0,5,129,2019,0.49999999999999994,-0.8660254037844387,0.7961828637826158,-0.6050560696488488,13.3875,0,23.200000000000003,73.9,59.7,71.85714285714286
2019-05-10,87.7,60.3,75.6,58.3,58.3,0,0.0,22.6,11.4,293.3,1011.3,27.6,3.1,305.1,9,0.0,5,130,2019,0.49999999999999994,-0.8660254037844387,0.7856498550787145,-0.6186714032625031,13.408611111111112,0,27.400000000000006,74.7,61.9,72.95714285714286
2019-05-11,92.6,63.2,76.9,57.1,54.9,0,0.0,31.1,15.0,317.0,1013.5,32.2,3.5,286.6,10,0.0,5,131,2019,0.49999999999999994,-0.8660254037844387,0.7748840413670407,-0.6321034111873487,13.429166666666667,0,29.39999999999999,75.6,58.3,74.01428571428572
2019-05-12,87.7,60.7,70.3,53.3,58.5,100,4.17,18.1,15.0,154.7,1014.4,29.0,4.2,282.5,10,0.3,5,132,2019,0.49999999999999994,-0.8660254037844387,0.7638886127905428,-0.6453481132295501,13.449444444444444,1,27.0,76.9,54.9,73.67142857142858
2019-05-13,76.9,57.3,66.6,56.5,72.6,100,4.17,19.5,8.1,70.2,1014.0,27.1,3.9,269.4,10,0.0,5,133,2019,0.49999999999999994,-0.8660254037844387,0.7526668275320084,-0.6584015846980488,13.469166666666666,0,19.60000000000001,70.3,58.5,72.9857142857143
2019-05-14,82.3,59.8,70.0,57.2,66.1,100,4.17,26.4,16.1,273.2,1013.5,32.8,3.9,271.6,9,0.0,5,134,2019,0.49999999999999994,-0.8660254037844387,0.741222010848596,-0.6712599575675313,13.488888888888889,0,22.5,66.6,72.6,72.57142857142857
2019-05-15,80.5,59.1,69.0,58.2,69.9,100,4.17,19.9,13.9,207.5,1014.6,28.3,4.1,242.5,9,1.0,5,135,2019,0.49999999999999994,-0.8660254037844387,0.7295575540864875,-0.6839194216246106,13.508333333333333,1,21.4,70.0,66.1,71.87142857142858
2019-05-16,80.5,60.9,70.3,61.8,76.1,100,4.17,19.9,11.4,285.9,1015.1,40.8,3.7,248.1,9,5.8,5,136,2019,0.49999999999999994,-0.8660254037844387,0.717676913675962,-0.6963762255968722,13.527222222222223,1,19.6,69.0,69.9,71.24285714285715
2019-05-17,84.1,60.9,72.2,57.9,64.4,100,4.17,26.4,13.9,320.4,1013.9,26.7,4.6,294.7,9,0.8,5,137,2019,0.49999999999999994,-0.8660254037844387,0.705583610107178,-0.7086266782644596,13.545555555555556,1,23.199999999999996,70.3,76.1,70.75714285714285
2019-05-18,84.1,62.7,73.6,55.3,57.8,0,0.0,35.8,18.3,307.9,1013.3,26.7,4.6,297.0,10,0.0,5,138,2019,0.49999999999999994,-0.8660254037844387,0.6932812268869777,-0.7206671495538609,13.563888888888888,0,21.39999999999999,72.2,64.4,70.28571428571429
2019-05-19,82.3,59.1,72.9,57.5,60.7,100,4.17,16.6,12.8,194.8,1014.6,26.7,4.5,275.7,9,1.0,5,139,2019,0.49999999999999994,-0.8660254037844387,0.6807734094770161,-0.7324940716135789,13.581666666666667,1,23.199999999999996,73.6,57.8,70.65714285714286
2019-05-20,84.1,62.7,74.7,60.2,63.1,100,4.17,19.5,11.4,283.0,1015.9,29.8,4.0,268.3,9,0.0,5,140,2019,0.49999999999999994,-0.8660254037844387,0.6680638642135335,-0.7441039398713607,13.598888888888888,0,21.39999999999999,72.9,60.7,71.81428571428572
2019-05-21,84.1,66.3,75.7,62.4,64.9,0,0.0,19.7,12.8,220.5,1015.1,39.1,3.7,262.3,8,0.0,5,141,2019,0.49999999999999994,-0.8660254037844387,0.6551563572090853,-0.7554933140726803,13.616111111111111,0,17.799999999999997,74.7,63.1,72.62857142857142
2019-05-22,85.9,64.5,73.6,63.0,71.8,0,0.0,28.9,17.2,212.0,1014.2,31.9,3.7,271.1,10,0.0,5,142,2019,0.49999999999999994,-0.8660254037844387,0.6420547132365637,-0.766658819300159,13.632777777777777,0,21.400000000000006,75.7,64.9,73.28571428571429
2019-05-23,82.3,58.9,73.1,62.6,71.9,100,4.17,21.0,10.3,287.2,1013.3,29.2,4.0,240.1,8,3.6,5,143,2019,0.49999999999999994,-0.8660254037844387,0.6287628145958344,-0.777597146973627,13.64861111111111,1,23.4,73.6,71.8,73.68571428571428
2019-05-24,84.1,66.1,73.4,65.0,76.3,0,0.0,33.3,15.0,296.9,1012.6,30.8,3.4,268.3,8,0.0,5,144,2019,0.49999999999999994,-0.8660254037844387,0.6152845999633276,-0.7883050558305255,13.664444444444445,0,18.0,73.1,71.9,73.85714285714286
2019-05-25,85.9,64.5,74.1,60.6,66.7,100,4.17,26.4,16.1,311.2,1010.4,28.9,4.7,253.4,8,2.0,5,145,2019,0.49999999999999994,-0.8660254037844387,0.6016240632249226,-0.7987793728863649,13.679722222222223,1,21.400000000000006,73.4,76.3,73.92857142857143
2019-05-26,84.1,60.9,72.8,59.8,66.0,100,4.17,20.1,12.8,306.4,1010.8,28.4,4.8,267.8,8,1.0,5,146,2019,0.49999999999999994,-0.8660254037844387,0.5877852522924732,-0.8090169943749473,13.694444444444445,1,23.199999999999996,74.1,66.7,73.91428571428571
2019-05-27,84.1,66.1,75.3,61.1,63.4,0,0.0,19.0,13.9,243.8,1011.7,29.2,4.1,285.1,9,0.0,5,147,2019,0.49999999999999994,-0.8660254037844387,0.5737722679043246,-0.8190148866680801,13.70888888888889,0,18.0,72.8,66.0,74.0
2019-05-28,84.1,64.5,75.0,61.0,63.2,0,0.0,21.7,13.9,234.4,1011.9,26.7,4.1,284.4,9,0.0,5,148,2019,0.49999999999999994,-0.8660254037844387,0.5595892624101765,-0.8287700871745037,13.722777777777777,0,19.599999999999994,75.3,63.4,73.89999999999999
2019-05-29,84.1,62.5,71.3,63.2,78.3,100,4.17,18.3,17.2,185.2,1011.8,29.2,3.6,258.1,8,13.0,5,149,2019,0.49999999999999994,-0.8660254037844387,0.545240438540651,-0.8382797052177743,13.73611111111111,1,21.599999999999994,75.0,63.2,73.57142857142857
2019-05-30,82.3,62.5,68.5,63.4,85.5,100,8.33,20.8,11.4,151.1,1011.8,46.7,3.4,248.9,9,10.9,5,150,2019,0.49999999999999994,-0.8660254037844387,0.5307300481619334,-0.8475409228928311,13.748888888888889,1,19.799999999999997,71.3,78.3,72.91428571428571
2019-05-31,80.5,62.5,70.4,63.2,79.9,0,0.0,15.9,6.9,166.1,1012.0,38.3,3.7,236.2,8,65.8114,5,151,2019,0.49999999999999994,-0.8660254037844387,0.5160623910158528,-0.8565509959010036,13.761111111111111,1,18.0,68.5,85.5,72.48571428571428
2019-06-01,82.3,62.5,71.6,64.8,80.9,0,0.0,17.7,13.9,189.3,1012.8,37.9,3.7,249.0,8,8.4,6,152,2019,1.2246467991473532e-16,-1.0,0.5012418134457758,-0.865307254363206,13.773055555555555,1,19.799999999999997,70.4,79.9,72.12857142857142
2019-06-02,82.3,62.7,70.6,63.5,80.2,100,8.33,17.4,16.1,97.2,1013.3,46.7,4.3,244.0,8,15.5,6,153,2019,1.2246467991473532e-16,-1.0,0.48627270710869,-0.8738071036110808,13.784722222222221,1,19.599999999999994,71.6,80.9,71.81428571428572
2019-06-03,82.3,66.1,71.2,63.1,77.6,0,0.0,19.0,9.2,272.6,1013.4,41.7,4.6,239.1,8,0.0,6,154,2019,1.2246467991473532e-16,-1.0,0.4711595076738638,-0.8820480249558537,13.795555555555556,0,16.200000000000003,70.6,80.2,71.22857142857143
2019-06-04,82.3,64.5,73.1,63.6,73.8,0,0.0,14.3,8.1,235.6,1012.3,29.9,4.3,254.1,9,0.9906,6,155,2019,1.2246467991473532e-16,-1.0,0.4559066935084588,-0.8900275764346767,13.805833333333334,1,17.799999999999997,71.2,77.6,70.95714285714286
2019-06-05,80.5,68.1,73.1,67.4,82.8,100,4.17,14.3,10.3,195.2,1011.6,37.5,4.2,170.2,6,0.3,6,156,2019,1.2246467991473532e-16,-1.0,0.440518784350495,-0.8977433935342337,13.815555555555555,1,12.400000000000006,73.1,73.8,71.21428571428571
2019-06-06,78.7,69.9,73.2,68.9,86.8,0,0.0,17.4,8.1,192.0,1013.5,38.8,4.2,118.0,5,4.6,6,157,2019,1.2246467991473532e-16,-1.0,0.42500033996955416,-0.9051931898913974,13.824722222222222,1,8.799999999999997,73.1,82.8,71.88571428571429
2019-06-07,84.1,64.3,74.8,65.6,75.8,100,4.17,17.9,9.2,257.9,1014.4,42.1,5.0,211.0,8,17.0,6,158,2019,1.2246467991473532e-16,-1.0,0.4093559588156213,-0.9123747579707273,13.833333333333334,1,19.799999999999997,73.2,86.8,72.51428571428572
2019-06-08,84.1,66.3,76.0,65.3,71.3,0,0.0,17.7,10.3,259.0,1012.8,26.7,4.8,225.1,9,0.0,6,159,2019,1.2246467991473532e-16,-1.0,0.39359027665646673,-0.9192859697186104,13.841388888888888,0,17.799999999999997,74.8,75.8,73.14285714285714
2019-06-09,85.9,68.1,76.0,66.4,73.4,0,0.0,18.3,16.1,241.9,1010.8,34.2,4.3,241.0,9,0.0,6,160,2019,1.2246467991473532e-16,-1.0,0.3777079652039649,-0.9259247771938498,13.848888888888888,0,17.80000000000001,76.0,71.3,73.91428571428571
2019-06-10,84.1,67.9,74.2,66.3,77.6,100,4.17,17.4,19.7,198.8,1009.4,41.7,4.0,260.1,9,4.3,6,161,2019,1.2246467991473532e-16,-1.0,0.36171373072976765,-0.9322892131745133,13.856111111111112,1,16.19999999999999,76.0,73.4,74.34285714285714
2019-06-11,84.1,68.1,75.3,66.5,75.3,0,0.0,16.1,13.9,190.6,1009.2,37.5,4.0,269.4,9,2.0066,6,162,2019,1.2246467991473532e-16,-1.0,0.3456123126707335,-0.9383773917408641,13.8625,1,16.0,74.2,77.6,74.65714285714286
2019-06-12,84.1,69.9,76.7,66.9,72.8,0,0.0,18.8,12.8,121.2,1010.3,41.4,4.4,251.4,9,0.0,6,163,2019,1.2246467991473532e-16,-1.0,0.3294084822245304,-0.9441875088341993,13.868333333333334,0,14.199999999999989,75.3,75.3,75.17142857142856
2019-06-13,87.7,68.1,77.0,67.4,73.9,0,0.0,16.6,10.3,110.5,1009.9,26.7,4.1,254.6,8,0.0,6,164,2019,1.2246467991473532e-16,-1.0,0.3131070409358269,-0.9497178427914316,13.873611111111112,0,19.60000000000001,76.7,72.8,75.71428571428571
2019-06-14,87.7,68.1,78.7,68.4,72.7,100,8.33,18.1,11.4,270.8,1007.8,38.3,4.0,234.6,8,0.0,6,165,2019,1.2246467991473532e-16,-1.0,0.29671281927349075,-0.9549667548552551,13.87861111111111,0,19.60000000000001,77.0,73.9,76.27142857142859
2019-06-15,87.7,68.1,78.4,67.3,71.6,100,4.17,22.8,12.8,302.7,1007.8,42.5,4.6,263.6,9,9.7,6,166,2019,1.2246467991473532e-16,-1.0,0.28023067519921585,-0.9599326896597447,13.8825,1,19.60000000000001,78.7,72.7,76.61428571428573
2019-06-16,87.7,68.1,79.4,66.0,65.8,0,0.0,20.4,10.3,269.7,1007.0,29.1,4.1,282.7,9,0.0,6,167,2019,1.2246467991473532e-16,-1.0,0.26366549272800704,-0.9646141756912435,13.885833333333334,0,19.60000000000001,78.4,71.6,77.10000000000001
2019-06-17,85.9,67.9,75.9,66.8,75.1,0,0.0,18.3,13.9,275.6,1007.6,33.3,3.9,207.6,7,5.0038,6,168,2019,1.2246467991473532e-16,-1.0,0.24702218048093552,-0.9690098257244062,13.88888888888889,1,18.0,79.4,65.8,77.34285714285714
2019-06-18,85.9,66.1,74.9,65.4,76.1,100,4.17,20.4,15.0,305.8,1009.3,45.0,4.3,263.3,8,14.5,6,169,2019,1.2246467991473532e-16,-1.0,0.23030567023061221,-0.9731183372332619,13.891388888888889,1,19.80000000000001,75.9,75.1,77.28571428571429
2019-06-19,82.3,67.9,75.5,66.9,76.3,100,4.17,20.1,13.9,294.3,1010.0,35.8,4.5,253.5,8,1.3,6,170,2019,1.2246467991473532e-16,-1.0,0.21352091543979612,-0.9769384927771817,13.893055555555556,1,14.399999999999991,74.9,76.1,77.11428571428571
2019-06-20,84.1,69.5,76.0,66.8,74.6,100,4.17,15.4,10.3,225.2,1010.8,44.1,4.9,220.9,7,0.0,6,171,2019,1.2246467991473532e-16,-1.0,0.19667288979357647,-0.980469160361632,13.894166666666667,0,14.599999999999994,75.5,76.3,76.97142857142856
2019-06-21,84.1,68.1,76.3,68.1,77.4,0,0.0,15.2,12.8,215.9,1011.6,35.0,4.8,247.6,8,0.0,6,172,2019,1.2246467991473532e-16,-1.0,0.1797665857255624,-0.9837092937736097,13.894722222222223,0,16.0,76.0,74.6,76.62857142857142
2019-06-22,78.7,67.9,71.1,69.2,93.9,100,8.33,16.8,8.1,20.7,1012.8,46.7,3.9,153.1,6,20.3,6,173,2019,1.2246467991473532e-16,-1.0,0.16280701293851715,-0.986657932891657,13.894722222222223,1,10.799999999999997,76.3,77.4,75.58571428571429
2019-06-23,84.1,68.1,75.5,70.9,86.7,100,8.33,23.7,8.1,203.0,1012.9,46.7,4.5,167.9,6,13.5,6,174,2019,1.2246467991473532e-16,-1.0,0.1457991969198751,-0.9893142039703663,13.893888888888888,1,16.0,71.1,93.9,75.02857142857144
2019-06-24,85.9,71.5,78.0,71.3,80.7,100,4.17,14.5,11.4,228.0,1013.3,43.3,4.8,210.0,7,0.8,6,175,2019,1.2246467991473532e-16,-1.0,0.12874817745258132,-0.99167731989929,13.892777777777777,1,14.400000000000006,75.5,86.7,75.32857142857144
2019-06-25,85.9,71.5,79.0,70.6,76.6,0,0.0,19.9,10.3,280.6,1012.3,32.5,4.6,226.8,8,0.0,6,176,2019,1.2246467991473532e-16,-1.0,0.11165900712169512,-0.993746580436178,13.890833333333333,0,14.400000000000006,78.0,80.7,75.91428571428571
2019-06-26,84.1,71.7,76.7,70.5,81.8,0,0.0,17.4,12.8,139.7,1009.5,32.5,4.2,169.5,7,0.0,6,177,2019,1.2246467991473532e-16,-1.0,0.09453674981719912,-0.9955213724144752,13.888333333333334,0,12.399999999999991,79.0,76.6,76.08571428571429
2019-06-27,84.3,69.7,76.0,69.5,81.4,100,4.17,17.0,10.3,262.7,1006.6,42.5,4.2,166.1,6,4.6,6,178,2019,1.2246467991473532e-16,-1.0,0.07738647923346301,-0.9970011699250151,13.885555555555555,1,14.599999999999994,76.7,81.8,76.08571428571429
2019-06-28,84.1,69.7,76.5,69.5,80.2,100,4.17,15.4,10.3,254.6,1006.1,42.1,3.8,92.6,3,5.1,6,179,2019,1.2246467991473532e-16,-1.0,0.06021327736579302,-0.9981855344718586,13.881666666666666,1,14.399999999999991,76.0,81.4,76.11428571428571
2019-06-29,84.1,69.7,76.3,68.5,78.0,100,4.17,16.3,11.4,274.4,1007.2,38.3,4.3,247.3,8,0.0,6,180,2019,1.2246467991473532e-16,-1.0,0.04302223300453059,-0.99907411510223,13.8775,0,14.399999999999991,76.5,80.2,76.85714285714286
2019-06-30,82.3,70.1,76.7,69.6,79.4,0,0.0,15.9,11.4,205.7,1008.0,43.6,4.1,200.1,6,0.0,6,181,2019,1.2246467991473532e-16,-1.0,0.02581844022713308,-0.9996666485105112,13.872777777777777,0,12.200000000000003,76.3,78.0,77.02857142857144
2019-07-01,85.9,69.7,77.2,69.8,79.2,0,0.0,16.3,12.8,177.0,1008.4,28.5,3.8,241.9,8,4.0894,7,182,2019,-0.4999999999999998,-0.8660254037844388,0.008606996888688698,-0.9999629591162655,13.8675,1,16.200000000000003,76.7,79.4,76.91428571428571
2019-07-02,85.9,71.5,77.6,71.0,81.1,100,8.33,17.7,17.2,223.2,1008.5,25.0,4.3,192.6,7,1.5,7,183,2019,-0.4999999999999998,-0.8660254037844388,-0.008606996888688009,-0.9999629591162655,13.86138888888889,1,14.400000000000006,77.2,79.2,76.71428571428571
2019-07-03,84.1,71.7,77.4,71.3,82.2,100,4.17,15.0,12.8,229.3,1008.8,37.3,5.1,171.0,6,0.0,7,184,2019,-0.4999999999999998,-0.8660254037844388,-0.02581844022713239,-0.9996666485105112,13.854722222222222,0,12.399999999999991,77.6,81.1,76.8142857142857
2019-07-04,84.1,73.3,77.8,70.8,79.6,100,8.33,14.3,16.1,211.6,1007.5,25.0,4.5,125.4,5,0.0,7,185,2019,-0.4999999999999998,-0.8660254037844388,-0.04302223300453034,-0.99907411510223,13.847777777777777,0,10.799999999999997,77.4,82.2,77.07142857142857
2019-07-05,84.1,71.5,77.1,70.9,82.1,100,4.17,16.6,13.9,217.7,1005.7,25.0,4.6,175.2,7,0.3,7,186,2019,-0.4999999999999998,-0.8660254037844388,-0.060213277365792774,-0.9981855344718586,13.840277777777779,1,12.599999999999994,77.8,79.6,77.15714285714284
2019-07-06,84.1,69.7,75.4,71.2,88.0,100,8.33,13.0,13.9,253.5,1004.5,25.0,4.7,129.4,4,10.9,7,187,2019,-0.4999999999999998,-0.8660254037844388,-0.07738647923346322,-0.9970011699250151,13.831944444444444,1,14.399999999999991,77.1,82.1,77.02857142857144
2019-07-07,82.3,69.7,73.6,70.8,91.8,100,8.33,11.9,8.1,227.2,1004.3,25.0,4.6,107.5,3,65.8,7,188,2019,-0.4999999999999998,-0.8660254037844388,-0.09453674981719933,-0.9955213724144752,13.823055555555555,1,12.599999999999994,75.4,88.0,76.58571428571427
2019-07-08,80.5,71.5,74.4,71.3,90.6,100,4.17,23.5,11.4,182.2,1005.4,28.1,4.3,69.1,2,2.3,7,189,2019,-0.4999999999999998,-0.8660254037844388,-0.11165900712169444,-0.9937465804361781,13.813888888888888,1,9.0,73.6,91.8,76.18571428571428
2019-07-09,76.9,69.7,73.0,70.3,91.4,100,4.17,23.3,13.9,103.1,1005.6,30.8,4.3,67.3,2,3.3,7,190,2019,-0.4999999999999998,-0.8660254037844388,-0.12874817745258066,-0.99167731989929,13.804166666666667,1,7.200000000000003,74.4,90.6,75.52857142857144
2019-07-10,76.9,69.7,72.2,70.5,94.6,100,8.33,17.7,6.9,145.2,1005.0,25.0,4.1,108.1,4,18.8976,7,191,2019,-0.4999999999999998,-0.8660254037844388,-0.14579919691987442,-0.9893142039703664,13.793611111111112,1,7.200000000000003,73.0,91.4,74.78571428571429
2019-07-11,78.7,69.7,71.8,69.6,93.1,100,8.33,26.8,18.3,101.0,1005.0,25.0,4.2,58.1,2,5.6,7,192,2019,-0.4999999999999998,-0.8660254037844388,-0.16280701293851646,-0.9866579328916572,13.782777777777778,1,9.0,72.2,94.6,73.92857142857143
2019-07-12,67.9,66.1,67.4,67.2,99.2,100,8.33,30.0,18.3,95.9,1006.3,34.4,3.1,27.8,1,115.3,7,193,2019,-0.4999999999999998,-0.8660254037844388,-0.17976658572556214,-0.9837092937736098,13.77138888888889,1,1.8000000000000114,71.8,93.1,72.54285714285714
2019-07-13,75.1,66.1,69.6,67.5,93.4,100,8.33,19.5,12.8,96.8,1007.3,25.0,4.3,40.8,2,39.9,7,194,2019,-0.4999999999999998,-0.8660254037844388,-0.19667288979357622,-0.9804691603616321,13.759444444444444,1,9.0,67.4,99.2,71.71428571428571
2019-07-14,78.7,67.9,70.5,69.0,95.1,100,4.17,33.6,9.2,134.1,1005.9,25.0,4.1,52.1,2,2.5,7,195,2019,-0.4999999999999998,-0.8660254037844388,-0.2135209154397959,-0.9769384927771817,13.747222222222222,1,10.799999999999997,69.6,93.4,71.27142857142857
2019-07-15,82.3,66.1,73.2,68.7,87.0,100,8.33,26.4,8.1,214.8,1006.0,27.7,3.7,134.9,6,27.4,7,196,2019,-0.4999999999999998,-0.8660254037844388,-0.23030567023061196,-0.973118337233262,13.734166666666667,1,16.200000000000003,70.5,95.1,71.10000000000001
2019-07-16,80.5,66.1,72.6,68.1,86.4,100,4.17,17.7,10.3,243.3,1009.5,25.0,4.1,130.8,7,6.1,7,197,2019,-0.4999999999999998,-0.8660254037844388,-0.24702218048093527,-0.9690098257244063,13.721111111111112,1,14.400000000000006,73.2,87.0,71.04285714285714
2019-07-17,82.3,67.9,75.3,69.5,83.2,0,0.0,18.1,10.3,259.9,1009.8,25.0,4.4,192.2,7,0.0,7,198,2019,-0.4999999999999998,-0.8660254037844388,-0.2636654927280072,-0.9646141756912435,13.707222222222223,0,14.399999999999991,72.6,86.4,71.48571428571428
2019-07-18,82.3,67.9,75.0,70.5,86.9,100,8.33,16.6,9.2,197.7,1010.2,25.0,4.3,224.0,8,52.6,7,199,2019,-0.4999999999999998,-0.8660254037844388,-0.2802306751992161,-0.9599326896597445,13.692777777777778,1,14.399999999999991,75.3,83.2,71.94285714285715
2019-07-19,91.5,69.7,75.4,71.6,88.7,100,8.33,16.1,10.3,104.7,1010.7,28.8,4.4,213.9,8,0.0,7,200,2019,-0.4999999999999998,-0.8660254037844388,-0.2967128192734901,-0.9549667548552553,13.678055555555556,0,21.799999999999997,75.0,86.9,73.08571428571429
2019-07-20,84.1,71.5,75.0,70.7,87.2,100,4.17,16.3,9.2,176.8,1012.3,25.0,4.1,200.5,7,0.0,7,201,2019,-0.4999999999999998,-0.8660254037844388,-0.3131070409358267,-0.9497178427914317,13.662777777777778,0,12.599999999999994,75.4,88.7,73.85714285714286
2019-07-21,84.1,69.7,76.0,69.2,80.6,100,4.17,16.3,9.2,228.9,1011.3,29.4,4.5,166.7,7,0.0,7,202,2019,-0.4999999999999998,-0.8660254037844388,-0.3294084822245302,-0.9441875088341994,13.647222222222222,0,14.399999999999991,75.0,87.2,74.64285714285714
2019-07-22,84.1,69.7,75.6,70.1,84.1,100,4.17,16.8,8.1,258.3,1010.3,25.0,4.2,173.2,6,0.5,7,203,2019,-0.4999999999999998,-0.8660254037844388,-0.3456123126707333,-0.9383773917408642,13.631388888888889,1,14.399999999999991,76.0,80.6,74.98571428571428
2019-07-23,80.5,69.7,74.7,70.9,88.4,100,8.33,19.9,10.3,226.1,1008.8,25.0,4.1,102.4,3,17.5,7,204,2019,-0.4999999999999998,-0.8660254037844388,-0.3617137307297674,-0.9322892131745134,13.614722222222222,1,10.799999999999997,75.6,84.1,75.28571428571429
2019-07-24,73.3,69.7,71.6,70.8,97.3,100,8.33,26.4,9.2,134.1,1008.7,25.0,3.9,28.1,1,1.1938,7,205,2019,-0.4999999999999998,-0.8660254037844388,-0.37770796520396466,-0.9259247771938499,13.597777777777777,1,3.5999999999999943,74.7,88.4,74.75714285714285
2019-07-25,80.5,68.3,73.2,69.9,90.1,100,4.17,17.9,10.3,175.5,1009.2,28.1,4.6,133.7,5,0.8,7,206,2019,-0.4999999999999998,-0.8660254037844388,-0.39359027665646645,-0.9192859697186105,13.580555555555556,1,12.200000000000003,71.6,97.3,74.5
2019-07-26,80.5,69.7,73.4,70.2,90.3,100,4.17,18.3,8.1,183.2,1008.5,25.0,4.5,143.7,5,10.4,7,207,2019,-0.4999999999999998,-0.8660254037844388,-0.4093559588156211,-0.9123747579707274,13.562777777777777,1,10.799999999999997,73.2,90.1,74.21428571428571
2019-07-27,80.5,69.7,74.5,70.5,88.1,100,4.17,17.4,11.4,250.3,1008.8,25.0,4.2,143.5,6,3.8,7,208,2019,-0.4999999999999998,-0.8660254037844388,-0.42500033996955394,-0.9051931898913975,13.544722222222223,1,10.799999999999997,73.4,90.3,74.14285714285714
2019-07-28,85.9,69.7,76.3,71.2,85.3,100,4.17,15.4,12.8,208.5,1010.4,27.7,4.7,165.9,8,8.1,7,209,2019,-0.4999999999999998,-0.8660254037844388,-0.4405187843504952,-0.8977433935342336,13.526388888888889,1,16.200000000000003,74.5,88.1,74.1857142857143
2019-07-29,85.9,71.5,77.1,70.7,81.7,100,8.33,19.0,12.8,205.3,1010.7,25.0,4.8,168.2,6,0.0,7,210,2019,-0.4999999999999998,-0.8660254037844388,-0.455906693508459,-0.8900275764346766,13.507777777777777,0,14.400000000000006,76.3,85.3,74.39999999999999
2019-07-30,84.1,71.5,75.3,68.6,80.4,100,8.33,20.6,12.8,168.2,1010.6,27.7,4.6,128.8,5,0.0,7,211,2019,-0.4999999999999998,-0.8660254037844388,-0.47115950767386394,-0.8820480249558535,13.488611111111112,0,12.599999999999994,77.1,81.7,74.48571428571428
2019-07-31,82.3,69.7,75.4,69.0,81.3,100,4.17,16.3,12.8,193.8,1009.3,25.0,4.7,203.6,8,0.0,7,212,2019,-0.4999999999999998,-0.8660254037844388,-0.4862727071086902,-0.8738071036110807,13.469166666666666,0,12.599999999999994,75.3,80.4,75.02857142857144
2019-08-01,82.3,69.7,75.0,69.3,83.1,100,8.33,16.6,12.8,198.5,1009.1,25.0,4.6,146.5,5,0.0,8,213,2019,-0.8660254037844384,-0.5000000000000004,-0.5012418134457756,-0.8653072543632061,13.449444444444444,0,12.599999999999994,75.4,81.3,75.28571428571429
2019-08-02,82.3,71.5,75.6,70.1,83.7,100,8.33,15.9,13.9,197.9,1008.3,25.0,4.6,100.3,4,0.2032,8,214,2019,-0.8660254037844384,-0.5000000000000004,-0.5160623910158526,-0.8565509959010037,13.429444444444444,1,10.799999999999997,75.0,83.1,75.60000000000001
2019-08-03,82.3,69.7,75.5,70.2,84.4,100,4.17,15.9,12.8,206.8,1008.3,25.0,4.4,113.9,6,3.8,8,215,2019,-0.8660254037844384,-0.5000000000000004,-0.5307300481619331,-0.8475409228928312,13.408611111111112,1,12.599999999999994,75.6,83.7,75.74285714285715
2019-08-04,80.5,71.5,75.3,70.8,86.1,100,8.33,13.4,6.9,239.7,1006.9,25.0,4.4,189.2,8,0.0,8,216,2019,-0.8660254037844384,-0.5000000000000004,-0.5452404385406507,-0.8382797052177745,13.388055555555555,0,9.0,75.5,84.4,75.60000000000001
2019-08-05,91.7,69.7,74.2,71.7,92.4,100,4.17,13.0,13.9,135.2,1005.3,34.0,4.2,149.2,7,20.8,8,217,2019,-0.8660254037844384,-0.5000000000000004,-0.5595892624101763,-0.828770087174504,13.366944444444444,1,22.0,75.3,86.1,75.18571428571428
2019-08-06,84.1,69.7,75.9,71.0,85.7,100,4.17,17.0,15.0,230.6,1006.1,25.0,4.6,202.8,9,1.0,8,218,2019,-0.8660254037844384,-0.5000000000000004,-0.5737722679043243,-0.8190148866680802,13.345833333333333,1,14.399999999999991,74.2,92.4,75.27142857142859
2019-08-07,82.3,69.7,75.4,70.8,86.5,100,4.17,17.0,10.3,248.2,1005.5,25.0,5.1,167.5,9,23.9,8,219,2019,-0.8660254037844384,-0.5000000000000004,-0.5877852522924734,-0.8090169943749472,13.324166666666667,1,12.599999999999994,75.9,85.7,75.27142857142857
2019-08-08,85.9,69.7,76.5,70.8,83.8,100,4.17,15.4,15.0,174.3,1005.1,25.0,5.0,137.8,6,2.8,8,220,2019,-0.8660254037844384,-0.5000000000000004,-0.6016240632249227,-0.7987793728863648,13.302222222222222,1,16.200000000000003,75.4,86.5,75.48571428571428
2019-08-09,80.5,69.7,75.3,69.6,83.2,100,4.17,27.1,12.8,198.8,1009.6,25.0,5.1,151.9,5,0.5,8,221,2019,-0.8660254037844384,-0.5000000000000004,-0.6152845999633277,-0.7883050558305253,13.280277777777778,1,10.799999999999997,76.5,83.8,75.44285714285715
2019-08-10,84.1,69.7,76.8,70.2,80.9,100,8.33,13.9,11.4,221.8,1009.1,25.0,4.6,220.8,8,0.0,8,222,2019,-0.8660254037844384,-0.5000000000000004,-0.6287628145958345,-0.7775971469736268,13.257777777777777,0,14.399999999999991,75.3,83.2,75.62857142857142
2019-08-11,85.9,67.9,76.5,71.1,84.8,100,4.17,15.0,6.9,102.7,1009.3,25.0,4.8,136.8,6,20.1,8,223,2019,-0.8660254037844384,-0.5000000000000004,-0.6420547132365636,-0.7666588193001592,13.235277777777778,1,18.0,76.8,80.9,75.8
2019-08-12,89.5,71.5,77.1,71.3,84.3,100,4.17,15.2,13.9,177.6,1008.8,25.0,4.7,235.8,8,0.5,8,224,2019,-0.8660254037844384,-0.5000000000000004,-0.655156357209085,-0.7554933140726804,13.212777777777777,1,18.0,76.5,84.8,76.21428571428571
2019-08-13,82.3,67.9,74.5,70.5,88.0,100,4.17,15.2,11.4,240.2,1010.4,25.0,4.6,177.6,7,16.3,8,225,2019,-0.8660254037844384,-0.5000000000000004,-0.6680638642135333,-0.7441039398713608,13.189444444444444,1,14.399999999999991,77.1,84.3,76.01428571428572
2019-08-14,84.1,71.5,76.5,70.9,83.9,100,4.17,23.0,13.9,182.6,1011.3,25.0,5.0,181.8,7,0.8,8,226,2019,-0.8660254037844384,-0.5000000000000004,-0.6807734094770159,-0.7324940716135792,13.16611111111111,1,12.599999999999994,74.5,88.0,76.17142857142858
2019-08-15,84.1,69.7,74.6,70.2,86.6,100,8.33,20.4,12.8,201.1,1012.6,25.0,4.8,118.9,5,0.4064,8,227,2019,-0.8660254037844384,-0.5000000000000004,-0.6932812268869771,-0.7206671495538615,13.142777777777777,1,14.399999999999991,76.5,83.9,75.89999999999999
2019-08-16,82.3,71.5,74.1,70.8,89.8,100,8.33,13.9,10.3,272.5,1011.3,27.7,4.2,144.7,6,27.4,8,228,2019,-0.8660254037844384,-0.5000000000000004,-0.7055836101071774,-0.7086266782644601,13.119166666666667,1,10.799999999999997,74.6,86.6,75.72857142857143
2019-08-17,82.3,69.7,74.1,70.4,89.6,100,8.33,13.0,6.9,187.7,1011.9,25.0,4.6,101.2,5,14.2,8,229,2019,-0.8660254037844384,-0.5000000000000004,-0.7176769136759615,-0.6963762255968726,13.095,1,12.599999999999994,74.1,89.8,75.34285714285714
2019-08-18,82.3,69.7,73.8,71.1,91.7,100,4.17,17.0,11.4,184.9,1013.1,25.0,4.2,147.2,6,7.9,8,230,2019,-0.8660254037844384,-0.5000000000000004,-0.7295575540864876,-0.6839194216246105,13.071111111111112,1,12.599999999999994,74.1,89.6,74.95714285714284
2019-08-19,84.1,69.7,75.7,70.4,84.5,100,4.17,16.1,12.8,212.8,1013.1,27.7,4.5,169.0,6,1.5,8,231,2019,-0.8660254037844384,-0.5000000000000004,-0.7412220108485957,-0.6712599575675315,13.046944444444444,1,14.399999999999991,73.8,91.7,74.75714285714285
2019-08-20,82.3,67.7,74.9,69.7,84.6,100,4.17,18.1,6.9,204.4,1011.8,37.3,4.3,221.0,8,3.3,8,232,2019,-0.8660254037844384,-0.5000000000000004,-0.7526668275320083,-0.6584015846980489,13.0225,1,14.599999999999994,75.7,84.5,74.8142857142857
2019-08-21,85.9,71.5,76.2,70.5,83.4,100,4.17,15.9,12.8,208.9,1011.5,27.7,4.3,201.5,8,1.3,8,233,2019,-0.8660254037844384,-0.5000000000000004,-0.7638886127905429,-0.64534811322955,12.997777777777777,1,14.400000000000006,74.9,84.6,74.77142857142857
2019-08-22,84.1,69.7,76.0,70.2,83.6,100,4.17,14.3,10.3,294.2,1011.7,25.0,4.5,239.9,9,6.1,8,234,2019,-0.8660254037844384,-0.5000000000000004,-0.7748840413670406,-0.6321034111873488,12.972777777777777,1,14.399999999999991,76.2,83.4,74.97142857142856
2019-08-23,85.9,69.7,75.7,70.6,85.1,0,0.0,15.2,11.4,209.1,1011.2,25.0,4.1,211.5,8,0.0,8,235,2019,-0.8660254037844384,-0.5000000000000004,-0.7856498550787144,-0.6186714032625032,12.948055555555555,0,16.200000000000003,76.0,83.6,75.2
2019-08-24,82.3,67.9,73.9,69.7,87.7,100,4.17,16.3,11.4,176.9,1012.9,25.0,4.3,118.9,4,24.6,8,236,2019,-0.8660254037844384,-0.5000000000000004,-0.7961828637826154,-0.6050560696488494,12.922777777777778,1,14.399999999999991,75.7,85.1,75.17142857142858
2019-08-25,82.3,67.9,72.8,69.2,89.3,100,8.33,15.2,9.2,259.2,1012.9,28.1,4.6,184.8,8,8.9,8,237,2019,-0.8660254037844384,-0.5000000000000004,-0.8064799463209447,-0.5912614448635782,12.897777777777778,1,14.399999999999991,73.9,87.7,75.02857142857144
2019-08-26,85.9,69.7,75.3,70.1,85.2,100,4.17,14.5,11.4,153.6,1012.7,25.0,4.8,234.7,9,4.3,8,238,2019,-0.8660254037844384,-0.5000000000000004,-0.8165380514459157,-0.5772916165517278,12.872222222222222,1,16.200000000000003,72.8,89.3,74.97142857142856
2019-08-27,85.9,69.7,76.7,70.4,82.3,100,4.17,13.6,9.2,69.2,1011.9,25.0,4.8,231.8,8,4.3,8,239,2019,-0.8660254037844384,-0.5000000000000004,-0.8263541987239095,-0.5631507242749187,12.846666666666666,1,16.200000000000003,75.3,85.2,75.22857142857143
2019-08-28,85.9,71.5,77.3,70.5,80.6,0,0.0,15.4,12.8,200.0,1013.1,25.0,4.5,245.6,8,0.0,8,240,2019,-0.8660254037844384,-0.5000000000000004,-0.8359254794186365,-0.5488429582847199,12.821388888888889,0,14.400000000000006,76.7,82.3,75.38571428571429
2019-08-29,84.1,71.5,75.9,71.0,85.3,100,8.33,11.9,8.1,304.0,1014.4,25.0,4.3,134.5,5,0.0,8,241,2019,-0.8660254037844384,-0.5000000000000004,-0.8452490573530634,-0.5343725582809785,12.795555555555556,0,12.599999999999994,77.3,80.6,75.37142857142858
2019-08-30,85.9,68.8,77.2,70.3,80.6,100,8.33,15.0,9.2,261.2,1011.0,30.8,4.9,227.3,8,0.0,8,242,2019,-0.8660254037844384,-0.5000000000000004,-0.8543221697498269,-0.5197438121555157,12.769722222222223,0,17.10000000000001,75.9,85.3,75.58571428571429
2019-08-31,82.3,69.7,74.3,70.7,89.3,100,4.17,13.6,6.9,209.0,1009.6,28.1,4.2,168.4,6,36.8,8,243,2019,-0.8660254037844384,-0.5000000000000004,-0.8631421280499115,-0.5049610547215202,12.743611111111111,1,12.599999999999994,77.2,80.6,75.64285714285714
2019-09-01,80.5,69.7,74.1,70.3,88.6,100,4.17,12.1,9.2,61.6,1012.1,25.0,4.5,120.1,4,18.0,9,244,2019,-1.0,-1.8369701987210297e-16,-0.8717063187093218,-0.4900286664290594,12.717777777777778,1,10.799999999999997,74.3,89.3,75.82857142857142
2019-09-02,85.9,69.7,75.6,69.3,82.4,100,4.17,14.5,6.9,273.2,1011.0,25.0,4.9,248.6,9,12.2,9,245,2019,-1.0,-1.8369701987210297e-16,-0.8800122039735356,-0.4749510720670502,12.69138888888889,1,16.200000000000003,74.1,88.6,75.87142857142858
2019-09-03,84.1,69.7,74.5,70.8,89.2,0,0.0,16.8,10.3,131.3,1011.0,27.7,4.2,185.4,7,0.0,9,246,2019,-1.0,-1.8369701987210297e-16,-0.888057322629493,-0.4597327394521046,12.665277777777778,0,14.399999999999991,75.6,82.4,75.55714285714285
2019-09-04,80.5,67.9,74.0,69.9,87.9,100,8.33,15.0,8.1,234.1,1010.6,25.0,4.9,130.9,4,23.4,9,247,2019,-1.0,-1.8369701987210297e-16,-0.8958392907349089,-0.44437817810461344,12.63888888888889,1,12.599999999999994,74.5,89.2,75.08571428571429
2019-09-05,82.3,67.9,74.1,70.2,88.4,100,4.17,13.9,8.1,246.5,1010.4,25.0,4.6,132.2,6,43.9,9,248,2019,-1.0,-1.8369701987210297e-16,-0.9033558023246842,-0.4288919379124841,12.612222222222222,1,14.399999999999991,74.0,87.9,74.82857142857142
2019-09-06,82.3,69.7,73.9,70.1,88.6,100,4.17,14.1,11.4,264.3,1009.5,30.8,4.2,105.7,5,21.8,9,249,2019,-1.0,-1.8369701987210297e-16,-0.9106046300942162,-0.41327860778290443,12.58611111111111,1,12.599999999999994,74.1,88.4,74.35714285714286
2019-09-07,84.1,67.9,74.7,70.1,86.8,100,4.17,16.6,9.2,210.7,1010.2,27.7,4.5,136.8,6,8.4,9,250,2019,-1.0,-1.8369701987210297e-16,-0.9175836260593934,-0.3975428142825566,12.559444444444445,1,16.19999999999999,73.9,88.6,74.41428571428571
2019-09-08,80.5,71.5,74.3,71.0,90.1,100,8.33,14.1,11.4,197.4,1011.0,27.7,4.5,179.1,6,2.3876,9,251,2019,-1.0,-1.8369701987210297e-16,-0.9242907221930934,-0.3816892202666586,12.532777777777778,1,9.0,74.7,86.8,74.44285714285715
2019-09-09,84.1,69.7,75.4,70.8,86.4,100,4.17,15.0,10.3,211.1,1009.8,25.0,4.8,170.6,7,7.4,9,252,2019,-1.0,-1.8369701987210297e-16,-0.9307239310379793,-0.3657225234972692,12.505833333333333,1,14.399999999999991,74.3,90.1,74.41428571428571
2019-09-10,80.5,71.5,74.3,70.8,89.1,100,4.17,15.0,6.9,176.7,1009.8,30.4,4.2,156.2,6,32.0,9,253,2019,-1.0,-1.8369701987210297e-16,-0.9368813462954315,-0.34964745525122826,12.479166666666666,1,9.0,75.4,86.4,74.38571428571427
2019-09-11,84.1,71.5,74.9,70.6,87.2,100,4.17,20.6,10.3,176.4,1011.7,25.0,4.1,146.6,6,0.0,9,254,2019,-1.0,-1.8369701987210297e-16,-0.9427611433904206,-0.33346877891818705,12.452222222222222,0,12.599999999999994,74.3,89.1,74.51428571428572
2019-09-12,84.1,69.7,75.1,71.2,88.6,100,8.33,15.2,12.8,179.1,1013.1,25.0,4.2,86.2,4,1.5,9,255,2019,-1.0,-1.8369701987210297e-16,-0.9483615800121716,-0.31719128858910595,12.425555555555556,1,14.399999999999991,74.9,87.2,74.65714285714286
2019-09-13,76.9,69.7,73.1,70.1,90.3,100,4.17,25.9,13.9,116.3,1014.3,25.0,4.4,93.1,5,4.6,9,256,2019,-1.0,-1.8369701987210297e-16,-0.9536809966304455,-0.300819807635668,12.39861111111111,1,7.200000000000003,75.1,88.6,74.54285714285716
2019-09-14,75.1,69.7,71.1,70.0,96.4,100,8.33,15.0,6.9,134.5,1015.0,27.7,4.0,133.5,5,5.1,9,257,2019,-1.0,-1.8369701987210297e-16,-0.9587178169872964,-0.2843591872810036,12.37138888888889,1,5.3999999999999915,73.1,90.3,74.02857142857142
2019-09-15,78.7,69.7,72.3,69.6,91.7,100,4.17,16.1,8.1,300.7,1014.0,27.7,4.1,190.5,7,1.0,9,258,2019,-1.0,-1.8369701987210297e-16,-0.9634705485641486,-0.26781430516217486,12.344444444444445,1,9.0,71.1,96.4,73.74285714285715
2019-09-16,80.5,69.7,72.4,69.3,90.5,100,4.17,16.1,10.3,255.9,1012.3,25.0,3.8,163.7,7,3.8,9,259,2019,-1.0,-1.8369701987210297e-16,-0.9679377830240642,-0.25119006388481957,12.3175,1,10.799999999999997,72.3,91.7,73.31428571428572
2019-09-17,70.8,66.1,68.9,68.2,97.8,100,8.33,16.1,5.8,148.7,1014.5,31.2,3.6,60.0,3,25.4,9,260,2019,-1.0,-1.8369701987210297e-16,-0.9721181966290612,-0.23449138957041052,12.290277777777778,1,4.700000000000003,72.4,90.5,72.54285714285713
2019-09-18,67.9,64.3,66.6,65.8,97.5,100,8.33,20.4,9.2,87.2,1018.5,28.1,3.9,27.6,1,1.2192,9,261,2019,-1.0,-1.8369701987210297e-16,-0.9760105506323682,-0.21772323039653224,12.263333333333334,1,3.6000000000000085,68.9,97.8,71.35714285714286
2019-09-19,75.1,64.3,67.9,64.5,89.9,100,4.17,11.6,4.7,27.3,1019.7,30.8,4.1,86.5,3,2.0,9,262,2019,-1.0,-1.8369701987210297e-16,-0.9796136916454901,-0.20089055513063528,12.235833333333334,1,10.799999999999997,66.6,97.5,70.32857142857142
2019-09-20,80.5,64.3,70.9,63.9,81.1,100,4.17,15.7,10.3,286.6,1017.2,25.2,4.4,229.4,9,0.0,9,263,2019,-1.0,-1.8369701987210297e-16,-0.9829265519799822,-0.18399835165767986,12.20888888888889,0,16.200000000000003,67.9,89.9,70.01428571428572
2019-09-21,82.3,62.5,71.7,63.6,77.6,100,20.83,15.4,9.2,244.9,1015.7,25.0,5.1,193.5,7,0.0,9,264,2019,-1.0,-1.8369701987210297e-16,-0.9859481499638303,-0.1670516255021195,12.181666666666667,0,19.799999999999997,70.9,81.1,70.1
2019-09-22,78.7,67.9,70.5,66.3,87.2,100,4.17,12.8,8.1,123.1,1018.4,26.0,4.5,168.4,6,0.0,9,265,2019,-1.0,-1.8369701987210297e-16,-0.9886775902323404,-0.15005539834465262,12.154444444444444,0,10.799999999999997,71.7,77.6,69.84285714285714
2019-09-23,80.5,66.1,71.3,66.6,86.2,100,4.17,14.5,9.2,174.1,1018.8,25.0,4.2,131.3,6,0.0,9,266,2019,-1.0,-1.8369701987210297e-16,-0.9911140639934546,-0.13301470653419636,12.126944444444444,0,14.400000000000006,70.5,87.2,69.68571428571428
2019-09-24,80.5,67.9,71.7,67.8,88.6,100,4.17,18.3,11.4,228.4,1019.7,25.0,3.9,107.2,4,6.9,9,267,2019,-1.0,-1.8369701987210297e-16,-0.9932568492674143,-0.11593459959550066,12.099722222222223,1,12.599999999999994,71.3,86.2,70.08571428571427
2019-09-25,75.1,66.1,69.0,67.2,94.5,100,8.33,19.5,9.2,144.2,1022.0,28.1,3.6,100.1,5,47.5,9,268,2019,-1.0,-1.8369701987210297e-16,-0.9951053111006974,-0.09882013873287211,12.0725,1,9.0,71.7,88.6,70.42857142857143
2019-09-26,73.3,66.1,68.8,66.4,92.4,100,4.17,21.3,10.3,181.5,1022.9,25.0,4.6,75.1,4,8.9,9,269,2019,-1.0,-1.8369701987210297e-16,-0.99665890175417,-0.08167639533042288,12.045555555555556,1,7.200000000000003,69.0,94.5,70.55714285714286
2019-09-27,73.3,66.1,68.6,66.1,91.9,100,4.17,13.9,11.4,194.7,1021.1,25.0,4.5,63.6,3,3.8,9,270,2019,-1.0,-1.8369701987210297e-16,-0.9979171608653922,-0.06450844944931625,12.018055555555556,1,7.200000000000003,68.8,92.4,70.22857142857143
2019-09-28,73.3,66.1,68.7,64.0,85.3,100,4.17,28.2,10.3,118.6,1019.1,25.0,4.9,60.1,2,0.8,9,271,2019,-1.0,-1.8369701987210297e-16,-0.9988797155850335,-0.04732138832243232,11.991111111111111,1,7.200000000000003,68.6,91.9,69.8
2019-09-29,73.3,64.3,67.7,63.2,86.1,100,4.17,17.0,12.8,112.2,1018.7,25.0,5.2,48.2,2,0.0,9,272,2019,-1.0,-1.8369701987210297e-16,-0.9995462806873573,-0.03012030484690836,11.963611111111112,0,9.0,68.7,85.3,69.4
2019-09-30,75.1,62.5,68.5,64.3,87.2,100,4.17,15.0,11.4,200.3,1016.2,25.0,4.6,142.6,5,0.5,9,273,2019,-1.0,-1.8369701987210297e-16,-0.9999166586547379,-0.012910296075008843,11.936666666666667,1,12.599999999999994,67.7,86.1,69.0
2019-10-01,76.9,64.3,69.6,64.5,84.8,100,4.17,16.3,10.3,285.9,1015.9,25.0,5.1,181.0,6,3.0,10,274,2019,-0.8660254037844386,0.5000000000000001,-0.9999907397361901,0.004303538296243821,11.909444444444444,1,12.600000000000009,68.5,87.2,68.7
2019-10-02,76.9,66.1,69.9,64.5,83.6,0,0.0,17.0,9.2,260.5,1016.7,25.0,4.9,152.3,6,0.0,10,275,2019,-0.8660254037844386,0.5000000000000001,-0.9997685019798909,0.021516097436222233,11.882222222222222,0,10.800000000000011,69.6,84.8,68.82857142857144
2019-10-03,80.5,66.1,70.7,65.0,83.4,100,4.17,13.9,12.8,197.5,1017.0,25.0,4.3,139.0,5,0.0,10,276,2019,-0.8660254037844386,0.5000000000000001,-0.9992500112396835,0.03872228089217399,11.855,0,14.400000000000006,69.9,83.6,69.1
2019-10-04,78.7,64.3,70.5,64.9,83.5,0,0.0,14.5,10.3,270.1,1017.0,25.0,4.5,161.5,7,0.0,10,277,2019,-0.8660254037844386,0.5000000000000001,-0.9984354211555643,0.05591699010060302,11.827777777777778,0,14.400000000000006,70.7,83.4,69.37142857142858
2019-10-05,80.5,64.3,71.3,65.9,84.1,0,0.0,16.6,10.3,267.0,1017.0,25.0,4.4,184.8,7,0.0,10,278,2019,-0.8660254037844386,0.5000000000000001,-0.9973249731081555,0.07309512989807776,11.800833333333333,0,16.200000000000003,70.5,83.5,69.74285714285715
2019-10-06,80.5,64.3,70.8,64.1,81.1,100,4.17,14.3,10.3,272.1,1018.1,25.0,4.5,181.3,7,0.0,10,279,2019,-0.8660254037844386,0.5000000000000001,-0.9959189961471792,0.0902516100310407,11.77361111111111,0,16.200000000000003,71.3,84.1,70.18571428571428
2019-10-07,82.3,64.3,71.1,63.0,78.0,0,0.0,15.4,11.4,242.7,1018.5,25.0,4.3,189.0,8,0.0,10,280,2019,-0.8660254037844386,0.5000000000000001,-0.994217906893952,0.10738134666416306,11.746944444444445,0,18.0,70.8,81.1,70.55714285714285
2019-10-08,78.7,64.3,69.5,64.0,83.9,0,0.0,14.8,12.8,207.7,1018.7,25.0,4.2,172.9,8,0.0,10,281,2019,-0.8660254037844386,0.5000000000000001,-0.9922222094179324,0.12447926388678869,11.719722222222222,0,14.400000000000006,71.1,78.0,70.54285714285713
2019-10-09,76.9,62.5,67.7,61.6,82.0,100,4.17,15.7,11.4,274.2,1018.8,25.0,5.1,185.6,7,1.3,10,282,2019,-0.8660254037844386,0.5000000000000001,-0.989932495087353,0.141540295217043,11.693055555555556,1,14.400000000000006,69.5,83.9,70.22857142857143
2019-10-10,76.9,62.5,68.2,61.1,79.4,0,0.0,17.2,11.4,264.8,1017.5,25.0,4.8,197.9,8,0.0,10,283,2019,-0.8660254037844386,0.5000000000000001,-0.9873494423939864,0.15855938510313475,11.66611111111111,0,14.400000000000006,67.7,82.0,69.87142857142858
2019-10-11,78.7,57.1,67.1,59.8,79.3,0,0.0,16.8,10.3,251.0,1017.5,25.2,4.6,204.6,7,0.0,10,284,2019,-0.8660254037844386,0.5000000000000001,-0.9844738167520923,0.17553149042142777,11.639444444444445,0,21.6,68.2,79.4,69.38571428571429
2019-10-12,78.7,57.1,67.1,58.9,77.5,0,0.0,15.7,12.8,203.5,1018.3,25.0,4.4,212.1,8,0.0,10,285,2019,-0.8660254037844386,0.5000000000000001,-0.9813064702716093,0.19245158197082995,11.6125,0,21.6,67.1,79.3,68.78571428571429
2019-10-13,78.7,60.7,67.3,59.4,77.6,0,0.0,15.9,8.1,186.8,1019.0,26.0,4.3,195.1,7,0.0,10,286,2019,-0.8660254037844386,0.5000000000000001,-0.9778483415056568,0.20931464596304888,11.585833333333333,0,18.0,67.1,77.5,68.28571428571429
2019-10-14,78.7,60.7,68.1,60.0,77.0,0,0.0,15.4,13.9,192.0,1020.3,25.0,4.2,197.2,7,0.0,10,287,2019,-0.8660254037844386,0.5000000000000001,-0.9741004551724206,0.22611568550828803,11.559444444444445,0,18.0,67.3,77.6,67.85714285714286
2019-10-15,76.9,60.7,67.8,60.3,78.7,0,0.0,14.5,11.4,233.8,1021.3,25.0,4.0,186.8,7,0.0,10,288,2019,-0.8660254037844386,0.5000000000000001,-0.970063921851507,0.2428497220959358,11.532777777777778,0,16.200000000000003,68.1,77.0,67.61428571428571
2019-10-16,78.7,60.7,68.7,60.6,77.1,0,0.0,13.6,11.4,186.5,1021.6,26.0,4.2,171.5,6,0.0,10,289,2019,-0.8660254037844386,0.5000000000000001,-0.965739937654855,0.25951179706979943,11.506666666666666,0,18.0,67.8,78.7,67.75714285714285
2019-10-17,76.9,58.9,68.1,60.9,79.8,0,0.0,13.9,9.2,217.2,1021.5,26.0,4.2,174.2,6,1.5,10,290,2019,-0.8660254037844386,0.5000000000000001,-0.9611297838723007,0.27609697309746883,11.480277777777777,1,18.000000000000007,68.7,77.1,67.74285714285713
2019-10-18,76.9,62.5,68.0,61.4,80.8,100,4.17,20.8,8.1,210.0,1021.6,27.7,4.0,172.0,6,0.0,10,291,2019,-0.8660254037844386,0.5000000000000001,-0.9562348265919058,0.2926003356333479,11.454166666666667,0,14.400000000000006,68.1,79.8,67.87142857142858
2019-10-19,78.7,62.5,68.7,60.3,76.7,0,0.0,15.2,11.4,250.9,1022.0,25.0,4.2,177.6,7,0.0,10,292,2019,-0.8660254037844386,0.5000000000000001,-0.9510565162951536,0.30901699437494723,11.428055555555556,0,16.200000000000003,68.0,80.8,68.1
2019-10-20,71.5,62.5,66.3,61.1,83.8,0,0.0,12.8,6.9,222.7,1021.0,27.7,3.6,133.4,5,0.0,10,293,2019,-0.8660254037844386,0.5000000000000001,-0.9455963874271428,0.3253420847119795,11.402222222222223,0,9.0,68.7,76.7,67.95714285714284
2019-10-21,76.9,60.7,66.6,59.6,79.5,0,0.0,19.2,10.3,282.1,1018.0,25.0,3.6,184.0,7,0.0,10,294,2019,-0.8660254037844386,0.5000000000000001,-0.9398560579418953,0.341570769167856,11.376388888888888,0,16.200000000000003,66.3,83.8,67.74285714285715
2019-10-22,76.9,57.1,64.7,56.3,77.3,0,0.0,16.3,11.4,252.6,1015.8,25.0,3.9,216.2,8,0.0,10,295,2019,-0.8660254037844386,0.5000000000000001,-0.9338372288229252,0.35769823883312546,11.350555555555555,0,19.800000000000004,66.6,79.5,67.3
2019-10-23,69.7,57.1,62.5,56.7,82.4,0,0.0,15.0,8.1,182.9,1016.5,25.0,3.5,131.4,5,0.0,10,296,2019,-0.8660254037844386,0.5000000000000001,-0.9275416835791965,0.3737197147904692,11.325,0,12.600000000000001,64.7,77.3,66.41428571428571
2019-10-24,73.3,55.3,63.0,54.9,77.4,0,0.0,17.0,11.4,203.3,1018.0,25.2,3.8,202.7,8,0.0,10,297,2019,-0.8660254037844386,0.5000000000000001,-0.9209712877166346,0.38963044953078774,11.299722222222222,0,18.0,62.5,82.4,65.68571428571428
2019-10-25,69.7,55.3,61.6,56.5,84.0,0,0.0,15.0,4.7,219.4,1018.2,25.0,3.2,112.0,5,0.0,10,298,2019,-0.8660254037844386,0.5000000000000001,-0.9141279881853337,0.4054257283599973,11.274444444444445,0,14.400000000000006,63.0,77.4,64.77142857142857
2019-10-26,73.3,57.1,63.6,56.5,79.8,0,0.0,17.4,11.4,273.1,1018.5,25.0,3.8,187.7,7,0.0,10,299,2019,-0.8660254037844386,0.5000000000000001,-0.9070138128026362,0.42110087079608916,11.249166666666667,0,16.199999999999996,61.6,84.0,64.04285714285713
2019-10-27,78.7,51.7,63.0,53.4,75.5,0,0.0,16.8,10.3,242.3,1018.1,25.0,4.2,200.3,8,0.0,10,300,2019,-0.8660254037844386,0.5000000000000001,-0.8996308696522434,0.4366512319560638,11.224166666666667,0,27.0,63.6,79.8,63.57142857142857
2019-10-28,71.5,58.9,63.4,55.9,78.5,100,8.33,15.2,6.9,149.2,1020.0,25.0,4.1,103.0,5,0.0,10,301,2019,-0.8660254037844386,0.5000000000000001,-0.8919813464595487,0.45207220393230374,11.199166666666667,0,12.600000000000001,63.0,75.5,63.114285714285714
2019-10-29,73.3,55.3,63.3,55.1,77.0,0,0.0,12.5,11.4,194.7,1020.4,28.0,4.1,140.7,5,0.0,10,302,2019,-0.8660254037844386,0.5000000000000001,-0.8840675099433637,0.46735921715800205,11.174722222222222,0,18.0,63.4,78.5,62.91428571428572
2019-10-30,75.1,55.3,63.4,56.0,78.6,0,0.0,14.5,10.3,268.6,1018.9,25.0,4.2,142.1,5,0.0,10,303,2019,-0.8660254037844386,0.5000000000000001,-0.8758917051442433,0.48250774176121763,11.150555555555556,0,19.799999999999997,63.3,77.0,63.042857142857144
2019-10-31,75.1,55.3,63.9,55.3,76.5,0,0.0,15.7,9.2,210.2,1018.2,25.0,4.4,181.0,7,0.0,10,304,2019,-0.8660254037844386,0.5000000000000001,-0.867456354729597,0.4975132889071803,11.126111111111111,0,19.799999999999997,63.4,78.6,63.17142857142857
2019-11-01,75.1,53.5,63.2,55.8,78.9,0,0.0,14.1,10.3,230.7,1018.8,25.0,4.0,157.3,6,0.0,11,305,2019,-0.5000000000000004,0.8660254037844384,-0.858763958275803,0.5123714121284235,11.101944444444445,0,21.599999999999994,63.9,76.5,63.4
2019-11-02,75.1,55.3,63.6,56.9,80.6,0,0.0,13.6,9.2,191.4,1020.1,26.0,3.6,173.9,7,0.0,11,306,2019,-0.5000000000000004,0.8660254037844384,-0.8498170915275277,0.5270777086423724,11.078055555555556,0,19.799999999999997,63.2,78.9,63.4
2019-11-03,78.7,55.3,64.6,57.1,79.6,0,0.0,15.4,9.2,179.1,1019.8,25.0,3.7,172.1,7,0.0,11,307,2019,-0.5000000000000004,0.8660254037844384,-0.8406184056344783,0.5416278206559811,11.054722222222223,0,23.400000000000006,63.6,80.6,63.628571428571426
2019-11-04,75.1,53.5,63.6,56.5,79.9,0,0.0,14.5,9.2,233.5,1019.0,25.2,4.0,163.8,7,0.0,11,308,2019,-0.5000000000000004,0.8660254037844384,-0.8311706263658079,0.5560174366570446,11.03111111111111,0,21.599999999999994,64.6,79.6,63.65714285714285
2019-11-05,73.3,57.1,63.5,55.5,77.8,100,4.17,14.5,12.8,201.4,1016.3,25.0,3.8,135.8,6,0.0,11,309,2019,-0.5000000000000004,0.8660254037844384,-0.8214765533024145,0.5702422926917867,11.008333333333333,0,16.199999999999996,63.6,79.9,63.685714285714276
2019-11-06,73.3,53.5,62.2,55.1,79.6,0,0.0,15.4,9.2,179.6,1015.8,25.0,3.2,149.3,6,0.0,11,310,2019,-0.5000000000000004,0.8660254037844384,-0.8115390590073611,0.5842981736283683,10.985,0,19.799999999999997,63.5,77.8,63.51428571428572
2019-11-07,76.9,55.3,64.4,56.7,78.7,0,0.0,13.6,9.2,222.1,1017.0,25.0,3.5,157.7,6,0.0,11,311,2019,-0.5000000000000004,0.8660254037844384,-0.8013610881746769,0.5981809144059159,10.9625,0,21.60000000000001,62.2,79.6,63.58571428571429
2019-11-08,73.5,55.3,63.5,56.9,80.9,100,4.17,14.8,5.8,142.0,1019.2,27.7,3.5,138.4,6,0.0,11,312,2019,-0.5000000000000004,0.8660254037844384,-0.7909456567567774,0.6118864012687242,10.940277777777778,0,18.200000000000003,64.4,78.7,63.628571428571426
2019-11-09,75.1,55.3,63.2,56.4,80.9,0,0.0,16.3,9.2,238.8,1019.3,25.0,3.9,162.4,6,0.0,11,313,2019,-0.5000000000000004,0.8660254037844384,-0.780295851070776,0.6254105729852457,10.918055555555556,0,19.799999999999997,63.5,80.9,63.57142857142857
2019-11-10,75.1,53.5,62.8,56.1,81.0,0,0.0,16.3,10.3,264.2,1018.5,25.4,4.1,175.6,7,0.0,11,314,2019,-0.5000000000000004,0.8660254037844384,-0.7694148268839381,0.6387494220515268,10.89638888888889,0,21.599999999999994,63.2,80.9,63.31428571428571
2019-11-11,71.5,53.5,62.2,55.2,79.9,0,0.0,18.3,9.2,260.5,1017.0,25.2,4.2,178.9,7,0.0,11,315,2019,-0.5000000000000004,0.8660254037844384,-0.7583058084785625,0.6518989958787125,10.874722222222223,0,18.0,62.8,81.0,63.114285714285714
2019-11-12,73.3,51.7,61.7,55.5,82.2,0,0.0,15.4,8.1,201.0,1018.7,25.2,3.8,170.2,7,0.0,11,316,2019,-0.5000000000000004,0.8660254037844384,-0.7469720876965551,0.6648553979642867,10.85361111111111,0,21.599999999999994,62.2,79.9,62.857142857142854
2019-11-13,75.1,55.3,63.0,56.2,81.0,0,0.0,15.2,8.1,165.7,1021.6,25.0,3.6,163.5,7,0.0,11,317,2019,-0.5000000000000004,0.8660254037844384,-0.7354170229639858,0.6776147890466887,10.832777777777778,0,19.799999999999997,61.7,82.2,62.97142857142857
2019-11-14,76.9,53.5,63.4,54.7,77.0,0,0.0,12.3,10.3,166.6,1023.1,25.0,4.0,135.4,6,0.0,11,318,2019,-0.5000000000000004,0.8660254037844384,-0.7236440382959123,0.690173388242972,10.812222222222223,0,23.400000000000006,63.0,81.0,62.82857142857143
2019-11-15,76.9,53.5,63.4,54.3,75.5,0,0.0,16.3,10.3,239.3,1021.1,25.0,4.3,180.7,7,0.0,11,319,2019,-0.5000000000000004,0.8660254037844384,-0.7116566222817751,0.7025274741691566,10.792222222222222,0,23.400000000000006,63.4,77.0,62.81428571428571
2019-11-16,73.3,53.5,61.8,56.0,82.9,0,0.0,18.8,11.4,276.5,1019.7,25.0,4.1,158.7,7,0.0,11,320,2019,-0.5000000000000004,0.8660254037844384,-0.6994583270516471,0.7146733860429608,10.772222222222222,0,19.799999999999997,63.4,75.5,62.614285714285714
2019-11-17,73.3,55.3,63.3,57.3,82.3,0,0.0,17.4,9.2,248.2,1018.3,25.0,4.0,163.5,7,0.0,11,321,2019,-0.5000000000000004,0.8660254037844384,-0.6870527672236675,0.726607524768565,10.753055555555555,0,18.0,61.8,82.9,62.68571428571429
2019-11-18,69.7,57.1,62.8,55.3,78.2,0,0.0,17.2,8.1,192.0,1018.8,25.0,3.8,147.2,6,0.0,11,322,2019,-0.5000000000000004,0.8660254037844384,-0.6744436188329457,0.7383263540031063,10.733888888888888,0,12.600000000000001,63.3,82.3,62.771428571428565
2019-11-19,73.3,53.5,61.4,54.2,79.6,100,12.5,15.9,9.2,181.3,1018.2,27.3,3.0,158.6,6,0.2032,11,323,2019,-0.5000000000000004,0.8660254037844384,-0.661634618242279,0.749826401204568,10.715,1,19.799999999999997,62.8,78.2,62.72857142857142
2019-11-20,71.5,53.5,61.2,53.9,79.1,0,0.0,14.1,8.1,208.5,1019.6,25.0,2.9,118.4,5,0.0,11,324,2019,-0.5000000000000004,0.8660254037844384,-0.6486295610349818,0.7611042586607742,10.696944444444444,0,18.0,61.4,79.6,62.471428571428575
2019-11-21,71.5,55.3,61.4,53.5,77.0,100,4.17,14.1,9.2,227.3,1021.1,25.0,3.1,129.4,6,0.0,11,325,2019,-0.5000000000000004,0.8660254037844384,-0.6354323008901775,0.7721565844991641,10.678888888888888,0,16.200000000000003,61.2,79.1,62.185714285714276
2019-11-22,69.7,53.5,59.9,52.8,79.3,100,8.33,15.0,9.2,238.0,1021.0,25.0,3.0,134.5,6,0.0,11,326,2019,-0.5000000000000004,0.8660254037844384,-0.622046748440868,0.7829801036770625,10.661388888888888,0,16.200000000000003,61.4,77.0,61.68571428571429
2019-11-23,71.5,49.9,59.2,52.1,79.7,100,4.17,13.9,8.1,222.1,1019.8,25.0,3.2,108.3,4,0.0,11,327,2019,-0.5000000000000004,0.8660254037844384,-0.6084768701151264,0.7935716089521472,10.644444444444444,0,21.6,59.9,79.3,61.31428571428571
2019-11-24,71.5,51.3,59.1,54.1,85.0,0,0.0,16.3,8.1,247.6,1018.9,31.8,3.0,153.3,7,0.0,11,328,2019,-0.5000000000000004,0.8660254037844384,-0.594726686960764,0.8039279618328208,10.627777777777778,0,20.200000000000003,59.2,79.7,60.714285714285715
2019-11-25,67.9,53.5,59.9,54.0,82.2,0,0.0,15.7,9.2,228.0,1020.8,27.7,3.0,106.9,5,0.0,11,329,2019,-0.5000000000000004,0.8660254037844384,-0.5808002734538014,0.8140460935082175,10.611666666666666,0,14.400000000000006,59.1,85.0,60.300000000000004
2019-11-26,71.5,53.5,61.0,53.6,78.1,0,0.0,16.3,9.2,238.4,1021.0,25.0,2.6,166.2,7,0.0,11,330,2019,-0.5000000000000004,0.8660254037844384,-0.5667017562911184,0.8239230057575536,10.596111111111112,0,18.0,59.9,82.2,60.24285714285714
2019-11-27,71.5,48.1,58.5,51.3,79.2,0,0.0,16.8,8.1,232.7,1021.7,25.2,2.9,152.2,6,0.0,11,331,2019,-0.5000000000000004,0.8660254037844384,-0.5524353131676203,0.8335557718385695,10.581111111111111,0,23.4,61.0,78.1,59.857142857142854
2019-11-28,73.3,48.1,57.8,46.9,71.6,0,0.0,12.8,9.2,255.4,1021.9,30.5,3.6,159.6,7,0.0,11,332,2019,-0.5000000000000004,0.8660254037844384,-0.5380051715382992,0.8429415373547832,10.56611111111111,0,25.199999999999996,58.5,79.2,59.34285714285715
2019-11-29,69.7,46.3,56.8,44.4,66.5,0,0.0,13.2,8.1,46.5,1020.6,25.0,3.9,157.0,6,0.0,11,333,2019,-0.5000000000000004,0.8660254037844384,-0.5234156073655503,0.8520775211013093,10.552222222222222,0,23.400000000000006,57.8,71.6,58.9
2019-11-30,69.7,46.3,55.8,45.3,71.3,0,0.0,19.9,11.4,307.8,1019.4,25.0,4.1,182.5,7,0.0,11,334,2019,-0.5000000000000004,0.8660254037844384,-0.5086709438521042,0.8609610158889945,10.538611111111111,0,23.400000000000006,56.8,66.5,58.41428571428571
2019-12-01,67.9,42.7,54.3,43.4,70.4,0,0.0,16.3,10.3,249.0,1019.3,25.0,4.2,178.2,7,0.1016,12,335,2019,-2.4492935982947064e-16,1.0,-0.4937755501599774,0.8695893893466109,10.525277777777777,1,25.200000000000003,55.8,71.3,57.72857142857142
2019-12-02,64.3,42.7,53.1,46.3,79.7,0,0.0,17.4,9.2,228.9,1019.8,25.0,3.7,158.0,7,0.3048,12,336,2019,-2.4492935982947064e-16,1.0,-0.4787338401157883,0.8779600847008883,10.5125,1,21.599999999999994,54.3,70.4,56.75714285714286
2019-12-03,64.3,48.1,54.3,46.7,78.1,100,4.17,18.3,8.1,226.6,1019.5,25.0,3.7,163.8,7,0.1016,12,337,2019,-2.4492935982947064e-16,1.0,-0.4635502709028512,0.8860706215341377,10.500555555555556,1,16.199999999999996,53.1,79.7,55.800000000000004
2019-12-04,67.9,44.5,53.7,46.2,78.6,0,0.0,15.0,10.3,171.0,1022.8,25.0,3.4,173.9,7,0.0,12,338,2019,-2.4492935982947064e-16,1.0,-0.4482293417404106,0.893918596519257,10.489166666666666,0,23.400000000000006,54.3,78.1,55.114285714285714
2019-12-05,67.9,42.7,53.8,45.6,77.0,0,0.0,12.8,6.9,207.9,1025.5,25.0,2.8,167.5,6,0.0,12,339,2019,-2.4492935982947064e-16,1.0,-0.4327755925504317,0.9015016841318838,10.478055555555555,0,25.200000000000003,53.7,78.6,54.54285714285714
2019-12-06,67.9,40.9,52.9,41.9,70.9,0,0.0,14.8,8.1,173.1,1025.0,25.2,3.6,167.2,7,0.0,12,340,2019,-2.4492935982947064e-16,1.0,-0.41719360261231697,0.9088176373395028,10.468055555555555,0,27.000000000000007,53.8,77.0,53.98571428571428
2019-12-07,66.1,42.7,53.1,42.1,70.1,0,0.0,15.7,8.1,183.2,1023.3,25.0,3.8,166.2,7,0.0,12,341,2019,-2.4492935982947064e-16,1.0,-0.4014879892059737,0.9158642882672868,10.458055555555555,0,23.39999999999999,52.9,70.9,53.60000000000001
2019-12-08,66.1,40.9,52.1,41.6,71.7,0,0.0,13.4,8.1,186.3,1022.2,25.0,4.1,169.0,6,0.0,12,342,2019,-2.4492935982947064e-16,1.0,-0.38566340624360745,0.9226395488404875,10.449166666666667,0,25.199999999999996,53.1,70.1,53.285714285714285
2019-12-09,64.3,42.7,52.0,43.8,76.4,0,0.0,14.3,11.4,199.2,1021.3,25.0,3.7,172.0,7,0.0,12,343,2019,-2.4492935982947064e-16,1.0,-0.3697245428906732,0.9291414114031743,10.440277777777778,0,21.599999999999994,52.1,71.7,53.128571428571426
2019-12-10,64.3,42.7,52.6,45.3,78.7,0,0.0,16.3,8.1,215.0,1018.5,25.0,3.6,122.1,5,0.0,12,344,2019,-2.4492935982947064e-16,1.0,-0.3536761221763721,0.935367949313148,10.4325,0,21.599999999999994,52.0,76.4,52.88571428571429
2019-12-11,64.3,44.5,53.4,46.0,78.7,100,12.5,14.5,9.2,238.2,1017.3,28.1,3.7,85.6,3,0.0,12,345,2019,-2.4492935982947064e-16,1.0,-0.33752289959411347,0.941317317512847,10.425,0,19.799999999999997,52.6,78.7,52.84285714285714
2019-12-12,60.7,48.1,53.1,48.0,83.7,0,0.0,13.6,5.8,172.5,1020.0,25.0,3.2,69.7,3,0.0,12,346,2019,-2.4492935982947064e-16,1.0,-0.32126966169236515,0.946987753076075,10.418333333333333,0,12.600000000000001,53.4,78.7,52.74285714285715
2019-12-13,53.5,48.1,50.3,48.4,93.4,100,4.17,21.9,10.3,88.8,1021.8,25.0,2.9,32.1,1,0.0,12,347,2019,-2.4492935982947064e-16,1.0,-0.3049212246562894,0.9523775757303973,10.412222222222223,0,5.399999999999999,53.1,83.7,52.371428571428574
2019-12-14,62.5,46.3,51.6,48.0,88.6,100,8.33,14.8,10.3,182.3,1022.5,26.0,4.1,122.0,5,33.3,12,348,2019,-2.4492935982947064e-16,1.0,-0.2884824328806098,0.9574851883550389,10.406944444444445,1,16.200000000000003,50.3,93.4,52.15714285714285
2019-12-15,58.9,44.1,50.9,46.0,83.9,100,4.17,13.2,8.1,226.9,1020.7,40.5,3.9,110.6,5,0.0,12,349,2019,-2.4492935982947064e-16,1.0,-0.27195815753410524,0.9623090774541487,10.401944444444444,0,14.799999999999997,51.6,88.6,51.98571428571428
2019-12-16,62.5,44.5,50.8,44.8,82.7,0,0.0,15.7,9.2,247.8,1020.3,28.8,3.6,156.8,6,0.0,12,350,2019,-2.4492935982947064e-16,1.0,-0.2553532951161881,0.9668478136052773,10.3975,0,18.0,50.9,83.9,51.81428571428571
2019-12-17,62.5,42.7,49.6,42.9,81.2,0,0.0,19.5,8.1,255.2,1020.3,25.2,3.7,169.6,7,0.0,12,351,2019,-2.4492935982947064e-16,1.0,-0.23867276600594997,0.9711000518829505,10.394166666666667,0,19.799999999999997,50.8,82.7,51.385714285714286
2019-12-18,62.5,40.9,48.9,41.1,77.8,0,0.0,13.0,11.4,191.0,1020.1,25.0,4.2,153.0,6,0.0,12,352,2019,-2.4492935982947064e-16,1.0,-0.22192151300416674,0.9750645322571945,10.391388888888889,0,21.6,49.6,81.2,50.74285714285714
2019-12-19,62.5,39.1,49.5,42.0,78.5,0,0.0,15.0,10.3,243.0,1019.3,25.2,3.6,148.0,6,0.1016,12,353,2019,-2.4492935982947064e-16,1.0,-0.20510449986861926,0.9787400799669153,10.38888888888889,1,23.4,48.9,77.8,50.22857142857142
2019-12-20,64.3,40.9,50.4,42.3,77.0,0,0.0,16.6,8.1,212.4,1017.2,25.0,3.5,155.4,6,0.0,12,354,2019,-2.4492935982947064e-16,1.0,-0.1882267098432439,0.9821256058680006,10.387222222222222,0,23.4,49.5,78.5,50.24285714285714
2019-12-21,64.3,40.9,51.2,44.2,79.5,0,0.0,17.9,9.2,263.0,1018.0,25.0,3.1,143.9,6,0.0,12,355,2019,-2.4492935982947064e-16,1.0,-0.1712931441814778,0.9852201067560606,10.386388888888888,0,23.4,50.4,77.0,50.18571428571429
2019-12-22,66.1,40.9,51.1,40.7,72.2,0,0.0,19.9,11.4,273.0,1017.8,25.0,3.8,158.3,7,0.0,12,356,2019,-2.4492935982947064e-16,1.0,-0.154308820664281,0.9880226656636976,10.386111111111111,0,25.199999999999996,51.2,79.5,50.214285714285715
2019-12-23,62.5,39.1,49.4,40.6,74.5,100,8.33,17.0,8.1,253.7,1018.6,25.0,4.3,152.0,6,0.0,12,357,2019,-2.4492935982947064e-16,1.0,-0.13727877211326517,0.9905324521322227,10.386666666666667,0,23.4,51.1,72.2,50.01428571428572
2019-12-24,62.5,39.1,48.8,40.6,77.0,0,0.0,17.2,9.2,240.5,1019.8,25.0,3.5,170.4,7,0.0,12,358,2019,-2.4492935982947064e-16,1.0,-0.12020804489935275,0.9927487224577402,10.387777777777778,0,23.4,49.4,74.5,49.9
2019-12-25,62.5,39.1,47.1,37.5,74.7,0,0.0,15.9,8.1,180.7,1018.4,25.2,3.5,172.5,7,0.0,12,359,2019,-2.4492935982947064e-16,1.0,-0.10310169744743544,0.9946708199115211,10.389444444444445,0,23.4,48.8,77.0,49.642857142857146
2019-12-26,58.9,35.5,45.1,35.8,73.9,0,0.0,16.1,9.2,153.8,1017.4,25.0,3.6,165.5,7,0.0,12,360,2019,-2.4492935982947064e-16,1.0,-0.0859647987374467,0.9962981749346077,10.391666666666667,0,23.4,47.1,74.7,49.01428571428572
2019-12-27,57.1,35.5,45.3,35.7,72.3,0,0.0,15.0,9.2,203.5,1018.1,25.0,3.4,159.0,6,0.0,12,361,2019,-2.4492935982947064e-16,1.0,-0.06880242680232064,0.9976303053065857,10.394722222222223,0,21.6,45.1,73.9,48.285714285714285
2019-12-28,62.5,35.5,46.4,34.7,68.9,0,0.0,13.2,6.9,134.6,1020.4,24.0,3.1,174.2,7,0.4064,12,362,2019,-2.4492935982947064e-16,1.0,-0.05161966722325418,0.9986668162884759,10.398333333333333,1,27.0,45.3,72.3,47.6
2019-12-29,64.3,33.7,47.5,35.8,69.0,0,0.0,13.6,8.1,145.6,1020.6,25.0,3.1,172.0,7,0.0,12,363,2019,-2.4492935982947064e-16,1.0,-0.034421611622745804,0.9994074007397048,10.402777777777779,0,30.599999999999994,46.4,68.9,47.08571428571429
2019-12-30,64.3,35.5,47.6,35.1,68.0,0,0.0,13.9,8.1,145.2,1021.5,25.0,3.5,172.1,7,0.0,12,364,2019,-2.4492935982947064e-16,1.0,-0.01721335615583528,0.9998518392091162,10.407777777777778,0,28.799999999999997,47.5,69.0,46.82857142857143
2019-12-31,64.3,35.5,47.8,34.8,66.1,0,0.0,13.2,8.1,138.1,1023.2,25.2,3.2,170.0,6,0.0,12,365,2019,-2.4492935982947064e-16,1.0,6.432490598706546e-16,1.0,10.413333333333334,0,28.799999999999997,47.6,68.0,46.685714285714276
2020-01-01,62.5,37.3,48.6,38.3,70.7,0,0.0,16.1,5.8,131.3,1025.3,25.0,2.9,145.7,6,0.0,1,1,2020,0.49999999999999994,0.8660254037844387,0.017213356155834685,0.9998518392091162,10.419444444444444,0,25.200000000000003,47.8,66.1,46.9
2020-01-02,62.5,40.9,50.3,41.1,73.7,100,4.17,20.6,6.9,59.6,1025.6,28.1,2.9,110.0,4,0.0,1,2,2020,0.49999999999999994,0.8660254037844387,0.03442161162274574,0.9994074007397048,10.426388888888889,0,21.6,48.6,70.7,47.642857142857146
2020-01-03,48.1,42.3,46.0,43.5,91.2,100,8.33,17.9,8.1,104.7,1021.7,34.9,2.3,26.5,1,0.0,1,3,2020,0.49999999999999994,0.8660254037844387,0.051619667223253764,0.998666816288476,10.43388888888889,0,5.800000000000004,50.3,73.7,47.74285714285714
2020-01-04,53.5,42.7,47.1,45.2,93.4,0,0.0,13.2,8.1,202.7,1018.5,25.0,2.7,109.9,5,0.0,1,4,2020,0.49999999999999994,0.8660254037844387,0.06880242680231986,0.9976303053065857,10.441944444444445,0,10.799999999999997,46.0,91.2,47.84285714285714
2020-01-05,57.1,40.9,47.1,40.4,80.3,0,0.0,14.5,9.2,287.6,1017.3,25.0,4.4,129.7,5,0.0,1,5,2020,0.49999999999999994,0.8660254037844387,0.08596479873744647,0.9962981749346078,10.450555555555555,0,16.200000000000003,47.1,93.4,47.785714285714285
2020-01-06,58.9,37.3,46.3,39.5,79.7,0,0.0,15.9,9.2,185.7,1019.7,27.6,3.6,165.5,6,0.0,1,6,2020,0.49999999999999994,0.8660254037844387,0.10310169744743485,0.9946708199115211,10.46,0,21.6,47.1,80.3,47.6
2020-01-07,60.7,40.9,49.0,43.0,81.7,0,0.0,15.4,8.1,291.5,1019.3,25.0,2.9,128.7,5,0.0,1,7,2020,0.49999999999999994,0.8660254037844387,0.1202080448993527,0.9927487224577402,10.469722222222222,0,19.800000000000004,46.3,79.7,47.77142857142858
2020-01-08,53.5,44.3,48.3,45.3,89.7,100,8.33,13.6,4.7,141.2,1019.0,27.4,2.1,84.3,4,0.6096,1,8,2020,0.49999999999999994,0.8660254037844387,0.13727877211326478,0.9905324521322229,10.480555555555556,1,9.200000000000003,49.0,81.7,47.728571428571435
2020-01-09,53.5,40.4,47.9,45.8,92.7,100,4.17,12.5,4.7,76.1,1018.9,27.3,2.3,79.9,3,1.5,1,9,2020,0.49999999999999994,0.8660254037844387,0.15430882066428117,0.9880226656636976,10.491666666666667,1,13.100000000000001,48.3,89.7,47.385714285714286
2020-01-10,58.9,44.5,48.9,44.0,84.8,0,0.0,17.7,8.1,250.8,1019.2,25.0,2.8,136.2,5,0.0,1,10,2020,0.49999999999999994,0.8660254037844387,0.1712931441814776,0.9852201067560606,10.503333333333334,0,14.399999999999999,47.9,92.7,47.8
2020-01-11,62.5,42.7,49.2,42.7,81.0,0,0.0,16.1,6.9,186.2,1020.1,25.0,2.9,161.8,6,0.0,1,11,2020,0.49999999999999994,0.8660254037844387,0.1882267098432442,0.9821256058680006,10.515555555555556,0,19.799999999999997,48.9,84.8,48.10000000000001
2020-01-12,64.3,39.1,49.5,42.0,78.4,0,0.0,13.9,8.1,207.8,1018.2,24.5,2.8,177.6,7,0.0,1,12,2020,0.49999999999999994,0.8660254037844387,0.2051044998686192,0.9787400799669153,10.528333333333334,0,25.199999999999996,49.2,81.0,48.44285714285714
2020-01-13,66.1,39.1,51.0,42.9,77.4,0,0.0,15.4,9.2,215.9,1016.6,24.1,2.9,175.6,7,0.0,1,13,2020,0.49999999999999994,0.8660254037844387,0.22192151300416552,0.9750645322571948,10.541666666666666,0,26.999999999999993,49.5,78.4,49.11428571428571
2020-01-14,67.9,40.9,52.4,43.5,75.5,0,0.0,17.4,9.2,277.2,1016.8,25.0,3.4,178.9,7,0.0,1,14,2020,0.49999999999999994,0.8660254037844387,0.2386727660059501,0.9711000518829505,10.555555555555555,0,27.000000000000007,51.0,77.4,49.6
2020-01-15,69.7,40.9,53.1,43.2,74.5,0,0.0,19.7,11.4,285.5,1018.8,25.0,3.6,189.6,7,0.0,1,15,2020,0.49999999999999994,0.8660254037844387,0.255353295116187,0.9668478136052775,10.57,0,28.800000000000004,52.4,75.5,50.285714285714285
2020-01-16,58.9,42.7,49.8,45.4,85.8,0,0.0,9.4,5.8,24.3,1020.1,25.0,2.4,44.8,2,0.0,1,16,2020,0.49999999999999994,0.8660254037844387,0.2719581575341055,0.9623090774541486,10.584722222222222,0,16.199999999999996,53.1,74.5,50.55714285714286
2020-01-17,49.9,46.3,47.8,47.2,98.0,100,8.33,19.9,10.3,89.6,1021.2,34.3,2.2,39.5,2,0.0,1,17,2020,0.49999999999999994,0.8660254037844387,0.288482432880609,0.9574851883550393,10.600277777777778,0,3.6000000000000014,49.8,85.8,50.4
2020-01-18,62.5,42.7,49.6,44.3,84.9,100,4.17,15.2,9.2,231.5,1020.9,50.0,2.4,171.0,6,0.0,1,18,2020,0.49999999999999994,0.8660254037844387,0.30492122465628907,0.9523775757303974,10.615833333333333,0,19.799999999999997,47.8,98.0,50.45714285714286
2020-01-19,62.5,39.1,47.9,38.8,74.3,0,0.0,16.6,12.8,87.5,1018.9,25.0,3.4,151.8,6,0.0,1,19,2020,0.49999999999999994,0.8660254037844387,0.3212696616923644,0.9469877530760753,10.6325,0,23.4,49.6,84.9,50.228571428571435
2020-01-20,60.7,37.3,47.0,36.3,70.7,0,0.0,17.7,9.2,304.4,1018.7,25.0,3.7,186.2,7,0.0,1,20,2020,0.49999999999999994,0.8660254037844387,0.3375228995941133,0.9413173175128471,10.649166666666666,0,23.400000000000006,47.9,74.3,49.65714285714286
2020-01-21,57.1,37.3,46.9,38.7,75.9,0,0.0,15.0,5.8,102.0,1021.0,25.0,2.6,137.9,5,0.0,1,21,2020,0.49999999999999994,0.8660254037844387,0.3536761221763716,0.9353679493131483,10.66638888888889,0,19.800000000000004,47.0,70.7,48.87142857142857
2020-01-22,64.3,35.5,48.5,35.9,67.9,0,0.0,20.4,11.4,317.7,1021.0,25.0,3.6,200.4,7,0.0,1,22,2020,0.49999999999999994,0.8660254037844387,0.3697245428906731,0.9291414114031743,10.684166666666666,0,28.799999999999997,46.9,75.9,48.214285714285715
2020-01-23,62.5,35.5,48.1,37.6,71.3,0,0.0,17.9,10.739999999999998,235.6,1016.8,25.0,4.0,156.8,6,0.0,1,23,2020,0.49999999999999994,0.8660254037844387,0.38566340624360707,0.9226395488404876,10.702222222222222,0,27.0,48.5,67.9,47.971428571428575
2020-01-24,58.9,37.3,46.4,39.9,79.6,0,0.0,15.0,13.9,155.2,1016.3,25.0,3.4,170.3,7,0.0,1,24,2020,0.49999999999999994,0.8660254037844387,0.401487989205973,0.9158642882672872,10.720833333333333,0,21.6,48.1,71.3,47.771428571428565
2020-01-25,60.7,39.1,48.2,40.3,77.2,0,0.0,16.3,9.2,233.5,1017.6,27.3,2.7,147.5,6,3.9878,1,25,2020,0.49999999999999994,0.8660254037844387,0.4171936026123168,0.9088176373395029,10.739722222222222,1,21.6,46.4,79.6,47.57142857142857
2020-01-26,55.3,42.7,48.2,42.0,80.6,0,0.0,15.4,8.1,247.5,1016.0,25.0,2.6,126.9,6,0.0,1,26,2020,0.49999999999999994,0.8660254037844387,0.4327755925504312,0.901501684131884,10.759166666666667,0,12.599999999999994,48.2,77.2,47.614285714285714
2020-01-27,62.5,39.1,48.4,41.3,79.7,0,0.0,16.6,11.4,200.8,1015.0,27.9,2.8,107.7,4,0.0,1,27,2020,0.49999999999999994,0.8660254037844387,0.4482293417404106,0.893918596519257,10.779166666666667,0,23.4,48.2,80.6,47.81428571428571
2020-01-28,64.3,37.3,50.4,40.9,73.9,0,0.0,21.5,10.3,291.5,1016.3,25.0,3.1,194.9,7,0.7111999999999999,1,28,2020,0.49999999999999994,0.8660254037844387,0.4635502709028509,0.886070621534138,10.799166666666666,1,27.0,48.4,79.7,48.314285714285724
2020-01-29,66.1,44.5,53.7,43.8,72.2,0,0.0,17.2,9.2,260.2,1019.2,25.0,3.7,157.7,7,0.0,1,29,2020,0.49999999999999994,0.8660254037844387,0.47873384011578846,0.8779600847008882,10.819722222222222,0,21.599999999999994,50.4,73.9,49.057142857142864
2020-01-30,62.5,40.9,50.3,41.4,74.1,0,0.0,17.9,11.4,221.7,1017.3,25.0,3.5,172.0,7,0.0,1,30,2020,0.49999999999999994,0.8660254037844387,0.4937755501599772,0.869589389346611,10.840555555555556,0,21.6,53.7,72.2,49.371428571428574
2020-01-31,66.1,40.9,50.7,42.7,77.1,0,0.0,16.8,10.3,235.6,1016.3,25.0,3.4,172.3,7,0.0,1,31,2020,0.49999999999999994,0.8660254037844387,0.5086709438521044,0.8609610158889943,10.861944444444445,0,25.199999999999996,50.3,74.1,49.98571428571429
2020-02-01,60.7,44.5,51.1,43.2,76.3,0,0.0,15.7,13.9,193.1,1018.0,29.5,3.3,107.1,4,0.0,2,32,2020,0.8660254037844386,0.5000000000000001,0.5234156073655503,0.8520775211013093,10.883055555555556,0,16.200000000000003,50.7,77.1,50.39999999999999
2020-02-02,58.9,44.5,50.0,41.0,73.6,0,0.0,18.6,8.1,232.3,1019.1,30.7,3.7,169.5,6,0.0,2,33,2020,0.8660254037844386,0.5000000000000001,0.5380051715382996,0.8429415373547828,10.905,0,14.399999999999999,51.1,76.3,50.65714285714286
2020-02-03,60.7,39.1,48.6,40.8,77.5,0,0.0,19.0,10.3,210.6,1020.5,25.0,3.3,170.0,7,0.0,2,34,2020,0.8660254037844386,0.5000000000000001,0.5524353131676196,0.8335557718385699,10.927222222222222,0,21.6,50.0,73.6,50.68571428571429
2020-02-04,62.5,39.1,49.7,41.3,76.0,0,0.0,15.7,10.3,243.2,1019.2,25.0,2.9,167.4,6,0.0,2,35,2020,0.8660254037844386,0.5000000000000001,0.5667017562911176,0.8239230057575542,10.949444444444444,0,23.4,48.6,77.5,50.58571428571428
2020-02-05,60.7,40.9,49.7,41.6,76.3,0,0.0,18.1,10.3,235.6,1016.7,27.2,3.1,177.9,8,0.0,2,36,2020,0.8660254037844386,0.5000000000000001,0.5808002734538009,0.8140460935082178,10.972222222222221,0,19.800000000000004,49.7,76.0,50.01428571428572
2020-02-06,60.7,39.1,49.4,41.4,75.7,0,0.0,20.1,11.4,191.5,1018.3,25.0,3.1,163.0,7,0.0,2,37,2020,0.8660254037844386,0.5000000000000001,0.5947266869607634,0.8039279618328213,10.995555555555555,0,21.6,49.7,76.3,49.885714285714286
2020-02-07,62.5,40.9,50.8,41.9,74.1,0,0.0,17.4,13.9,198.7,1020.3,25.0,3.2,190.0,7,0.0,2,38,2020,0.8660254037844386,0.5000000000000001,0.6084768701151261,0.7935716089521474,11.018611111111111,0,21.6,49.4,75.7,49.9
2020-02-08,60.7,40.9,50.2,38.8,68.6,0,0.0,21.5,10.3,177.4,1021.7,25.0,3.4,161.8,6,0.0,2,39,2020,0.8660254037844386,0.5000000000000001,0.6220467484408675,0.7829801036770629,11.041944444444445,0,19.800000000000004,50.8,74.1,49.77142857142858
2020-02-09,60.7,39.1,49.2,37.9,68.5,0,0.0,18.8,9.2,323.1,1023.1,25.0,3.2,176.5,7,11.2014,2,40,2020,0.8660254037844386,0.5000000000000001,0.6354323008901774,0.7721565844991642,11.06611111111111,1,21.6,50.2,68.6,49.65714285714285
2020-02-10,64.3,37.3,50.2,37.8,67.9,0,0.0,17.0,10.3,218.6,1021.3,25.0,3.4,201.6,7,28.194000000000003,2,41,2020,0.8660254037844386,0.5000000000000001,0.6486295610349814,0.7611042586607747,11.09,1,27.0,49.2,68.5,49.88571428571429
2020-02-11,66.1,39.1,51.3,40.3,69.9,0,0.0,18.6,11.4,238.0,1021.5,25.0,3.4,199.0,8,0.0,2,42,2020,0.8660254037844386,0.5000000000000001,0.6616346182422783,0.7498264012045686,11.114166666666666,0,26.999999999999993,50.2,67.9,50.114285714285714
2020-02-12,66.1,40.9,52.9,42.7,71.5,0,0.0,15.2,11.4,193.9,1020.6,25.0,3.5,213.3,8,0.0,2,43,2020,0.8660254037844386,0.5000000000000001,0.6744436188329455,0.7383263540031065,11.138333333333334,0,25.199999999999996,51.3,69.9,50.57142857142857
2020-02-13,69.7,42.7,54.3,43.9,71.9,0,0.0,16.1,13.9,189.8,1017.3,25.0,3.3,212.8,8,0.0,2,44,2020,0.8660254037844386,0.5000000000000001,0.6870527672236669,0.7266075247685656,11.163055555555555,0,27.0,52.9,71.5,51.271428571428565
2020-02-14,69.7,44.5,55.3,45.7,73.7,0,0.0,18.8,11.4,222.0,1013.5,25.0,3.2,158.9,6,0.0,2,45,2020,0.8660254037844386,0.5000000000000001,0.6994583270516471,0.7146733860429609,11.188055555555556,0,25.200000000000003,54.3,71.9,51.91428571428571
2020-02-15,64.3,49.9,56.0,48.0,76.8,0,0.0,15.4,11.4,180.8,1016.0,32.3,2.7,87.0,3,0.0,2,46,2020,0.8660254037844386,0.5000000000000001,0.7116566222817746,0.702527474169157,11.213055555555556,0,14.399999999999999,55.3,73.7,52.74285714285714
2020-02-16,67.9,49.9,57.5,49.4,76.6,100,4.17,16.8,9.2,210.6,1019.5,30.9,2.2,116.1,5,0.0,2,47,2020,0.8660254037844386,0.5000000000000001,0.7236440382959124,0.6901733882429719,11.238333333333333,0,18.000000000000007,56.0,76.8,53.92857142857143
2020-02-17,67.9,51.7,58.2,50.9,78.3,0,0.0,17.7,10.3,246.7,1020.1,25.0,2.2,131.1,6,0.0,2,48,2020,0.8660254037844386,0.5000000000000001,0.7354170229639855,0.6776147890466889,11.26361111111111,0,16.200000000000003,57.5,76.6,55.07142857142856
2020-02-18,69.7,48.1,57.3,49.9,79.0,0,0.0,17.4,9.2,202.3,1017.8,25.0,2.3,186.6,7,0.889,2,49,2020,0.8660254037844386,0.5000000000000001,0.7469720876965552,0.6648553979642865,11.289166666666667,1,21.6,58.2,78.3,55.92857142857143
2020-02-19,67.9,51.7,58.5,51.5,78.9,0,0.0,15.9,8.1,214.7,1020.0,27.7,2.5,134.2,5,0.0,2,50,2020,0.8660254037844386,0.5000000000000001,0.7583058084785625,0.6518989958787126,11.314722222222223,0,16.200000000000003,57.3,79.0,56.72857142857142
2020-02-20,67.9,51.7,57.7,51.2,80.5,0,0.0,17.4,10.3,227.0,1021.3,25.0,2.0,160.6,6,0.0,2,51,2020,0.8660254037844386,0.5000000000000001,0.7694148268839378,0.6387494220515272,11.340833333333334,0,16.200000000000003,58.5,78.9,57.214285714285715
2020-02-21,62.5,49.9,55.2,51.3,87.3,0,0.0,13.2,8.1,239.4,1025.4,25.0,1.8,87.7,5,0.0,2,52,2020,0.8660254037844386,0.5000000000000001,0.7802958510707755,0.6254105729852463,11.366944444444444,0,12.600000000000001,57.7,80.5,57.2
2020-02-22,67.9,48.1,57.5,49.5,77.8,100,4.17,17.2,5.8,259.0,1025.2,25.0,3.6,203.6,8,6.4,2,53,2020,0.8660254037844386,0.5000000000000001,0.7909456567567772,0.6118864012687243,11.393055555555556,1,19.800000000000004,55.2,87.3,57.41428571428572
2020-02-23,69.7,46.3,56.1,45.9,72.1,0,0.0,17.2,10.3,154.6,1023.1,25.0,3.5,197.7,8,0.0,2,54,2020,0.8660254037844386,0.5000000000000001,0.8013610881746766,0.5981809144059164,11.419444444444444,0,23.400000000000006,57.5,77.8,57.214285714285715
2020-02-24,67.9,44.5,54.6,44.1,70.6,0,0.0,15.9,11.4,151.3,1019.9,27.7,3.7,181.9,8,0.0,2,55,2020,0.8660254037844386,0.5000000000000001,0.8115390590073611,0.5842981736283683,11.445833333333333,0,23.400000000000006,56.1,72.1,56.7
2020-02-25,66.1,46.3,53.9,45.5,75.6,0,0.0,23.9,11.4,111.2,1017.8,25.9,3.9,137.9,5,0.0,2,56,2020,0.8660254037844386,0.5000000000000001,0.8214765533024142,0.5702422926917871,11.472222222222221,0,19.799999999999997,54.6,70.6,56.214285714285715
2020-02-26,55.3,48.1,50.9,47.7,88.8,100,8.33,18.8,9.2,109.3,1018.2,25.0,4.3,109.9,4,0.6096,2,57,2020,0.8660254037844386,0.5000000000000001,0.8311706263658079,0.5560174366570446,11.498888888888889,1,7.199999999999996,53.9,75.6,55.12857142857143
2020-02-27,66.1,48.1,54.7,46.7,76.8,0,0.0,20.6,10.3,235.1,1019.2,25.2,4.3,197.2,8,0.0,2,58,2020,0.8660254037844386,0.5000000000000001,0.8406184056344782,0.5416278206559814,11.525555555555556,0,17.999999999999993,50.9,88.8,54.7
2020-02-28,69.7,46.3,56.7,48.2,76.4,0,0.0,16.3,10.3,233.3,1019.1,24.3,3.9,178.8,8,0.0,2,59,2020,0.8660254037844386,0.5000000000000001,0.8498170915275278,0.5270777086423722,11.552222222222222,0,23.400000000000006,54.7,76.8,54.91428571428571
2020-02-29,71.5,46.3,58.1,48.4,74.3,0,0.0,16.3,9.2,204.9,1018.2,25.0,4.1,182.4,7,0.0,2,60,2020,0.8660254037844386,0.5000000000000001,0.8587639582758029,0.5123714121284237,11.579166666666667,0,25.200000000000003,56.7,76.4,55.0
2020-03-01,69.7,48.1,58.4,49.4,75.0,0,0.0,20.6,10.3,292.1,1018.3,25.0,4.2,189.5,8,0.0,3,61,2020,1.0,6.123233995736766e-17,0.8674563547295968,0.49751328890718066,11.606111111111112,0,21.6,58.1,74.3,55.32857142857143
2020-03-02,67.9,48.1,56.1,47.2,74.3,0,0.0,15.7,12.8,217.0,1017.2,24.5,4.2,194.5,7,0.0,3,62,2020,1.0,6.123233995736766e-17,0.8758917051442429,0.48250774176121847,11.633333333333333,0,19.800000000000004,58.4,75.0,55.542857142857144
2020-03-03,69.7,46.3,57.5,47.0,70.9,0,0.0,18.6,10.3,217.5,1015.8,25.0,4.1,217.7,8,0.0,3,63,2020,1.0,6.123233995736766e-17,0.8840675099433636,0.46735921715800227,11.660555555555556,0,23.400000000000006,56.1,74.3,56.057142857142864
2020-03-04,69.7,46.3,58.2,47.0,69.4,0,0.0,16.6,15.0,182.1,1016.5,25.0,4.2,185.6,8,0.0,3,64,2020,1.0,6.123233995736766e-17,0.8919813464595485,0.45207220393230435,11.687777777777777,0,23.400000000000006,57.5,70.9,57.1
2020-03-05,67.9,48.1,57.3,46.8,70.0,0,0.0,15.9,13.9,168.3,1017.2,25.0,4.1,209.1,7,0.0,3,65,2020,1.0,6.123233995736766e-17,0.8996308696522433,0.43665123195606403,11.714722222222223,0,19.800000000000004,58.2,69.4,57.471428571428575
2020-03-06,71.5,51.7,58.5,44.5,63.0,100,4.17,17.0,9.2,111.8,1018.0,25.0,4.3,180.8,8,0.5,3,66,2020,1.0,6.123233995736766e-17,0.9070138128026359,0.4211008707960896,11.742222222222223,1,19.799999999999997,57.3,70.0,57.728571428571435
2020-03-07,58.9,46.3,52.7,47.9,84.5,100,8.33,15.0,9.2,82.6,1019.8,25.0,4.1,122.8,5,8.1,3,67,2020,1.0,6.123233995736766e-17,0.9141279881853337,0.40542572835999735,11.769722222222223,1,12.600000000000001,58.5,63.0,56.957142857142856
2020-03-08,67.9,42.7,54.8,44.5,73.2,0,0.0,22.8,15.0,293.4,1017.2,28.1,4.2,261.0,9,0.0,3,68,2020,1.0,6.123233995736766e-17,0.9209712877166346,0.38963044953078796,11.796944444444444,0,25.200000000000003,52.7,84.5,56.44285714285714
2020-03-09,71.5,46.3,57.8,48.7,74.6,0,0.0,19.0,15.0,210.2,1015.3,25.0,4.6,250.9,9,0.0,3,69,2020,1.0,6.123233995736766e-17,0.9275416835791966,0.37371971479046906,11.824722222222222,0,25.200000000000003,54.8,73.2,56.685714285714276
2020-03-10,71.5,53.5,61.2,50.3,71.9,0,0.0,19.2,15.0,246.3,1016.3,28.8,4.3,213.6,8,0.0,3,70,2020,1.0,6.123233995736766e-17,0.9338372288229252,0.35769823883312546,11.852222222222222,0,18.0,57.8,74.6,57.214285714285715
2020-03-11,76.9,48.8,61.9,48.1,66.8,0,0.0,25.1,13.9,295.6,1017.0,27.3,4.2,240.5,8,0.0,3,71,2020,1.0,6.123233995736766e-17,0.9398560579418954,0.3415707691678556,11.879722222222222,0,28.10000000000001,61.2,71.9,57.74285714285714
2020-03-12,76.9,48.1,62.7,43.3,55.4,0,0.0,19.9,10.3,269.2,1019.9,25.0,4.6,252.3,9,0.0,3,72,2020,1.0,6.123233995736766e-17,0.9455963874271426,0.3253420847119801,11.907222222222222,0,28.800000000000004,61.9,66.8,58.51428571428571
2020-03-13,62.7,51.7,56.1,45.5,68.4,100,4.17,17.0,11.4,103.1,1021.9,25.0,4.0,128.1,5,0.0,3,73,2020,1.0,6.123233995736766e-17,0.9510565162951535,0.30901699437494745,11.935,0,11.0,62.7,55.4,58.17142857142857
2020-03-14,69.7,51.7,57.9,50.1,76.8,100,25.0,17.7,10.3,161.7,1019.6,25.0,4.5,193.7,8,0.0,3,74,2020,1.0,6.123233995736766e-17,0.9562348265919056,0.29260033563334836,11.9625,0,18.0,56.1,68.4,58.91428571428571
2020-03-15,71.5,46.3,58.5,45.6,65.9,0,0.0,25.3,12.8,166.8,1019.7,25.0,4.7,225.4,8,0.0,3,75,2020,1.0,6.123233995736766e-17,0.9611297838723007,0.27609697309746883,11.990277777777777,0,25.200000000000003,57.9,76.8,59.442857142857136
2020-03-16,73.3,44.5,58.2,43.3,61.8,0,0.0,17.0,13.9,209.6,1019.4,25.0,5.1,246.6,9,0.0,3,76,2020,1.0,6.123233995736766e-17,0.9657399376548549,0.2595117970697999,12.018055555555556,0,28.799999999999997,58.5,65.9,59.5
2020-03-17,75.1,48.1,60.3,49.0,69.5,0,0.0,19.0,15.0,204.6,1019.7,25.0,4.5,263.3,9,0.0,3,77,2020,1.0,6.123233995736766e-17,0.970063921851507,0.2428497220959356,12.045555555555556,0,26.999999999999993,58.2,61.8,59.37142857142857
2020-03-18,73.3,49.9,60.6,48.5,67.5,0,0.0,19.9,16.1,215.5,1018.0,25.0,4.1,249.2,9,0.0,3,78,2020,1.0,6.123233995736766e-17,0.9741004551724205,0.22611568550828828,12.073055555555555,0,23.4,60.3,69.5,59.18571428571429
2020-03-19,73.3,48.1,60.4,48.0,66.8,100,4.17,15.9,16.1,205.2,1016.3,25.2,4.1,207.9,8,0.6096,3,79,2020,1.0,6.123233995736766e-17,0.9778483415056568,0.20931464596304847,12.100833333333334,1,25.199999999999996,60.6,67.5,58.857142857142854
2020-03-20,69.7,51.7,61.0,47.1,62.9,0,0.0,18.1,10.3,244.3,1017.0,25.0,3.9,236.6,8,10.3886,3,80,2020,1.0,6.123233995736766e-17,0.9813064702716093,0.19245158197082998,12.12861111111111,1,18.0,60.4,66.8,59.55714285714286
2020-03-21,71.5,49.9,58.1,46.7,67.7,0,0.0,17.0,16.1,153.9,1017.5,25.0,3.8,226.2,8,0.6096,3,81,2020,1.0,6.123233995736766e-17,0.9844738167520922,0.1755314904214282,12.15611111111111,1,21.6,61.0,62.9,59.58571428571429
2020-03-22,71.5,48.1,58.4,49.0,73.5,0,0.0,16.1,15.0,188.5,1018.2,25.8,3.9,182.0,6,0.0,3,82,2020,1.0,6.123233995736766e-17,0.9873494423939864,0.15855938510313478,12.18388888888889,0,23.4,58.1,67.7,59.57142857142857
2020-03-23,67.9,47.7,57.5,51.8,83.4,100,4.17,16.6,15.0,131.9,1017.7,27.4,4.3,229.7,8,13.5,3,83,2020,1.0,6.123233995736766e-17,0.989932495087353,0.141540295217043,12.211388888888889,1,20.200000000000003,58.4,73.5,59.47142857142857
2020-03-24,71.5,49.9,60.5,52.8,78.1,0,0.0,17.7,12.8,203.2,1016.8,24.4,4.6,229.5,8,0.0,3,84,2020,1.0,6.123233995736766e-17,0.9922222094179323,0.12447926388678915,12.238888888888889,0,21.6,57.5,83.4,59.5
2020-03-25,75.1,55.3,64.1,55.4,75.8,0,0.0,19.7,17.2,227.7,1015.5,25.3,4.2,223.5,8,0.0,3,85,2020,1.0,6.123233995736766e-17,0.994217906893952,0.10738134666416309,12.266666666666667,0,19.799999999999997,60.5,78.1,60.0
2020-03-26,78.7,55.3,66.9,56.8,72.2,0,0.0,19.7,11.4,196.8,1016.3,25.0,4.2,258.0,9,0.0,3,86,2020,1.0,6.123233995736766e-17,0.995918996147179,0.09025161003104117,12.294166666666667,0,23.400000000000006,64.1,75.8,60.92857142857143
2020-03-27,80.5,57.1,68.4,56.9,70.9,0,0.0,22.6,15.0,302.1,1018.1,27.9,4.1,256.9,9,0.0,3,87,2020,1.0,6.123233995736766e-17,0.9973249731081555,0.07309512989807777,12.321388888888889,0,23.4,66.9,72.2,61.98571428571429
2020-03-28,80.5,58.9,68.8,48.7,56.6,100,4.17,24.6,16.1,311.5,1015.9,29.7,5.1,289.7,10,3.3,3,88,2020,1.0,6.123233995736766e-17,0.9984354211555643,0.055916990100603484,12.349166666666667,1,21.6,68.4,70.9,63.51428571428572
2020-03-29,82.3,51.7,66.5,45.9,53.4,0,0.0,25.5,12.8,271.2,1013.9,24.0,4.9,293.2,10,0.0,3,89,2020,1.0,6.123233995736766e-17,0.9992500112396835,0.03872228089217446,12.376388888888888,0,30.599999999999994,68.8,56.6,64.67142857142858
2020-03-30,80.5,51.7,66.0,47.6,56.8,0,0.0,21.5,10.3,286.3,1015.2,25.0,5.3,302.3,10,0.0,3,90,2020,1.0,6.123233995736766e-17,0.9997685019798909,0.021516097436222254,12.404166666666667,0,28.799999999999997,66.5,53.4,65.88571428571429
2020-03-31,80.5,53.5,66.1,51.1,61.1,0,0.0,17.9,17.2,200.5,1016.3,25.0,4.9,254.0,9,25.4,3,91,2020,1.0,6.123233995736766e-17,0.9999907397361901,0.004303538296244289,12.43138888888889,1,27.0,66.0,56.8,66.68571428571428
2020-04-01,76.9,55.3,63.7,51.9,68.7,100,8.33,47.2,25.3,267.1,1016.2,25.0,4.6,249.4,9,0.8,4,92,2020,0.8660254037844387,-0.49999999999999983,0.9999166586547379,-0.01291029607500882,12.45861111111111,1,21.60000000000001,66.1,61.1,66.62857142857142
2020-04-02,78.7,51.7,64.7,44.9,56.8,100,4.17,25.7,12.8,299.3,1015.4,25.0,5.1,271.4,9,0.8,4,93,2020,0.8660254037844387,-0.49999999999999983,0.9995462806873573,-0.030120304846908114,12.485833333333334,1,27.0,63.7,68.7,66.31428571428572
2020-04-03,78.7,51.7,65.1,44.9,51.5,0,0.0,18.6,12.8,184.5,1015.9,25.0,5.0,280.7,9,0.0,4,94,2020,0.8660254037844387,-0.49999999999999983,0.9988797155850336,-0.04732138832243185,12.513055555555555,0,27.0,64.7,56.8,65.84285714285714
2020-04-04,76.9,51.7,64.9,45.9,52.9,0,0.0,19.0,15.0,207.5,1017.0,24.0,4.6,274.4,10,0.0,4,95,2020,0.8660254037844387,-0.49999999999999983,0.9979171608653922,-0.06450844944931623,12.54,0,25.200000000000003,65.1,51.5,65.28571428571429
2020-04-05,78.7,51.7,64.8,45.7,53.0,0,0.0,19.0,13.9,234.4,1018.2,25.0,4.1,267.9,9,0.0,4,96,2020,0.8660254037844387,-0.49999999999999983,0.9966589017541702,-0.08167639533042241,12.567222222222222,0,27.0,64.9,52.9,65.04285714285713
2020-04-06,78.7,53.5,65.8,47.2,54.0,0,0.0,17.7,15.0,184.9,1015.9,24.2,4.1,288.9,10,0.0,4,97,2020,0.8660254037844387,-0.49999999999999983,0.9951053111006976,-0.09882013873287143,12.59388888888889,0,25.200000000000003,64.8,53.0,65.0142857142857
2020-04-07,80.5,53.5,67.0,48.1,53.4,0,0.0,22.1,12.8,224.2,1014.4,25.0,4.0,294.5,10,0.0,4,98,2020,0.8660254037844387,-0.49999999999999983,0.9932568492674143,-0.11593459959550041,12.62111111111111,0,27.0,65.8,54.0,65.14285714285714
2020-04-08,80.5,57.1,67.2,49.7,56.1,0,0.0,19.2,21.9,196.9,1015.7,26.3,3.7,231.4,9,0.0,4,99,2020,0.8660254037844387,-0.49999999999999983,0.9911140639934547,-0.1330147065341959,12.647777777777778,0,23.4,67.0,53.4,65.64285714285714
2020-04-09,80.5,53.5,66.0,41.6,47.8,100,8.33,26.6,13.9,282.6,1016.7,24.6,4.3,257.3,9,0.0,4,100,2020,0.8660254037844387,-0.49999999999999983,0.9886775902323405,-0.1500553983446526,12.674444444444445,0,27.0,67.2,56.1,65.82857142857142
2020-04-10,80.5,51.7,66.9,43.8,46.2,0,0.0,17.4,13.9,203.9,1019.1,25.0,3.9,299.7,10,0.0,4,101,2020,0.8660254037844387,-0.49999999999999983,0.9859481499638304,-0.16705162550211924,12.70111111111111,0,28.799999999999997,66.0,47.8,66.08571428571429
2020-04-11,78.7,55.3,64.5,50.2,63.0,100,4.17,19.2,16.1,193.3,1019.9,24.9,2.9,247.6,10,1.0,4,102,2020,0.8660254037844387,-0.49999999999999983,0.9829265519799822,-0.18399835165768005,12.7275,1,23.400000000000006,66.9,46.2,66.02857142857142
2020-04-12,78.7,53.5,66.9,55.1,68.4,100,4.17,20.8,11.4,212.4,1018.1,25.0,3.2,297.4,10,0.3,4,103,2020,0.8660254037844387,-0.49999999999999983,0.9796136916454901,-0.20089055513063506,12.75388888888889,1,25.200000000000003,64.5,63.0,66.32857142857142
2020-04-13,80.5,62.5,70.4,59.1,69.4,0,0.0,18.6,15.0,215.3,1016.8,25.0,3.4,253.1,8,0.0,4,104,2020,0.8660254037844387,-0.49999999999999983,0.9760105506323683,-0.21772323039653177,12.780277777777778,0,18.0,66.9,68.4,66.9857142857143
2020-04-14,78.7,60.7,69.8,57.9,67.6,100,4.17,15.9,10.3,235.2,1019.2,25.0,4.2,244.6,9,2.0,4,105,2020,0.8660254037844387,-0.49999999999999983,0.9721181966290613,-0.23449138957040985,12.806666666666667,1,18.0,70.4,69.4,67.38571428571429
2020-04-15,80.5,58.9,69.4,55.8,64.5,100,4.17,18.6,15.0,227.7,1018.2,25.0,5.1,258.0,9,1.3,4,106,2020,0.8660254037844387,-0.49999999999999983,0.9679377830240642,-0.25119006388481935,12.8325,1,21.6,69.8,67.6,67.7
2020-04-16,78.7,60.7,68.5,58.7,72.5,0,0.0,21.3,8.1,84.8,1015.4,25.0,4.3,182.2,6,8.991599999999998,4,107,2020,0.8660254037844387,-0.49999999999999983,0.9634705485641488,-0.2678143051621742,12.858611111111111,1,18.0,69.4,64.5,68.05714285714285
2020-04-17,76.9,62.5,68.5,61.7,80.2,100,4.17,17.9,17.2,216.7,1014.5,25.0,3.6,197.3,7,2.0,4,108,2020,0.8660254037844387,-0.49999999999999983,0.9587178169872964,-0.2843591872810034,12.884166666666667,1,14.400000000000006,68.5,72.5,68.28571428571429
2020-04-18,78.7,58.9,67.5,57.0,72.2,100,4.17,22.1,15.0,281.2,1016.2,25.0,4.4,260.9,8,3.8,4,109,2020,0.8660254037844387,-0.49999999999999983,0.9536809966304457,-0.30081980763566735,12.91,1,19.800000000000004,68.5,80.2,68.71428571428571
2020-04-19,80.5,55.3,65.7,52.9,67.2,100,4.17,20.8,12.8,225.8,1016.3,25.1,4.9,266.5,9,0.0,4,110,2020,0.8660254037844387,-0.49999999999999983,0.9483615800121715,-0.3171912885891061,12.935277777777777,0,25.200000000000003,67.5,72.2,68.54285714285716
2020-04-20,78.7,55.3,65.6,52.7,65.5,100,4.17,19.9,11.4,177.6,1016.8,25.0,4.8,266.2,10,1.5,4,111,2020,0.8660254037844387,-0.49999999999999983,0.9427611433904207,-0.3334687789181868,12.960833333333333,1,23.400000000000006,65.7,67.2,67.85714285714286
2020-04-21,71.5,55.3,60.7,52.7,77.2,100,8.33,18.8,11.4,69.5,1017.4,25.0,4.7,177.2,9,17.0,4,112,2020,0.8660254037844387,-0.49999999999999983,0.9368813462954315,-0.3496474552512284,12.985833333333334,1,16.200000000000003,65.6,65.5,66.55714285714285
2020-04-22,67.9,53.5,60.2,53.1,79.5,100,4.17,20.4,9.2,160.0,1016.0,25.0,4.6,253.2,8,9.4,4,113,2020,0.8660254037844387,-0.49999999999999983,0.9307239310379795,-0.36572252349726897,13.010833333333334,1,14.400000000000006,60.7,77.2,65.24285714285715
2020-04-23,71.5,53.5,60.9,55.6,84.0,100,4.17,19.7,8.1,297.4,1015.5,24.7,4.1,205.4,7,4.1,4,114,2020,0.8660254037844387,-0.49999999999999983,0.9242907221930934,-0.3816892202666588,13.035833333333333,1,18.0,60.2,79.5,64.15714285714286
2020-04-24,71.5,55.3,61.4,55.8,83.4,100,4.17,22.1,20.8,140.5,1014.0,25.0,4.0,241.5,8,3.4036,4,115,2020,0.8660254037844387,-0.49999999999999983,0.9175836260593937,-0.39754281428255595,13.060277777777777,1,16.200000000000003,60.9,84.0,63.142857142857146
2020-04-25,82.7,58.9,63.2,58.7,86.4,100,8.33,17.4,11.4,152.8,1015.0,29.3,3.8,216.3,7,1.2954,4,116,2020,0.8660254037844387,-0.49999999999999983,0.9106046300942163,-0.4132786077829042,13.084722222222222,1,23.800000000000004,61.4,83.4,62.52857142857143
2020-04-26,69.7,57.1,63.4,59.4,87.3,0,0.0,18.1,9.2,155.1,1018.2,25.0,3.6,157.0,7,8.6106,4,117,2020,0.8660254037844387,-0.49999999999999983,0.9033558023246845,-0.4288919379124835,13.109166666666667,1,12.600000000000001,63.2,86.4,62.199999999999996
2020-04-27,71.5,58.2,63.4,58.7,85.3,100,4.17,17.4,9.2,126.6,1020.6,28.1,4.1,207.2,7,4.6,4,118,2020,0.8660254037844387,-0.49999999999999983,0.895839290734909,-0.4443781781046132,13.133333333333333,1,13.299999999999997,63.4,87.3,61.885714285714286
2020-04-28,74.0,56.9,63.8,57.1,80.3,100,4.17,16.1,15.0,233.5,1018.3,32.7,4.6,233.1,8,0.0,4,119,2020,0.8660254037844387,-0.49999999999999983,0.8880573226294932,-0.45973273945210397,13.157222222222222,0,17.1,63.4,85.3,62.32857142857143
2020-04-29,75.1,57.1,63.7,58.5,84.7,0,0.0,17.9,16.1,155.7,1017.2,25.0,4.7,240.9,8,3.8,4,120,2020,0.8660254037844387,-0.49999999999999983,0.8800122039735357,-0.47495107206704995,13.180555555555555,1,17.999999999999993,63.8,80.3,62.82857142857143
2020-04-30,75.1,57.1,65.4,60.0,84.2,100,4.17,15.0,10.3,219.1,1017.8,25.0,4.6,244.6,8,0.3,4,121,2020,0.8660254037844387,-0.49999999999999983,0.8717063187093218,-0.49002866642905923,13.203888888888889,1,17.999999999999993,63.7,84.7,63.471428571428575
2020-05-01,69.7,60.5,64.9,60.1,85.4,100,4.17,14.5,6.9,124.7,1016.4,27.3,4.7,150.5,6,4.3,5,122,2020,0.49999999999999994,-0.8660254037844387,0.8631421280499114,-0.5049610547215204,13.227222222222222,1,9.200000000000003,65.4,84.2,63.971428571428575
2020-05-02,75.1,60.7,67.4,60.6,80.0,100,4.17,21.0,9.2,217.6,1015.8,25.0,5.0,229.3,8,0.3,5,123,2020,0.49999999999999994,-0.8660254037844387,0.854322169749827,-0.5197438121555155,13.250277777777777,1,14.399999999999991,64.9,85.4,64.57142857142858
2020-05-03,76.9,62.5,68.4,60.8,78.1,100,4.17,17.0,11.4,268.2,1016.3,25.0,4.5,256.6,9,0.0,5,124,2020,0.49999999999999994,-0.8660254037844387,0.8452490573530633,-0.5343725582809787,13.273055555555555,0,14.400000000000006,67.4,80.0,65.28571428571429
2020-05-04,73.3,59.1,64.8,60.3,85.6,100,4.17,16.6,6.9,50.1,1017.7,27.7,4.8,164.6,7,8.1,5,125,2020,0.49999999999999994,-0.8660254037844387,0.835925479418637,-0.548842958284719,13.295555555555556,1,14.199999999999996,68.4,78.1,65.4857142857143
2020-05-05,76.9,58.9,64.4,58.9,84.5,0,0.0,17.0,13.9,118.4,1016.2,25.0,4.6,223.3,8,0.0,5,126,2020,0.49999999999999994,-0.8660254037844387,0.8263541987239096,-0.5631507242749186,13.3175,0,18.000000000000007,64.8,85.6,65.57142857142857
2020-05-06,76.9,57.1,65.1,57.6,78.7,100,4.17,17.7,9.2,248.5,1015.4,26.0,5.1,248.6,9,0.0,5,127,2020,0.49999999999999994,-0.8660254037844387,0.8165380514459161,-0.5772916165517272,13.339444444444444,0,19.800000000000004,64.4,84.5,65.77142857142857
2020-05-07,73.3,55.3,60.3,55.0,83.7,100,4.17,16.8,15.0,82.8,1016.5,25.0,5.1,263.6,8,9.7,5,128,2020,0.49999999999999994,-0.8660254037844387,0.8064799463209448,-0.5912614448635781,13.36111111111111,1,18.0,65.1,78.7,65.04285714285714
2020-05-08,75.1,51.7,64.6,54.3,72.1,100,4.17,16.6,12.8,222.6,1014.3,24.3,5.4,257.1,8,0.0,5,129,2020,0.49999999999999994,-0.8660254037844387,0.7961828637826158,-0.6050560696488488,13.3825,0,23.39999999999999,60.3,83.7,65.0
2020-05-09,78.7,58.9,68.8,59.4,74.0,0,0.0,15.0,9.2,260.3,1016.6,25.0,5.1,276.9,9,0.0,5,130,2020,0.49999999999999994,-0.8660254037844387,0.7856498550787145,-0.6186714032625031,13.403333333333334,0,19.800000000000004,64.6,72.1,65.2
2020-05-10,76.9,60.7,66.8,60.0,79.5,100,4.17,16.8,12.8,140.3,1017.8,25.0,4.5,217.0,8,0.3,5,131,2020,0.49999999999999994,-0.8660254037844387,0.7748840413670407,-0.6321034111873487,13.424166666666666,1,16.200000000000003,68.8,74.0,64.97142857142858
2020-05-11,75.1,58.9,65.1,57.1,76.5,100,4.17,16.1,8.1,17.4,1018.2,25.0,4.5,241.8,9,0.0,5,132,2020,0.49999999999999994,-0.8660254037844387,0.7638886127905428,-0.6453481132295501,13.444444444444445,0,16.199999999999996,66.8,79.5,65.0142857142857
2020-05-12,78.7,58.9,68.9,59.1,72.6,100,4.17,16.6,10.3,252.8,1016.3,31.0,4.5,232.0,8,0.0,5,133,2020,0.49999999999999994,-0.8660254037844387,0.7526668275320084,-0.6584015846980488,13.464722222222223,0,19.800000000000004,65.1,76.5,65.65714285714286
2020-05-13,82.3,62.5,71.6,59.3,67.6,0,0.0,19.2,11.4,284.2,1014.8,24.7,5.0,260.8,8,0.0,5,134,2020,0.49999999999999994,-0.8660254037844387,0.741222010848596,-0.6712599575675313,13.484166666666667,0,19.799999999999997,68.9,72.6,66.58571428571427
2020-05-14,84.5,66.1,74.0,61.6,67.0,0,0.0,23.0,15.0,247.1,1014.3,24.3,5.0,278.7,9,0.1016,5,135,2020,0.49999999999999994,-0.8660254037844387,0.7295575540864875,-0.6839194216246106,13.50361111111111,1,18.400000000000006,71.6,67.6,68.54285714285713
2020-05-15,80.5,67.9,72.9,64.9,77.2,100,4.17,20.6,9.2,284.9,1012.4,27.8,4.2,237.2,8,0.3,5,136,2020,0.49999999999999994,-0.8660254037844387,0.717676913675962,-0.6963762255968722,13.522777777777778,1,12.599999999999994,74.0,67.0,69.72857142857143
2020-05-16,84.1,66.1,74.2,63.6,71.5,0,0.0,19.2,13.9,233.0,1011.7,25.0,4.1,283.4,9,0.0,5,137,2020,0.49999999999999994,-0.8660254037844387,0.705583610107178,-0.7086266782644596,13.54138888888889,0,18.0,72.9,77.2,70.5
2020-05-17,85.9,64.3,74.6,61.3,65.5,0,0.0,17.0,15.0,206.3,1011.9,25.0,5.0,284.4,9,0.0,5,138,2020,0.49999999999999994,-0.8660254037844387,0.6932812268869777,-0.7206671495538609,13.559444444444445,0,21.60000000000001,74.2,71.5,71.61428571428571
2020-05-18,82.3,66.1,73.8,63.5,71.4,0,0.0,15.9,12.8,215.2,1010.6,25.0,4.5,227.4,8,0.0,5,139,2020,0.49999999999999994,-0.8660254037844387,0.6807734094770161,-0.7324940716135789,13.577222222222222,0,16.200000000000003,74.6,65.5,72.85714285714286
2020-05-19,82.3,66.1,73.3,59.1,63.9,100,4.17,18.1,10.3,161.2,1010.8,25.0,4.9,261.5,8,0.3,5,140,2020,0.49999999999999994,-0.8660254037844387,0.6680638642135335,-0.7441039398713607,13.594722222222222,1,16.200000000000003,73.8,71.4,73.48571428571428
2020-05-20,82.3,59.6,71.3,60.4,70.0,0,0.0,17.4,13.9,232.8,1009.1,28.1,4.6,170.7,6,0.0,5,141,2020,0.49999999999999994,-0.8660254037844387,0.6551563572090853,-0.7554933140726803,13.611944444444445,0,22.699999999999996,73.3,63.9,73.44285714285715
2020-05-21,84.1,66.1,73.2,65.5,78.8,100,4.17,17.4,12.8,272.5,1008.6,25.0,4.8,85.4,3,0.0,5,142,2020,0.49999999999999994,-0.8660254037844387,0.6420547132365637,-0.766658819300159,13.62861111111111,0,18.0,71.3,70.0,73.32857142857142
2020-05-22,82.3,69.7,74.9,67.5,78.4,0,0.0,17.7,9.2,258.5,1010.7,25.0,4.3,176.5,6,0.0,5,143,2020,0.49999999999999994,-0.8660254037844387,0.6287628145958344,-0.777597146973627,13.645,0,12.599999999999994,73.2,78.8,73.61428571428571
2020-05-23,91.5,69.7,74.9,68.4,81.1,100,4.17,12.5,12.8,227.3,1011.9,25.6,4.6,62.4,2,0.0,5,144,2020,0.49999999999999994,-0.8660254037844387,0.6152845999633276,-0.7883050558305255,13.660555555555556,0,21.799999999999997,74.9,78.4,73.71428571428571
2020-05-24,85.9,67.2,76.0,65.1,71.0,100,4.17,23.0,10.3,266.4,1011.3,28.1,4.8,164.8,6,0.0,5,145,2020,0.49999999999999994,-0.8660254037844387,0.6016240632249226,-0.7987793728863649,13.676111111111112,0,18.700000000000003,74.9,81.1,73.91428571428571
2020-05-25,87.7,66.1,74.3,63.1,71.9,100,4.17,21.0,13.9,326.7,1011.6,25.6,4.4,255.1,8,1.0,5,146,2020,0.49999999999999994,-0.8660254037844387,0.5877852522924732,-0.8090169943749473,13.690833333333334,1,21.60000000000001,76.0,71.0,73.98571428571428
2020-05-26,80.5,62.5,68.8,62.9,83.1,100,8.33,27.5,15.0,85.7,1012.2,25.0,4.0,261.3,8,28.7,5,147,2020,0.49999999999999994,-0.8660254037844387,0.5737722679043246,-0.8190148866680801,13.705555555555556,1,18.0,74.3,71.9,73.34285714285714
2020-05-27,80.5,60.7,66.9,62.3,86.5,100,8.33,30.6,15.0,88.0,1011.2,25.6,4.1,248.4,9,19.8,5,148,2020,0.49999999999999994,-0.8660254037844387,0.5595892624101765,-0.8287700871745037,13.719444444444445,1,19.799999999999997,68.8,83.1,72.71428571428571
2020-05-28,80.5,58.9,69.3,61.9,79.8,100,4.17,17.7,9.2,126.6,1012.2,28.0,5.2,229.6,8,0.0,5,149,2020,0.49999999999999994,-0.8660254037844387,0.545240438540651,-0.8382797052177743,13.732777777777779,0,21.6,66.9,86.5,72.15714285714286
2020-05-29,78.7,60.7,69.1,60.3,75.6,100,4.17,17.0,10.3,207.8,1014.3,28.0,5.2,251.8,9,13.0048,5,150,2020,0.49999999999999994,-0.8660254037844387,0.5307300481619334,-0.8475409228928311,13.745833333333334,1,18.0,69.3,79.8,71.32857142857144
2020-05-30,78.7,64.3,70.0,62.3,78.4,0,0.0,18.6,10.3,348.6,1015.3,25.0,4.8,242.2,9,10.9982,5,151,2020,0.49999999999999994,-0.8660254037844387,0.5160623910158528,-0.8565509959010036,13.758333333333333,1,14.400000000000006,69.1,75.6,70.62857142857142
2020-05-31,75.1,63.6,70.1,64.5,83.0,0,0.0,15.7,8.1,241.9,1016.0,27.4,4.7,126.3,4,0.0,5,152,2020,0.49999999999999994,-0.8660254037844387,0.5012418134457758,-0.865307254363206,13.770555555555555,0,11.499999999999993,70.0,78.4,69.78571428571429
2020-06-01,78.7,64.3,71.0,62.7,77.0,0,0.0,20.6,12.8,271.3,1015.3,25.0,4.9,277.6,9,0.0,6,153,2020,1.2246467991473532e-16,-1.0,0.48627270710869,-0.8738071036110808,13.781666666666666,0,14.400000000000006,70.1,83.0,69.31428571428572
2020-06-02,82.3,62.5,72.5,60.7,68.9,0,0.0,17.7,12.8,297.5,1013.5,25.0,5.3,250.9,8,24.9936,6,154,2020,1.2246467991473532e-16,-1.0,0.4711595076738638,-0.8820480249558537,13.792777777777777,1,19.799999999999997,71.0,77.0,69.84285714285714
2020-06-03,80.5,64.3,71.2,63.3,77.3,0,0.0,16.8,11.4,166.0,1013.0,25.0,5.0,215.5,8,0.0,6,155,2020,1.2246467991473532e-16,-1.0,0.4559066935084588,-0.8900275764346767,13.803333333333333,0,16.200000000000003,72.5,68.9,70.45714285714286
2020-06-04,76.9,66.1,69.3,64.3,85.1,100,8.33,14.1,6.9,221.5,1012.8,25.0,4.3,108.4,4,0.0,6,156,2020,1.2246467991473532e-16,-1.0,0.440518784350495,-0.8977433935342337,13.813333333333333,0,10.800000000000011,71.2,77.3,70.45714285714286
2020-06-05,71.5,64.3,66.3,64.6,94.2,100,4.17,17.0,9.2,82.0,1011.8,28.1,4.6,41.5,1,0.2032,6,157,2020,1.2246467991473532e-16,-1.0,0.42500033996955416,-0.9051931898913974,13.8225,1,7.200000000000003,69.3,85.1,70.05714285714285
2020-06-06,76.9,64.3,68.6,65.9,91.8,0,0.0,17.0,11.4,195.0,1010.7,25.0,4.7,61.0,3,0.0,6,158,2020,1.2246467991473532e-16,-1.0,0.4093559588156213,-0.9123747579707273,13.831388888888888,0,12.600000000000009,66.3,94.2,69.85714285714286
2020-06-07,80.5,67.9,73.2,67.6,83.7,0,0.0,14.1,10.3,251.2,1010.1,25.0,5.1,214.0,7,21.9964,6,159,2020,1.2246467991473532e-16,-1.0,0.39359027665646673,-0.9192859697186104,13.839722222222223,1,12.599999999999994,68.6,91.8,70.3
2020-06-08,82.3,64.3,73.2,67.1,82.5,0,0.0,17.0,10.3,267.6,1010.8,25.0,5.4,259.8,9,0.0,6,160,2020,1.2246467991473532e-16,-1.0,0.3777079652039649,-0.9259247771938498,13.847222222222221,0,18.0,73.2,83.7,70.61428571428571
2020-06-09,84.1,69.7,76.1,67.9,77.4,0,0.0,18.3,10.3,250.9,1011.5,25.0,5.0,255.8,8,0.0,6,161,2020,1.2246467991473532e-16,-1.0,0.36171373072976765,-0.9322892131745133,13.854444444444445,0,14.399999999999991,73.2,82.5,71.12857142857142
2020-06-10,82.3,69.7,75.0,68.2,80.5,0,0.0,14.8,6.9,103.4,1011.9,25.0,4.7,243.9,8,3.9878,6,162,2020,1.2246467991473532e-16,-1.0,0.3456123126707335,-0.9383773917408641,13.86111111111111,1,12.599999999999994,76.1,77.4,71.67142857142856
2020-06-11,84.1,69.7,76.4,68.4,78.0,100,4.17,15.9,10.3,250.7,1010.4,28.1,4.5,255.0,8,0.0,6,163,2020,1.2246467991473532e-16,-1.0,0.3294084822245304,-0.9441875088341993,13.867222222222223,0,14.399999999999991,75.0,80.5,72.68571428571428
2020-06-12,85.9,69.7,77.0,68.9,77.3,0,0.0,15.4,12.8,223.9,1009.3,25.0,4.7,221.4,7,0.0,6,164,2020,1.2246467991473532e-16,-1.0,0.3131070409358269,-0.9497178427914316,13.8725,0,16.200000000000003,76.4,78.0,74.21428571428571
2020-06-13,82.3,71.5,75.4,70.6,85.6,0,0.0,14.8,10.3,212.1,1009.8,25.0,4.6,214.6,7,0.0,6,165,2020,1.2246467991473532e-16,-1.0,0.29671281927349075,-0.9549667548552551,13.877222222222223,0,10.799999999999997,77.0,77.3,75.18571428571428
2020-06-14,82.3,69.7,75.5,70.0,83.7,100,4.17,20.4,8.1,220.4,1010.7,28.1,5.5,99.5,4,0.2032,6,166,2020,1.2246467991473532e-16,-1.0,0.28023067519921585,-0.9599326896597447,13.881388888888889,1,12.599999999999994,75.4,85.6,75.51428571428572
2020-06-15,82.3,71.5,73.5,70.8,91.5,0,0.0,19.0,10.3,193.3,1009.6,25.0,4.8,112.5,5,10.0076,6,167,2020,1.2246467991473532e-16,-1.0,0.26366549272800704,-0.9646141756912435,13.885277777777778,1,10.799999999999997,75.5,83.7,75.55714285714285
2020-06-16,78.7,69.7,73.1,70.0,90.8,100,4.17,20.1,9.2,119.9,1007.8,28.1,4.9,42.8,1,0.0,6,168,2020,1.2246467991473532e-16,-1.0,0.24702218048093552,-0.9690098257244062,13.888333333333334,0,9.0,73.5,91.5,75.12857142857142
2020-06-17,82.3,69.7,74.7,70.4,87.4,100,4.17,17.9,12.8,206.8,1006.8,28.1,4.7,217.2,8,0.0,6,169,2020,1.2246467991473532e-16,-1.0,0.23030567023061221,-0.9731183372332619,13.890833333333333,0,12.599999999999994,73.1,90.8,75.08571428571429
2020-06-18,82.3,69.7,73.8,71.4,92.7,0,0.0,12.1,8.1,196.2,1007.5,25.0,4.6,84.2,3,15.011399999999998,6,170,2020,1.2246467991473532e-16,-1.0,0.21352091543979612,-0.9769384927771817,13.892777777777777,1,12.599999999999994,74.7,87.4,74.71428571428571
2020-06-19,78.7,69.7,73.1,71.1,93.7,0,0.0,21.0,6.9,211.0,1009.5,25.0,4.2,91.7,7,0.9906,6,171,2020,1.2246467991473532e-16,-1.0,0.19667288979357647,-0.980469160361632,13.893888888888888,1,9.0,73.8,92.7,74.15714285714286
2020-06-20,76.9,69.7,72.8,70.3,92.2,0,0.0,23.5,6.9,191.2,1010.6,25.0,4.2,89.6,4,0.889,6,172,2020,1.2246467991473532e-16,-1.0,0.1797665857255624,-0.9837092937736097,13.894722222222223,1,7.200000000000003,73.1,93.7,73.78571428571429
2020-06-21,80.5,69.7,72.6,69.8,91.4,0,0.0,15.2,5.8,188.7,1009.7,25.0,4.1,174.0,7,0.0,6,173,2020,1.2246467991473532e-16,-1.0,0.16280701293851715,-0.986657932891657,13.894722222222223,0,10.799999999999997,72.8,92.2,73.37142857142858
2020-06-22,76.9,67.7,72.3,70.8,95.2,100,8.33,14.8,11.4,232.9,1009.8,31.0,3.8,94.8,4,20.193,6,174,2020,1.2246467991473532e-16,-1.0,0.1457991969198751,-0.9893142039703663,13.894444444444444,1,9.200000000000003,72.6,91.4,73.2
2020-06-23,78.7,69.7,74.6,70.6,87.9,0,0.0,20.4,9.2,179.3,1012.8,25.0,4.8,111.8,7,13.8176,6,175,2020,1.2246467991473532e-16,-1.0,0.12874817745258132,-0.99167731989929,13.893055555555556,1,9.0,72.3,95.2,73.41428571428571
2020-06-24,85.9,68.4,75.1,70.4,86.4,100,4.17,15.2,8.1,155.3,1012.8,28.0,4.5,185.1,7,0.7111999999999999,6,176,2020,1.2246467991473532e-16,-1.0,0.11165900712169512,-0.993746580436178,13.891388888888889,1,17.5,74.6,87.9,73.47142857142856
2020-06-25,78.7,71.5,73.3,71.4,93.8,0,0.0,17.4,5.8,214.6,1010.5,52.1,4.4,100.0,5,0.0,6,177,2020,1.2246467991473532e-16,-1.0,0.09453674981719912,-0.9955213724144752,13.889166666666666,0,7.200000000000003,75.1,86.4,73.39999999999999
2020-06-26,80.5,67.9,73.4,69.9,89.6,100,8.33,17.0,8.1,230.7,1008.0,30.7,4.9,72.0,3,0.0,6,178,2020,1.2246467991473532e-16,-1.0,0.07738647923346301,-0.9970011699250151,13.886111111111111,0,12.599999999999994,73.3,93.8,73.44285714285715
2020-06-27,82.3,69.7,75.3,70.2,85.0,0,0.0,16.8,15.0,223.6,1007.7,25.0,5.0,160.3,7,5.0038,6,179,2020,1.2246467991473532e-16,-1.0,0.06021327736579302,-0.9981855344718586,13.882777777777777,1,12.599999999999994,73.4,89.6,73.79999999999998
2020-06-28,76.9,69.7,72.9,70.6,92.9,0,0.0,14.3,10.3,107.8,1009.1,25.0,4.2,105.6,5,5.0038,6,180,2020,1.2246467991473532e-16,-1.0,0.04302223300453059,-0.99907411510223,13.87888888888889,1,7.200000000000003,75.3,85.0,73.84285714285714
2020-06-29,78.7,69.7,73.2,69.9,89.9,100,4.17,16.8,8.1,197.3,1010.8,28.1,4.5,64.4,2,5.9944,6,181,2020,1.2246467991473532e-16,-1.0,0.02581844022713308,-0.9996666485105112,13.873888888888889,1,9.0,72.9,92.9,73.97142857142856
2020-06-30,84.1,69.9,74.4,69.9,86.6,100,4.17,17.7,13.9,193.2,1011.2,41.8,4.6,173.7,6,0.0,6,182,2020,1.2246467991473532e-16,-1.0,0.008606996888688698,-0.9999629591162655,13.868611111111111,0,14.199999999999989,73.2,89.9,73.94285714285715
2020-07-01,84.1,69.7,76.5,70.4,82.5,0,0.0,18.1,6.9,249.2,1009.8,25.0,4.3,206.4,8,0.0,7,183,2020,-0.4999999999999998,-0.8660254037844388,-0.008606996888688009,-0.9999629591162655,13.863055555555556,0,14.399999999999991,74.4,86.6,74.14285714285714
2020-07-02,85.9,71.5,76.8,70.0,80.4,100,4.17,15.0,13.9,221.8,1007.9,28.1,4.2,169.6,6,28.9814,7,184,2020,-0.4999999999999998,-0.8660254037844388,-0.02581844022713239,-0.9996666485105112,13.856388888888889,1,14.400000000000006,76.5,82.5,74.64285714285714
2020-07-03,84.1,71.5,75.3,69.9,84.0,0,0.0,13.0,10.3,176.7,1009.5,25.0,4.2,139.3,6,0.508,7,185,2020,-0.4999999999999998,-0.8660254037844388,-0.04302223300453034,-0.99907411510223,13.849722222222223,1,12.599999999999994,76.8,80.4,74.91428571428571
2020-07-04,78.7,67.9,72.0,69.9,93.6,0,0.0,15.7,8.1,153.2,1009.7,25.0,3.9,76.3,3,3.6067999999999993,7,186,2020,-0.4999999999999998,-0.8660254037844388,-0.060213277365792774,-0.9981855344718586,13.842222222222222,1,10.799999999999997,75.3,84.0,74.44285714285715
2020-07-05,84.1,69.7,75.3,70.1,84.6,0,0.0,17.0,9.2,204.8,1008.4,25.0,4.7,205.1,8,0.2032,7,187,2020,-0.4999999999999998,-0.8660254037844388,-0.07738647923346322,-0.9970011699250151,13.83388888888889,1,14.399999999999991,72.0,93.6,74.78571428571429
2020-07-06,80.5,69.7,73.8,71.4,92.7,0,0.0,17.0,13.9,214.5,1008.1,25.0,4.6,132.1,6,2.4892,7,188,2020,-0.4999999999999998,-0.8660254037844388,-0.09453674981719933,-0.9955213724144752,13.825277777777778,1,10.799999999999997,75.3,84.6,74.87142857142858
2020-07-07,82.3,70.4,75.5,71.5,88.1,100,8.33,22.6,8.1,222.6,1011.5,31.3,4.8,119.9,5,75.00619999999999,7,189,2020,-0.4999999999999998,-0.8660254037844388,-0.11165900712169444,-0.9937465804361781,13.81611111111111,1,11.899999999999991,73.8,92.7,75.02857142857144
2020-07-08,84.1,71.5,77.0,71.6,84.6,100,4.17,12.3,7.38,220.5,1011.3,25.0,4.9,118.6,5,2.2097999999999995,7,190,2020,-0.4999999999999998,-0.8660254037844388,-0.12874817745258066,-0.99167731989929,13.806666666666667,1,12.599999999999994,75.5,88.1,75.10000000000001
2020-07-09,78.7,71.5,74.1,72.3,94.4,0,0.0,16.8,8.1,55.0,1008.1,25.0,4.1,99.6,4,3.4036,7,191,2020,-0.4999999999999998,-0.8660254037844388,-0.14579919691987442,-0.9893142039703664,13.796388888888888,1,7.200000000000003,77.0,84.6,74.71428571428571
2020-07-10,80.5,69.7,73.1,71.5,95.2,0,0.0,15.2,8.1,218.1,1006.8,25.0,4.2,85.2,6,22.8092,7,192,2020,-0.4999999999999998,-0.8660254037844388,-0.16280701293851646,-0.9866579328916572,13.785555555555556,1,10.799999999999997,74.1,94.4,74.39999999999999
2020-07-11,78.7,69.7,73.8,71.1,91.4,0,0.0,18.1,8.1,197.4,1006.1,25.0,4.3,64.4,3,5.0038,7,193,2020,-0.4999999999999998,-0.8660254037844388,-0.17976658572556214,-0.9837092937736098,13.774444444444445,1,9.0,73.1,95.2,74.65714285714284
2020-07-12,78.7,69.7,73.1,70.8,92.6,0,0.0,16.6,10.3,202.8,1007.2,25.0,4.0,68.9,3,115.189,7,194,2020,-0.4999999999999998,-0.8660254037844388,-0.19667288979357622,-0.9804691603616321,13.7625,1,9.0,73.8,91.4,74.34285714285714
2020-07-13,82.3,69.7,73.5,70.0,90.0,100,4.17,12.3,8.1,194.3,1007.9,28.1,4.0,74.3,3,40.5892,7,195,2020,-0.4999999999999998,-0.8660254037844388,-0.2135209154397959,-0.9769384927771817,13.75,1,12.599999999999994,73.1,92.6,74.3
2020-07-14,82.3,69.7,74.0,70.7,90.1,100,4.17,16.6,6.9,203.6,1010.5,25.0,4.6,127.0,7,2.4892,7,196,2020,-0.4999999999999998,-0.8660254037844388,-0.23030567023061196,-0.973118337233262,13.7375,1,12.599999999999994,73.5,90.0,74.08571428571429
2020-07-15,84.1,69.7,75.8,70.7,84.9,0,0.0,14.8,13.9,209.4,1010.6,25.0,4.5,194.5,7,27.813,7,197,2020,-0.4999999999999998,-0.8660254037844388,-0.24702218048093527,-0.9690098257244063,13.724166666666667,1,14.399999999999991,74.0,90.1,73.91428571428571
2020-07-16,85.9,69.7,75.9,71.1,86.1,0,0.0,16.6,12.8,209.8,1010.2,25.0,4.8,190.3,7,6.7056,7,198,2020,-0.4999999999999998,-0.8660254037844388,-0.2636654927280072,-0.9646141756912435,13.710555555555555,1,16.200000000000003,75.8,84.9,74.17142857142856
2020-07-17,82.3,69.5,75.5,70.2,84.3,100,4.17,13.4,10.3,187.5,1010.8,28.1,4.7,105.3,4,0.0,7,199,2020,-0.4999999999999998,-0.8660254037844388,-0.2802306751992161,-0.9599326896597445,13.696388888888889,0,12.799999999999997,75.9,86.1,74.51428571428572
2020-07-18,76.9,69.7,71.8,70.5,96.0,0,0.0,11.2,8.1,4.8,1012.0,25.0,3.8,83.7,4,52.9844,7,200,2020,-0.4999999999999998,-0.8660254037844388,-0.2967128192734901,-0.9549667548552553,13.681666666666667,1,7.200000000000003,75.5,84.3,74.22857142857143
2020-07-19,73.3,67.9,70.7,70.2,98.3,0,0.0,19.2,5.8,92.9,1009.5,25.0,3.5,55.0,2,41.0972,7,201,2020,-0.4999999999999998,-0.8660254037844388,-0.3131070409358267,-0.9497178427914317,13.666666666666666,1,5.3999999999999915,71.8,96.0,73.88571428571427
2020-07-20,73.3,67.9,69.8,69.6,99.5,0,0.0,19.5,8.1,95.4,1008.2,25.0,3.5,46.6,2,5.8928,7,202,2020,-0.4999999999999998,-0.8660254037844388,-0.3294084822245302,-0.9441875088341994,13.651111111111112,1,5.3999999999999915,70.7,98.3,73.35714285714286
2020-07-21,76.9,67.9,70.6,68.7,94.3,100,4.17,18.8,8.1,144.9,1010.0,28.1,4.0,76.9,4,8.001,7,203,2020,-0.4999999999999998,-0.8660254037844388,-0.3456123126707333,-0.9383773917408642,13.635277777777778,1,9.0,69.8,99.5,72.87142857142857
2020-07-22,80.5,66.3,73.2,69.4,88.6,100,8.33,14.1,9.2,199.0,1009.3,34.1,4.8,165.0,5,0.508,7,204,2020,-0.4999999999999998,-0.8660254037844388,-0.3617137307297674,-0.9322892131745134,13.61888888888889,1,14.200000000000003,70.6,94.3,72.5
2020-07-23,78.7,69.7,71.7,70.7,96.7,0,0.0,18.1,12.8,186.4,1011.2,25.0,4.1,115.9,4,17.2974,7,205,2020,-0.4999999999999998,-0.8660254037844388,-0.37770796520396466,-0.9259247771938499,13.601944444444445,1,9.0,73.2,88.6,71.89999999999999
2020-07-24,78.7,68.3,72.6,70.3,92.9,100,4.17,23.3,10.3,215.2,1014.3,28.1,4.1,146.2,7,12.5984,7,206,2020,-0.4999999999999998,-0.8660254037844388,-0.39359027665646645,-0.9192859697186105,13.584722222222222,1,10.400000000000006,71.7,96.7,71.48571428571428
2020-07-25,80.5,69.5,73.9,70.5,89.9,100,4.17,13.2,10.3,225.2,1015.4,28.1,4.4,158.7,6,0.7111999999999999,7,207,2020,-0.4999999999999998,-0.8660254037844388,-0.4093559588156211,-0.9123747579707274,13.567222222222222,1,11.0,72.6,92.9,71.78571428571429
2020-07-26,82.3,71.5,75.9,71.4,86.5,0,0.0,17.2,8.1,255.3,1014.3,25.0,4.5,187.8,7,10.3124,7,208,2020,-0.4999999999999998,-0.8660254037844388,-0.42500033996955394,-0.9051931898913975,13.549166666666666,1,10.799999999999997,73.9,89.9,72.52857142857142
2020-07-27,80.5,71.5,75.9,71.1,85.9,100,8.33,19.0,12.8,263.3,1011.5,25.0,4.8,120.1,7,3.7084,7,209,2020,-0.4999999999999998,-0.8660254037844388,-0.4405187843504952,-0.8977433935342336,13.53111111111111,1,9.0,75.9,86.5,73.39999999999999
2020-07-28,80.5,70.6,73.5,70.5,90.3,100,8.33,16.1,11.4,146.1,1011.1,31.3,4.3,31.8,1,8.001,7,210,2020,-0.4999999999999998,-0.8660254037844388,-0.455906693508459,-0.8900275764346766,13.5125,1,9.900000000000006,75.9,85.9,73.81428571428572
2020-07-29,78.7,69.7,73.4,70.2,90.2,100,4.17,13.2,10.3,197.3,1012.3,27.9,4.6,122.4,4,0.9144,7,211,2020,-0.4999999999999998,-0.8660254037844388,-0.47115950767386394,-0.8820480249558535,13.493333333333334,1,9.0,73.5,90.3,73.84285714285716
2020-07-30,78.7,69.7,73.8,70.2,88.8,0,0.0,15.9,10.3,207.2,1012.6,25.0,4.6,147.9,5,1.016,7,212,2020,-0.4999999999999998,-0.8660254037844388,-0.4862727071086902,-0.8738071036110807,13.473888888888888,1,9.0,73.4,90.2,74.14285714285714
2020-07-31,80.5,67.9,74.4,70.3,87.7,0,0.0,15.0,9.2,240.2,1011.3,28.1,4.3,148.6,5,0.1016,7,213,2020,-0.4999999999999998,-0.8660254037844388,-0.5012418134457756,-0.8653072543632061,13.454166666666667,1,12.599999999999994,73.8,88.8,74.4
2020-08-01,82.3,67.7,74.6,70.7,88.5,100,8.33,15.2,9.2,262.3,1010.6,31.3,4.3,81.9,4,0.3048,8,214,2020,-0.8660254037844384,-0.5000000000000004,-0.5160623910158526,-0.8565509959010037,13.434166666666666,1,14.599999999999994,74.4,87.7,74.5
2020-08-02,87.7,69.7,77.4,71.5,83.7,0,0.0,14.3,12.8,230.5,1008.1,25.0,5.2,158.1,6,3.2004,8,215,2020,-0.8660254037844384,-0.5000000000000004,-0.5307300481619331,-0.8475409228928312,13.41388888888889,1,18.0,74.6,88.5,74.71428571428571
2020-08-03,85.9,70.2,76.2,72.0,87.7,100,4.17,11.6,9.2,235.4,1005.3,28.1,4.5,161.2,5,3.9878,8,216,2020,-0.8660254037844384,-0.5000000000000004,-0.5452404385406507,-0.8382797052177745,13.393055555555556,1,15.700000000000003,77.4,83.7,74.75714285714287
2020-08-04,91.3,69.7,78.7,70.8,78.7,0,0.0,17.2,13.9,166.7,1003.8,25.0,5.0,232.3,8,0.4064,8,217,2020,-0.8660254037844384,-0.5000000000000004,-0.5595892624101763,-0.828770087174504,13.372222222222222,1,21.599999999999994,76.2,87.7,75.5
2020-08-05,85.9,71.5,75.9,71.7,87.9,0,0.0,16.3,9.2,235.7,1006.2,25.0,4.7,223.2,8,10.0076,8,218,2020,-0.8660254037844384,-0.5000000000000004,-0.5737722679043243,-0.8190148866680802,13.350833333333334,1,14.400000000000006,78.7,78.7,75.85714285714286
2020-08-06,85.9,71.5,77.1,71.7,84.8,100,4.17,23.9,13.9,184.6,1010.5,30.4,5.7,140.5,5,11.9888,8,219,2020,-0.8660254037844384,-0.5000000000000004,-0.5877852522924734,-0.8090169943749472,13.329444444444444,1,14.400000000000006,75.9,87.9,76.32857142857142
2020-08-07,85.9,71.0,77.4,72.4,85.6,100,4.17,11.6,9.2,199.0,1010.8,27.7,5.0,158.5,5,24.003,8,220,2020,-0.8660254037844384,-0.5000000000000004,-0.6016240632249227,-0.7987793728863648,13.307777777777778,1,14.900000000000006,77.1,84.8,76.75714285714287
2020-08-08,80.5,71.5,75.1,72.2,91.2,0,0.0,15.4,9.2,188.0,1008.9,25.0,4.2,157.6,6,2.9972,8,221,2020,-0.8660254037844384,-0.5000000000000004,-0.6152845999633277,-0.7883050558305253,13.285833333333333,1,9.0,77.4,85.6,76.82857142857142
2020-08-09,82.3,71.5,74.4,72.2,93.4,0,0.0,15.0,13.9,129.6,1009.4,25.0,4.0,125.0,5,0.508,8,222,2020,-0.8660254037844384,-0.5000000000000004,-0.6287628145958345,-0.7775971469736268,13.263333333333334,1,10.799999999999997,75.1,91.2,76.4
2020-08-10,80.5,69.7,74.4,71.3,90.6,0,0.0,15.0,6.9,199.8,1010.1,25.0,4.6,117.4,6,1.4986,8,223,2020,-0.8660254037844384,-0.5000000000000004,-0.6420547132365636,-0.7666588193001592,13.240833333333333,1,10.799999999999997,74.4,93.4,76.14285714285714
2020-08-11,84.1,69.7,73.9,71.4,92.6,0,0.0,13.9,11.4,186.3,1008.9,25.0,3.9,134.2,6,19.9898,8,224,2020,-0.8660254037844384,-0.5000000000000004,-0.655156357209085,-0.7554933140726804,13.218055555555555,1,14.399999999999991,74.4,90.6,75.45714285714287
2020-08-12,80.5,69.7,74.6,70.8,88.3,0,0.0,18.1,9.2,152.6,1008.8,25.0,4.7,78.1,3,0.508,8,225,2020,-0.8660254037844384,-0.5000000000000004,-0.6680638642135333,-0.7441039398713608,13.195,1,10.799999999999997,73.9,92.6,75.27142857142857
2020-08-13,84.1,69.7,75.9,71.5,87.1,100,8.33,17.2,11.4,202.0,1008.5,25.0,4.3,86.2,4,16.509999999999998,8,226,2020,-0.8660254037844384,-0.5000000000000004,-0.6807734094770159,-0.7324940716135792,13.171666666666667,1,14.399999999999991,74.6,88.3,75.10000000000001
2020-08-14,84.1,69.7,75.6,71.8,89.1,0,0.0,15.0,11.4,199.4,1007.8,25.0,4.9,156.4,6,0.7874,8,227,2020,-0.8660254037844384,-0.5000000000000004,-0.6932812268869771,-0.7206671495538615,13.148333333333333,1,14.399999999999991,75.9,87.1,74.84285714285714
2020-08-15,80.5,69.7,73.8,70.5,90.0,0,0.0,15.7,8.1,188.2,1007.9,25.0,4.8,134.4,8,0.6096,8,228,2020,-0.8660254037844384,-0.5000000000000004,-0.7055836101071774,-0.7086266782644601,13.125,1,10.799999999999997,75.6,89.1,74.65714285714286
2020-08-16,82.3,69.7,75.4,70.5,85.6,0,0.0,13.2,10.3,255.5,1008.0,25.0,4.9,176.6,6,28.0162,8,229,2020,-0.8660254037844384,-0.5000000000000004,-0.7176769136759615,-0.6963762255968726,13.100833333333334,1,12.599999999999994,73.8,90.0,74.8
2020-08-17,84.1,71.5,76.2,72.2,88.2,0,0.0,13.4,9.2,227.8,1008.0,25.0,4.6,167.9,6,14.1986,8,230,2020,-0.8660254037844384,-0.5000000000000004,-0.7295575540864876,-0.6839194216246105,13.076944444444445,1,12.599999999999994,75.4,85.6,75.05714285714285
2020-08-18,76.9,69.7,72.6,71.9,97.8,0,0.0,15.4,6.9,105.0,1008.9,25.0,3.5,196.8,7,8.001,8,231,2020,-0.8660254037844384,-0.5000000000000004,-0.7412220108485957,-0.6712599575675315,13.0525,1,7.200000000000003,76.2,88.2,74.87142857142858
2020-08-19,82.3,69.7,74.0,71.1,91.4,0,0.0,14.3,11.4,218.9,1009.2,25.0,4.1,197.8,7,1.397,8,232,2020,-0.8660254037844384,-0.5000000000000004,-0.7526668275320083,-0.6584015846980489,13.028055555555556,1,12.599999999999994,72.6,97.8,74.78571428571429
2020-08-20,85.9,69.7,73.8,70.6,90.6,100,4.17,16.1,16.1,214.9,1010.8,25.0,4.7,214.8,7,3.2004,8,233,2020,-0.8660254037844384,-0.5000000000000004,-0.7638886127905429,-0.64534811322955,13.00361111111111,1,16.200000000000003,74.0,91.4,74.48571428571428
2020-08-21,84.1,67.9,74.9,69.7,84.9,0,0.0,24.6,10.3,204.3,1013.1,25.0,5.4,183.9,6,1.1938,8,234,2020,-0.8660254037844384,-0.5000000000000004,-0.7748840413670406,-0.6321034111873488,12.979166666666666,1,16.19999999999999,73.8,90.6,74.38571428571429
2020-08-22,80.5,67.9,73.2,69.1,87.5,100,4.17,21.0,11.4,197.8,1013.0,28.1,4.8,148.3,7,4.8006,8,235,2020,-0.8660254037844384,-0.5000000000000004,-0.7856498550787144,-0.6186714032625032,12.953888888888889,1,12.599999999999994,74.9,84.9,74.3
2020-08-23,84.1,69.7,75.0,69.3,83.4,0,0.0,13.6,10.3,199.0,1012.0,25.0,5.0,149.7,6,0.0,8,236,2020,-0.8660254037844384,-0.5000000000000004,-0.7961828637826154,-0.6050560696488494,12.929166666666667,0,14.399999999999991,73.2,87.5,74.24285714285715
2020-08-24,82.3,69.7,75.2,70.8,87.3,0,0.0,13.9,9.2,224.6,1011.8,25.0,5.0,140.8,5,24.9936,8,237,2020,-0.8660254037844384,-0.5000000000000004,-0.8064799463209447,-0.5912614448635782,12.903888888888888,1,12.599999999999994,75.0,83.4,74.10000000000001
2020-08-25,84.1,69.7,75.2,71.9,90.7,100,4.17,13.6,9.2,176.0,1012.6,26.9,4.6,171.4,7,8.991599999999998,8,238,2020,-0.8660254037844384,-0.5000000000000004,-0.8165380514459157,-0.5772916165517278,12.87861111111111,1,14.399999999999991,75.2,87.3,74.47142857142856
2020-08-26,82.3,71.5,74.9,72.0,91.2,100,8.33,14.5,11.4,213.3,1013.0,31.3,4.2,161.2,6,4.3942,8,239,2020,-0.8660254037844384,-0.5000000000000004,-0.8263541987239095,-0.5631507242749187,12.853055555555555,1,10.799999999999997,75.2,90.7,74.60000000000001
2020-08-27,80.5,69.7,73.7,71.2,92.6,0,0.0,13.4,10.3,245.5,1012.6,25.0,4.1,207.8,7,4.2926,8,240,2020,-0.8660254037844384,-0.5000000000000004,-0.8359254794186365,-0.5488429582847199,12.8275,1,10.799999999999997,74.9,91.2,74.58571428571429
2020-08-28,82.3,68.8,74.7,70.0,86.3,0,0.0,18.8,12.8,204.3,1010.9,28.1,5.1,184.7,6,0.0,8,241,2020,-0.8660254037844384,-0.5000000000000004,-0.8452490573530634,-0.5343725582809785,12.801666666666666,0,13.5,73.7,92.6,74.55714285714285
2020-08-29,82.3,67.9,74.7,69.1,83.6,0,0.0,21.3,10.3,185.3,1011.9,31.5,5.0,185.7,8,2.6924,8,242,2020,-0.8660254037844384,-0.5000000000000004,-0.8543221697498269,-0.5197438121555157,12.776111111111112,1,14.399999999999991,74.7,86.3,74.77142857142859
2020-08-30,80.7,69.7,75.0,70.0,85.0,0,0.0,15.2,10.3,260.6,1012.5,49.8,5.1,190.7,6,0.6096,8,243,2020,-0.8660254037844384,-0.5000000000000004,-0.8631421280499115,-0.5049610547215202,12.75,1,11.0,74.7,83.6,74.77142857142859
2020-08-31,84.3,69.2,76.8,70.0,80.8,100,4.17,18.1,11.4,276.2,1012.1,42.3,5.0,195.1,8,36.8046,8,244,2020,-0.8660254037844384,-0.5000000000000004,-0.8717063187093218,-0.4900286664290594,12.723888888888888,1,15.099999999999994,75.0,85.0,75.0
2020-09-01,84.1,71.5,75.3,72.3,91.5,0,0.0,12.3,12.8,179.9,1014.0,25.0,4.5,127.4,5,18.1102,9,245,2020,-1.0,-1.8369701987210297e-16,-0.8800122039735356,-0.4749510720670502,12.697777777777778,1,12.599999999999994,76.8,80.8,75.01428571428572
2020-09-02,84.1,71.5,75.6,71.6,88.3,0,0.0,17.0,12.8,199.9,1016.8,25.0,4.6,169.6,7,12.0904,9,246,2020,-1.0,-1.8369701987210297e-16,-0.888057322629493,-0.4597327394521046,12.671666666666667,1,12.599999999999994,75.3,91.5,75.11428571428571
2020-09-03,82.3,69.7,75.1,70.4,85.9,0,0.0,14.8,11.4,244.5,1017.7,25.0,4.9,148.4,6,0.0,9,247,2020,-1.0,-1.8369701987210297e-16,-0.8958392907349089,-0.44437817810461344,12.645277777777778,0,12.599999999999994,75.6,88.3,75.3142857142857
2020-09-04,84.1,71.0,76.1,70.2,82.7,0,0.0,15.4,9.2,253.4,1015.7,28.1,4.9,192.5,7,1.016,9,248,2020,-1.0,-1.8369701987210297e-16,-0.9033558023246842,-0.4288919379124841,12.61888888888889,1,13.099999999999994,75.1,85.9,75.5142857142857
2020-09-05,84.1,69.7,75.7,69.6,82.5,0,0.0,17.9,10.3,273.4,1013.5,25.0,5.1,217.5,8,43.9928,9,249,2020,-1.0,-1.8369701987210297e-16,-0.9106046300942162,-0.41327860778290443,12.5925,1,14.399999999999991,76.1,82.7,75.65714285714286
2020-09-06,82.3,69.7,75.7,70.0,83.2,0,0.0,16.8,10.3,247.3,1012.3,41.3,4.5,201.0,7,21.9964,9,250,2020,-1.0,-1.8369701987210297e-16,-0.9175836260593934,-0.3975428142825566,12.565833333333334,1,12.599999999999994,75.7,82.5,75.75714285714285
2020-09-07,82.3,68.4,75.4,70.1,84.2,100,4.17,15.7,9.2,241.7,1012.5,41.7,4.1,138.5,6,8.001,9,251,2020,-1.0,-1.8369701987210297e-16,-0.9242907221930934,-0.3816892202666586,12.539166666666667,1,13.899999999999991,75.7,83.2,75.55714285714285
2020-09-08,78.7,69.7,73.7,70.8,90.9,0,0.0,15.0,8.1,213.5,1013.8,25.0,4.2,95.6,4,3.5052000000000003,9,252,2020,-1.0,-1.8369701987210297e-16,-0.9307239310379793,-0.3657225234972692,12.5125,1,9.0,75.4,84.2,75.32857142857144
2020-09-09,80.5,69.7,73.2,69.9,89.8,0,0.0,17.4,8.1,208.2,1013.3,25.0,4.5,129.5,5,7.010400000000001,9,253,2020,-1.0,-1.8369701987210297e-16,-0.9368813462954315,-0.34964745525122826,12.485833333333334,1,10.799999999999997,73.7,90.9,74.98571428571428
2020-09-10,84.1,69.2,74.3,68.7,83.7,100,4.17,14.8,9.2,231.5,1011.0,28.0,4.7,130.2,4,32.004,9,254,2020,-1.0,-1.8369701987210297e-16,-0.9427611433904206,-0.33346877891818705,12.45888888888889,1,14.899999999999991,73.2,89.8,74.87142857142858
2020-09-11,82.3,69.7,74.5,70.0,86.6,0,0.0,13.4,8.1,220.6,1012.3,25.0,4.4,94.6,5,12.2936,9,255,2020,-1.0,-1.8369701987210297e-16,-0.9483615800121716,-0.31719128858910595,12.431944444444444,1,12.599999999999994,74.3,83.7,74.64285714285714
2020-09-12,84.1,69.7,75.4,69.6,82.9,0,0.0,13.2,9.2,201.8,1014.4,25.0,4.4,138.7,5,2.9972,9,256,2020,-1.0,-1.8369701987210297e-16,-0.9536809966304455,-0.300819807635668,12.405277777777778,1,14.399999999999991,74.5,86.6,74.60000000000001
2020-09-13,82.3,69.7,74.4,70.2,87.5,0,0.0,14.5,9.2,254.4,1014.8,25.0,4.3,145.4,6,0.2032,9,257,2020,-1.0,-1.8369701987210297e-16,-0.9587178169872964,-0.2843591872810036,12.378055555555555,1,12.599999999999994,75.4,82.9,74.41428571428571
2020-09-14,80.5,69.7,74.5,69.2,84.5,0,0.0,14.3,11.4,256.5,1013.6,25.0,4.6,117.7,6,9.9822,9,258,2020,-1.0,-1.8369701987210297e-16,-0.9634705485641486,-0.26781430516217486,12.351111111111111,1,10.799999999999997,74.4,87.5,74.28571428571429
2020-09-15,78.7,67.9,72.9,68.7,87.1,100,4.17,15.4,9.2,210.5,1012.9,28.1,4.3,140.0,5,1.0921999999999998,9,259,2020,-1.0,-1.8369701987210297e-16,-0.9679377830240642,-0.25119006388481957,12.324166666666667,1,10.799999999999997,74.5,84.5,74.17142857142858
2020-09-16,78.7,67.9,71.7,69.3,92.6,100,8.33,17.2,6.9,223.3,1012.3,31.2,3.7,149.1,6,3.7084,9,260,2020,-1.0,-1.8369701987210297e-16,-0.9721181966290612,-0.23449138957041052,12.296944444444444,1,10.799999999999997,72.9,87.1,73.95714285714287
2020-09-17,78.7,67.9,73.2,69.7,89.3,0,0.0,15.2,9.2,248.0,1011.9,25.0,3.7,88.1,4,25.5016,9,261,2020,-1.0,-1.8369701987210297e-16,-0.9760105506323682,-0.21772323039653224,12.269722222222223,1,10.799999999999997,71.7,92.6,73.8
2020-09-18,75.1,69.7,72.4,70.5,93.7,0,0.0,15.0,6.9,163.4,1012.0,25.0,3.8,66.3,3,17.399,9,262,2020,-1.0,-1.8369701987210297e-16,-0.9796136916454901,-0.20089055513063528,12.2425,1,5.3999999999999915,73.2,89.3,73.5
2020-09-19,82.3,69.7,74.3,70.7,89.3,0,0.0,16.3,9.2,250.1,1011.7,24.1,4.1,180.1,7,2.0066,9,263,2020,-1.0,-1.8369701987210297e-16,-0.9829265519799822,-0.18399835165767986,12.215555555555556,1,12.599999999999994,72.4,93.7,73.34285714285714
2020-09-20,84.1,69.7,75.7,70.6,85.3,0,0.0,15.0,11.4,222.8,1010.8,25.0,4.5,215.4,9,0.2032,9,264,2020,-1.0,-1.8369701987210297e-16,-0.9859481499638303,-0.1670516255021195,12.188055555555556,1,14.399999999999991,74.3,89.3,73.52857142857144
2020-09-21,84.1,69.7,73.1,70.0,90.9,0,0.0,13.6,12.8,147.0,1010.5,25.0,4.5,195.5,7,2.6162,9,265,2020,-1.0,-1.8369701987210297e-16,-0.9886775902323404,-0.15005539834465262,12.160833333333333,1,14.399999999999991,75.7,85.3,73.32857142857144
2020-09-22,80.5,68.8,71.7,70.3,95.8,100,4.17,19.0,9.2,285.9,1010.7,28.1,4.1,81.8,3,0.9906,9,266,2020,-1.0,-1.8369701987210297e-16,-0.9911140639934546,-0.13301470653419636,12.133888888888889,1,11.700000000000003,73.1,90.9,73.15714285714286
2020-09-23,73.3,66.1,68.4,68.0,98.8,0,0.0,22.6,11.4,86.7,1011.9,25.0,3.7,16.8,1,5.0038,9,267,2020,-1.0,-1.8369701987210297e-16,-0.9932568492674143,-0.11593459959550066,12.106666666666667,1,7.200000000000003,71.7,95.8,72.68571428571428
2020-09-24,69.7,66.1,67.1,67.0,99.5,0,0.0,23.7,8.1,84.7,1013.3,25.0,3.8,23.9,1,7.010400000000001,9,268,2020,-1.0,-1.8369701987210297e-16,-0.9951053111006974,-0.09882013873287211,12.079166666666667,1,3.6000000000000085,68.4,98.8,71.81428571428572
2020-09-25,80.5,66.1,71.7,67.5,87.8,100,4.17,17.0,10.3,233.6,1009.9,28.1,5.1,123.6,6,47.3964,9,269,2020,-1.0,-1.8369701987210297e-16,-0.99665890175417,-0.08167639533042288,12.051944444444445,1,14.400000000000006,67.1,99.5,71.71428571428571
2020-09-26,80.5,67.9,72.2,68.1,87.8,0,0.0,15.4,11.4,279.3,1010.7,25.0,4.8,155.1,6,9.6012,9,270,2020,-1.0,-1.8369701987210297e-16,-0.9979171608653922,-0.06450844944931625,12.024722222222222,1,12.599999999999994,71.7,87.8,71.41428571428573
2020-09-27,82.3,67.9,73.3,67.8,84.2,0,0.0,16.3,10.3,261.1,1013.1,25.0,5.1,198.4,8,0.3048,9,271,2020,-1.0,-1.8369701987210297e-16,-0.9988797155850335,-0.04732138832243232,11.9975,1,14.399999999999991,72.2,87.8,71.07142857142857
2020-09-28,82.3,66.1,73.1,66.1,80.7,0,0.0,15.0,9.2,264.8,1014.2,25.0,4.8,179.3,7,3.9878,9,272,2020,-1.0,-1.8369701987210297e-16,-0.9995462806873573,-0.03012030484690836,11.970277777777778,1,16.200000000000003,73.3,84.2,71.07142857142857
2020-09-29,84.1,66.1,73.8,67.8,82.6,0,0.0,15.4,9.2,250.2,1013.6,25.0,4.7,177.3,6,0.7111999999999999,9,273,2020,-1.0,-1.8369701987210297e-16,-0.9999166586547379,-0.012910296075008843,11.943055555555556,1,18.0,73.1,80.7,71.37142857142857
2020-09-30,84.1,67.9,74.0,68.4,83.8,100,4.17,15.2,6.9,229.3,1012.4,26.9,4.3,179.4,7,0.4064,9,274,2020,-1.0,-1.8369701987210297e-16,-0.9999907397361901,0.004303538296243821,11.915833333333333,1,16.19999999999999,73.8,82.6,72.17142857142856
2020-10-01,82.3,69.3,73.6,68.6,85.6,100,4.17,15.0,10.3,189.9,1012.1,28.1,3.9,163.5,6,2.9972,10,275,2020,-0.8660254037844386,0.5000000000000001,-0.9997685019798909,0.021516097436222233,11.88888888888889,1,13.0,74.0,83.8,73.10000000000001
2020-10-02,82.3,69.7,73.7,68.5,85.0,0,0.0,15.7,10.3,215.7,1013.4,25.0,4.0,181.1,7,0.0,10,276,2020,-0.8660254037844386,0.5000000000000001,-0.9992500112396835,0.03872228089217399,11.861666666666666,0,12.599999999999994,73.6,85.6,73.38571428571427
2020-10-03,82.3,66.1,73.2,67.2,82.5,0,0.0,15.7,10.3,264.0,1014.3,25.0,4.0,191.2,7,0.1016,10,277,2020,-0.8660254037844386,0.5000000000000001,-0.9984354211555643,0.05591699010060302,11.834444444444445,1,16.200000000000003,73.7,85.0,73.52857142857144
2020-10-04,80.5,67.7,72.9,67.7,84.6,0,0.0,16.3,10.3,226.4,1014.6,27.4,4.3,171.7,7,0.0,10,278,2020,-0.8660254037844386,0.5000000000000001,-0.9973249731081555,0.07309512989807776,11.8075,0,12.799999999999997,73.2,82.5,73.47142857142856
2020-10-05,80.5,66.1,72.5,66.9,83.6,0,0.0,16.3,8.1,214.3,1014.3,25.0,4.2,188.5,7,0.0,10,279,2020,-0.8660254037844386,0.5000000000000001,-0.9959189961471792,0.0902516100310407,11.780277777777778,0,14.400000000000006,72.9,84.6,73.38571428571429
2020-10-06,82.3,66.1,72.6,66.6,83.0,0,0.0,15.2,12.8,266.6,1015.2,25.0,4.1,155.2,6,0.1016,10,280,2020,-0.8660254037844386,0.5000000000000001,-0.994217906893952,0.10738134666416306,11.753333333333334,1,16.200000000000003,72.5,83.6,73.21428571428571
2020-10-07,82.3,66.1,72.3,62.6,74.6,0,0.0,14.3,11.4,266.9,1017.1,25.0,4.6,216.7,8,0.0,10,281,2020,-0.8660254037844386,0.5000000000000001,-0.9922222094179324,0.12447926388678869,11.726111111111111,0,16.200000000000003,72.6,83.0,72.97142857142858
2020-10-08,82.3,62.5,70.8,58.8,70.0,0,0.0,13.9,11.4,263.2,1017.5,38.6,4.9,229.6,8,0.0,10,282,2020,-0.8660254037844386,0.5000000000000001,-0.989932495087353,0.141540295217043,11.699444444444444,0,19.799999999999997,72.3,74.6,72.57142857142857
2020-10-09,82.3,60.7,70.4,58.9,70.0,0,0.0,13.6,9.2,241.1,1017.8,25.0,5.0,246.5,8,0.0,10,283,2020,-0.8660254037844386,0.5000000000000001,-0.9873494423939864,0.15855938510313475,11.6725,0,21.599999999999994,70.8,70.0,72.1
2020-10-10,82.3,60.7,71.3,62.3,75.6,0,0.0,13.6,10.3,267.9,1016.3,27.1,4.9,234.0,8,0.0,10,284,2020,-0.8660254037844386,0.5000000000000001,-0.9844738167520923,0.17553149042142777,11.645833333333334,0,21.599999999999994,70.4,70.0,71.82857142857144
2020-10-11,82.3,62.5,71.9,64.1,78.4,0,0.0,13.6,9.2,263.9,1014.3,39.2,4.7,204.6,7,0.0,10,285,2020,-0.8660254037844386,0.5000000000000001,-0.9813064702716093,0.19245158197082995,11.619166666666667,0,19.799999999999997,71.3,75.6,71.68571428571428
2020-10-12,84.1,64.3,72.2,65.1,80.3,0,0.0,13.4,10.3,238.9,1013.7,46.4,4.3,188.5,7,0.0,10,286,2020,-0.8660254037844386,0.5000000000000001,-0.9778483415056568,0.20931464596304888,11.5925,0,19.799999999999997,71.9,78.4,71.64285714285714
2020-10-13,82.3,67.9,73.0,65.7,79.5,0,0.0,13.9,9.2,234.7,1014.8,59.5,4.1,212.6,8,0.0,10,287,2020,-0.8660254037844386,0.5000000000000001,-0.9741004551724206,0.22611568550828803,11.56611111111111,0,14.399999999999991,72.2,80.3,71.7
2020-10-14,82.3,64.3,72.0,65.5,81.6,0,0.0,13.6,8.1,249.3,1015.8,47.0,4.0,208.5,8,0.0,10,288,2020,-0.8660254037844386,0.5000000000000001,-0.970063921851507,0.2428497220959358,11.539444444444445,0,18.0,73.0,79.5,71.65714285714286
2020-10-15,82.3,64.3,71.9,64.1,78.6,0,0.0,15.0,9.2,263.3,1015.8,34.4,3.7,204.4,8,0.0,10,289,2020,-0.8660254037844386,0.5000000000000001,-0.965739937654855,0.25951179706979943,11.513055555555555,0,18.0,72.0,81.6,71.81428571428572
2020-10-16,84.1,64.3,72.0,62.6,75.1,0,0.0,11.6,8.1,275.0,1015.5,36.5,4.5,173.3,7,0.0,10,290,2020,-0.8660254037844386,0.5000000000000001,-0.9611297838723007,0.27609697309746883,11.486666666666666,0,19.799999999999997,71.9,78.6,72.04285714285714
2020-10-17,84.1,62.5,72.0,60.6,70.5,0,0.0,12.3,9.2,239.6,1015.8,50.1,4.7,215.6,8,0.0,10,291,2020,-0.8660254037844386,0.5000000000000001,-0.9562348265919058,0.2926003356333479,11.460555555555555,0,21.599999999999994,72.0,75.1,72.14285714285714
2020-10-18,82.3,62.5,71.5,62.8,76.7,0,0.0,12.1,10.3,194.1,1016.0,41.2,4.2,193.4,7,0.0,10,292,2020,-0.8660254037844386,0.5000000000000001,-0.9510565162951536,0.30901699437494723,11.434444444444445,0,19.799999999999997,72.0,70.5,72.08571428571429
2020-10-19,82.3,62.5,70.8,63.8,80.5,0,0.0,12.8,9.2,211.9,1015.2,47.5,4.2,174.7,6,0.0,10,293,2020,-0.8660254037844386,0.5000000000000001,-0.9455963874271428,0.3253420847119795,11.408333333333333,0,19.799999999999997,71.5,76.7,71.88571428571429
2020-10-20,78.7,64.3,70.2,62.9,79.2,0,0.0,14.8,12.8,212.0,1015.4,69.5,3.9,192.1,7,0.0,10,294,2020,-0.8660254037844386,0.5000000000000001,-0.9398560579418953,0.341570769167856,11.3825,0,14.400000000000006,70.8,80.5,71.4857142857143
2020-10-21,78.7,60.7,68.4,60.6,77.9,0,0.0,15.7,8.1,252.5,1016.5,27.1,3.8,209.4,8,0.0,10,295,2020,-0.8660254037844386,0.5000000000000001,-0.9338372288229252,0.35769823883312546,11.356944444444444,0,18.0,70.2,79.2,70.97142857142856
2020-10-22,78.7,58.9,68.2,61.5,81.1,0,0.0,15.9,11.4,253.3,1015.0,40.7,3.8,194.0,8,0.0,10,296,2020,-0.8660254037844386,0.5000000000000001,-0.9275416835791965,0.3737197147904692,11.331388888888888,0,19.800000000000004,68.4,77.9,70.44285714285715
2020-10-23,76.9,62.5,68.1,59.3,75.6,0,0.0,16.3,10.3,266.0,1013.7,54.3,3.8,207.9,8,0.0,10,297,2020,-0.8660254037844386,0.5000000000000001,-0.9209712877166346,0.38963044953078774,11.305555555555555,0,14.400000000000006,68.2,81.1,69.88571428571429
2020-10-24,78.7,57.1,66.8,56.9,73.3,0,0.0,17.7,9.2,265.4,1014.7,25.0,4.5,188.3,7,0.0,10,298,2020,-0.8660254037844386,0.5000000000000001,-0.9141279881853337,0.4054257283599973,11.280555555555555,0,21.6,68.1,75.6,69.14285714285714
2020-10-25,80.5,57.1,66.6,56.7,74.1,0,0.0,15.4,10.3,240.0,1017.6,25.0,4.8,204.2,8,0.0,10,299,2020,-0.8660254037844386,0.5000000000000001,-0.9070138128026362,0.42110087079608916,11.255,0,23.4,66.8,73.3,68.44285714285715
2020-10-26,78.7,58.9,67.1,59.4,79.2,0,0.0,17.4,9.2,247.1,1017.8,39.7,4.5,178.1,7,0.0,10,300,2020,-0.8660254037844386,0.5000000000000001,-0.8996308696522434,0.4366512319560638,11.230277777777777,0,19.800000000000004,66.6,74.1,67.91428571428571
2020-10-27,76.9,58.9,66.4,57.6,75.7,0,0.0,14.5,9.2,182.4,1017.8,50.2,4.3,200.1,8,0.0,10,301,2020,-0.8660254037844386,0.5000000000000001,-0.8919813464595487,0.45207220393230374,11.205277777777777,0,18.000000000000007,67.1,79.2,67.37142857142858
2020-10-28,76.9,55.3,64.9,55.0,73.6,0,0.0,13.4,6.9,173.2,1019.6,25.0,4.7,215.4,8,0.0,10,302,2020,-0.8660254037844386,0.5000000000000001,-0.8840675099433637,0.46735921715800205,11.180833333333334,0,21.60000000000001,66.4,75.7,66.87142857142858
2020-10-29,80.5,53.5,65.6,53.6,69.4,0,0.0,13.0,6.9,125.8,1020.7,25.0,4.7,214.5,8,0.0,10,303,2020,-0.8660254037844386,0.5000000000000001,-0.8758917051442433,0.48250774176121763,11.15638888888889,0,27.0,64.9,73.6,66.5
2020-10-30,82.3,53.5,66.6,52.8,66.3,0,0.0,13.4,8.1,224.5,1020.2,25.0,4.8,213.8,8,0.0,10,304,2020,-0.8660254037844386,0.5000000000000001,-0.867456354729597,0.4975132889071803,11.131944444444445,0,28.799999999999997,65.6,69.4,66.28571428571429
2020-10-31,90.2,55.3,67.7,55.3,68.1,0,0.0,17.2,10.3,245.2,1019.9,24.4,5.1,197.4,7,0.0,10,305,2020,-0.8660254037844386,0.5000000000000001,-0.858763958275803,0.5123714121284235,11.107777777777779,0,34.900000000000006,66.6,66.3,66.41428571428571
2020-11-01,78.7,55.3,66.7,55.8,71.2,0,0.0,20.8,12.8,294.9,1020.0,25.0,5.1,201.4,7,0.0,11,306,2020,-0.5000000000000004,0.8660254037844384,-0.8498170915275277,0.5270777086423724,11.08388888888889,0,23.400000000000006,67.7,68.1,66.42857142857143
2020-11-02,78.7,55.3,66.2,58.4,78.3,0,0.0,17.9,11.4,264.6,1019.8,24.5,4.9,195.2,7,0.0,11,307,2020,-0.5000000000000004,0.8660254037844384,-0.8406184056344783,0.5416278206559811,11.060277777777777,0,23.400000000000006,66.7,71.2,66.3
2020-11-03,78.7,57.1,66.1,57.9,78.4,0,0.0,13.6,8.1,298.1,1019.5,56.5,4.2,185.0,7,0.0,11,308,2020,-0.5000000000000004,0.8660254037844384,-0.8311706263658079,0.5560174366570446,11.036944444444444,0,21.6,66.2,78.3,66.25714285714285
2020-11-04,78.7,53.5,64.8,55.3,75.3,100,4.17,14.3,12.8,218.3,1017.2,30.8,4.4,179.2,6,0.3,11,309,2020,-0.5000000000000004,0.8660254037844384,-0.8214765533024145,0.5702422926917867,11.01361111111111,1,25.200000000000003,66.1,78.4,66.24285714285715
2020-11-05,75.1,55.3,62.8,53.2,74.3,0,0.0,15.4,12.8,191.8,1019.1,30.2,3.6,187.8,7,0.0,11,310,2020,-0.5000000000000004,0.8660254037844384,-0.8115390590073611,0.5842981736283683,10.990555555555556,0,19.799999999999997,64.8,75.3,65.84285714285714
2020-11-06,73.3,51.7,60.6,51.3,73.9,0,0.0,17.4,11.4,240.4,1021.8,22.0,2.8,189.3,7,0.0,11,311,2020,-0.5000000000000004,0.8660254037844384,-0.8013610881746769,0.5981809144059159,10.968055555555555,0,21.599999999999994,62.8,74.3,64.98571428571428
2020-11-07,71.5,51.7,60.0,51.6,76.0,0,0.0,14.5,8.1,237.5,1023.5,52.7,2.9,181.5,7,0.0,11,312,2020,-0.5000000000000004,0.8660254037844384,-0.7909456567567774,0.6118864012687242,10.945555555555556,0,19.799999999999997,60.6,73.9,63.885714285714286
2020-11-08,73.3,49.9,60.1,48.8,70.2,0,0.0,14.3,8.1,112.8,1024.1,24.5,3.7,187.4,7,0.1016,11,313,2020,-0.5000000000000004,0.8660254037844384,-0.780295851070776,0.6254105729852457,10.923333333333334,1,23.4,60.0,76.0,62.94285714285714
2020-11-09,76.9,48.1,60.4,47.9,68.8,0,0.0,12.8,6.9,149.3,1022.9,25.0,4.0,200.8,7,0.0,11,314,2020,-0.5000000000000004,0.8660254037844384,-0.7694148268839381,0.6387494220515268,10.901666666666667,0,28.800000000000004,60.1,70.2,62.11428571428571
2020-11-10,76.9,48.1,60.6,48.7,69.5,0,0.0,13.4,8.1,145.6,1022.5,25.0,4.2,189.4,7,0.0,11,315,2020,-0.5000000000000004,0.8660254037844384,-0.7583058084785625,0.6518989958787125,10.88,0,28.800000000000004,60.4,68.8,61.32857142857143
2020-11-11,85.4,48.1,61.1,48.8,68.2,0,0.0,14.5,6.9,144.3,1023.9,24.0,4.7,187.2,7,0.0,11,316,2020,-0.5000000000000004,0.8660254037844384,-0.7469720876965551,0.6648553979642867,10.858888888888888,0,37.300000000000004,60.6,69.5,60.800000000000004
2020-11-12,89.0,49.9,61.9,49.3,67.4,0,0.0,13.6,13.4,215.8,1024.0,24.6,4.9,198.0,7,0.0,11,317,2020,-0.5000000000000004,0.8660254037844384,-0.7354170229639858,0.6776147890466887,10.837777777777777,0,39.1,61.1,68.2,60.67142857142857
2020-11-13,75.1,48.1,60.0,48.1,68.6,0,0.0,15.4,10.3,206.3,1022.3,25.0,4.6,198.1,7,0.0,11,318,2020,-0.5000000000000004,0.8660254037844384,-0.7236440382959123,0.690173388242972,10.817222222222222,0,26.999999999999993,61.9,67.4,60.58571428571429
2020-11-14,75.1,48.1,60.2,49.3,71.6,0,0.0,14.3,9.2,198.1,1021.3,25.0,4.7,199.2,7,0.0,11,319,2020,-0.5000000000000004,0.8660254037844384,-0.7116566222817751,0.7025274741691566,10.796944444444444,0,26.999999999999993,60.0,68.6,60.614285714285714
2020-11-15,75.1,48.1,60.2,49.2,71.5,0,0.0,13.6,6.9,157.2,1022.0,25.0,4.8,193.7,7,0.0,11,320,2020,-0.5000000000000004,0.8660254037844384,-0.6994583270516471,0.7146733860429608,10.777222222222223,0,26.999999999999993,60.2,71.6,60.628571428571426
2020-11-16,62.5,48.1,55.1,49.8,83.1,0,0.0,13.6,6.9,104.0,1021.7,60.2,3.9,109.0,6,0.0,11,321,2020,-0.5000000000000004,0.8660254037844384,-0.6870527672236675,0.726607524768565,10.7575,0,14.399999999999999,60.2,71.5,59.871428571428574
2020-11-17,71.5,44.5,55.9,43.1,66.5,0,0.0,17.0,8.1,308.6,1017.1,18.8,5.1,192.9,7,0.0,11,322,2020,-0.5000000000000004,0.8660254037844384,-0.6744436188329457,0.7383263540031063,10.738333333333333,0,27.0,55.1,83.1,59.199999999999996
2020-11-18,71.5,44.5,56.4,43.8,67.0,0,0.0,18.1,8.1,290.4,1017.6,25.0,5.2,187.3,7,0.0,11,323,2020,-0.5000000000000004,0.8660254037844384,-0.661634618242279,0.749826401204568,10.719444444444445,0,27.0,55.9,66.5,58.528571428571425
2020-11-19,69.7,42.7,55.4,45.2,72.1,0,0.0,20.4,10.3,253.3,1018.0,25.0,4.8,189.9,7,0.0,11,324,2020,-0.5000000000000004,0.8660254037844384,-0.6486295610349818,0.7611042586607742,10.70111111111111,0,27.0,56.4,67.0,57.6
2020-11-20,69.7,42.7,55.1,44.9,72.1,0,0.0,19.2,10.3,270.6,1017.9,28.6,4.3,183.5,7,0.0,11,325,2020,-0.5000000000000004,0.8660254037844384,-0.6354323008901775,0.7721565844991641,10.683333333333334,0,27.0,55.4,72.1,56.9
2020-11-21,67.9,48.1,55.5,47.5,77.3,0,0.0,16.3,8.1,168.8,1017.6,56.9,3.8,130.7,5,0.0,11,326,2020,-0.5000000000000004,0.8660254037844384,-0.622046748440868,0.7829801036770625,10.665833333333333,0,19.800000000000004,55.1,72.1,56.228571428571435
2020-11-22,64.3,46.3,54.3,45.9,76.5,0,0.0,18.8,9.2,272.7,1018.9,32.3,3.8,159.7,7,0.0,11,327,2020,-0.5000000000000004,0.8660254037844384,-0.6084768701151264,0.7935716089521472,10.64861111111111,0,18.0,55.5,77.3,55.385714285714286
2020-11-23,66.1,44.5,53.7,46.1,78.5,0,0.0,15.7,8.1,190.5,1021.0,25.0,3.6,171.3,7,0.0,11,328,2020,-0.5000000000000004,0.8660254037844384,-0.594726686960764,0.8039279618328208,10.631944444444445,0,21.599999999999994,54.3,76.5,55.18571428571429
2020-11-24,67.9,42.0,53.6,45.5,76.7,0,0.0,16.1,8.1,211.0,1020.5,29.4,3.2,175.6,7,0.0,11,329,2020,-0.5000000000000004,0.8660254037844384,-0.5808002734538014,0.8140460935082175,10.615555555555556,0,25.900000000000006,53.7,78.5,54.857142857142854
2020-11-25,67.9,42.7,54.5,44.7,72.7,0,0.0,16.3,9.2,227.3,1022.0,62.8,3.5,179.4,7,0.0,11,330,2020,-0.5000000000000004,0.8660254037844384,-0.5667017562911184,0.8239230057575536,10.599722222222223,0,25.200000000000003,53.6,76.7,54.58571428571429
2020-11-26,67.9,48.1,55.9,46.2,73.0,0,0.0,15.2,6.9,231.7,1022.6,82.2,3.5,157.0,6,0.0,11,331,2020,-0.5000000000000004,0.8660254037844384,-0.5524353131676203,0.8335557718385695,10.584444444444445,0,19.800000000000004,54.5,72.7,54.65714285714286
2020-11-27,67.9,48.1,54.5,46.5,76.7,0,0.0,14.5,4.7,148.3,1024.2,64.1,3.1,136.5,6,0.0,11,332,2020,-0.5000000000000004,0.8660254037844384,-0.5380051715382992,0.8429415373547832,10.569722222222222,0,19.800000000000004,55.9,73.0,54.57142857142857
2020-11-28,71.5,42.7,55.2,41.3,66.0,0,0.0,13.9,10.3,305.9,1023.1,24.0,4.0,175.4,7,0.0,11,333,2020,-0.5000000000000004,0.8660254037844384,-0.5234156073655503,0.8520775211013093,10.555277777777778,0,28.799999999999997,54.5,76.7,54.528571428571425
2020-11-29,73.3,40.9,55.0,42.0,66.3,0,0.0,12.5,6.9,155.2,1022.3,24.0,3.8,183.0,7,0.0,11,334,2020,-0.5000000000000004,0.8660254037844384,-0.5086709438521042,0.8609610158889945,10.541666666666666,0,32.4,55.2,66.0,54.628571428571426
2020-11-30,71.5,42.7,55.6,44.7,71.6,0,0.0,14.3,10.3,179.5,1021.6,25.2,3.9,169.4,6,0.0,11,335,2020,-0.5000000000000004,0.8660254037844384,-0.4937755501599774,0.8695893893466109,10.528333333333334,0,28.799999999999997,55.0,66.3,54.9
2020-12-01,71.5,44.5,55.7,45.4,72.9,0,0.0,12.1,10.3,196.8,1022.2,25.2,4.0,147.3,6,0.0,12,336,2020,-2.4492935982947064e-16,1.0,-0.4787338401157883,0.8779600847008883,10.515555555555556,0,27.0,55.6,71.6,55.2
2020-12-02,69.7,44.5,56.0,46.0,73.2,0,0.0,13.6,6.9,203.9,1019.5,29.9,4.3,158.2,6,0.0,12,337,2020,-2.4492935982947064e-16,1.0,-0.4635502709028512,0.8860706215341377,10.50361111111111,0,25.200000000000003,55.7,72.9,55.41428571428571
2020-12-03,66.1,46.3,56.4,47.1,73.5,0,0.0,15.4,8.1,225.5,1019.0,55.4,4.4,137.3,6,0.0,12,338,2020,-2.4492935982947064e-16,1.0,-0.4482293417404106,0.893918596519257,10.491944444444444,0,19.799999999999997,56.0,73.2,55.48571428571428
2020-12-04,67.9,46.3,55.5,48.3,79.0,0,0.0,13.9,9.2,206.2,1018.0,50.9,3.8,109.7,5,0.0,12,339,2020,-2.4492935982947064e-16,1.0,-0.4327755925504317,0.9015016841318838,10.480833333333333,0,21.60000000000001,56.4,73.5,55.628571428571426
2020-12-05,66.1,48.1,55.5,47.8,77.6,0,0.0,12.5,8.1,258.9,1018.8,42.3,4.0,91.1,4,0.0,12,340,2020,-2.4492935982947064e-16,1.0,-0.41719360261231697,0.9088176373395028,10.470277777777778,0,17.999999999999993,55.5,79.0,55.67142857142857
2020-12-06,66.1,48.1,55.2,48.2,79.3,0,0.0,15.4,9.2,253.0,1020.1,45.4,3.6,100.1,4,0.0,12,341,2020,-2.4492935982947064e-16,1.0,-0.4014879892059737,0.9158642882672868,10.460277777777778,0,17.999999999999993,55.5,77.6,55.7
2020-12-07,66.1,46.3,54.8,48.7,82.0,0,0.0,15.0,8.1,189.2,1020.5,36.9,3.2,111.7,5,0.0,12,342,2020,-2.4492935982947064e-16,1.0,-0.38566340624360745,0.9226395488404875,10.450833333333334,0,19.799999999999997,55.2,79.3,55.58571428571428
2020-12-08,66.1,51.7,56.8,50.4,81.1,0,0.0,14.5,9.2,197.4,1021.2,58.5,2.7,118.3,5,0.0,12,343,2020,-2.4492935982947064e-16,1.0,-0.3697245428906732,0.9291414114031743,10.442222222222222,0,14.399999999999991,54.8,82.0,55.74285714285714
2020-12-09,69.7,48.1,56.4,50.2,82.3,0,0.0,15.7,8.1,208.2,1019.2,45.6,2.4,124.6,5,0.0,12,344,2020,-2.4492935982947064e-16,1.0,-0.3536761221763721,0.935367949313148,10.434166666666666,0,21.6,56.8,81.1,55.800000000000004
2020-12-10,67.9,49.9,57.3,50.4,79.4,0,0.0,17.7,10.3,241.4,1018.0,41.3,2.6,142.8,6,0.0,12,345,2020,-2.4492935982947064e-16,1.0,-0.33752289959411347,0.941317317512847,10.426944444444445,0,18.000000000000007,56.4,82.3,55.92857142857143
2020-12-11,66.1,44.5,54.9,48.3,80.6,0,0.0,18.1,5.8,227.7,1018.1,57.2,2.4,158.4,6,0.0,12,346,2020,-2.4492935982947064e-16,1.0,-0.32126966169236515,0.946987753076075,10.419722222222223,0,21.599999999999994,57.3,79.4,55.84285714285715
2020-12-12,69.7,46.3,57.0,44.2,68.6,0,0.0,20.8,12.8,287.4,1018.0,53.5,3.1,160.9,6,0.0,12,347,2020,-2.4492935982947064e-16,1.0,-0.3049212246562894,0.9523775757303973,10.413611111111111,0,23.400000000000006,54.9,80.6,56.057142857142864
2020-12-13,67.9,40.9,53.4,41.3,67.2,0,0.0,17.9,9.2,253.8,1016.1,25.0,4.1,170.0,7,0.0,12,348,2020,-2.4492935982947064e-16,1.0,-0.2884824328806098,0.9574851883550389,10.407777777777778,0,27.000000000000007,57.0,68.6,55.8
2020-12-14,66.1,40.9,51.7,40.5,69.7,0,0.0,17.7,8.1,256.2,1018.0,25.0,3.9,162.6,6,0.0,12,349,2020,-2.4492935982947064e-16,1.0,-0.27195815753410524,0.9623090774541487,10.402777777777779,0,25.199999999999996,53.4,67.2,55.357142857142854
2020-12-15,67.9,37.3,50.1,37.4,67.2,0,0.0,18.3,9.2,260.4,1020.3,23.0,3.9,174.9,7,0.1016,12,350,2020,-2.4492935982947064e-16,1.0,-0.2553532951161881,0.9668478136052773,10.39861111111111,1,30.60000000000001,51.7,69.7,54.4
2020-12-16,66.1,39.1,49.7,35.9,63.6,0,0.0,19.9,13.9,297.2,1021.1,28.1,3.9,174.4,7,0.0,12,351,2020,-2.4492935982947064e-16,1.0,-0.23867276600594997,0.9711000518829505,10.395,0,26.999999999999993,50.1,67.2,53.442857142857136
2020-12-17,64.3,37.3,49.3,36.8,66.2,0,0.0,17.7,9.2,287.2,1018.5,24.0,3.9,175.7,7,0.0,12,352,2020,-2.4492935982947064e-16,1.0,-0.22192151300416674,0.9750645322571945,10.391944444444444,0,27.0,49.7,63.6,52.300000000000004
2020-12-18,64.3,37.3,48.3,36.6,68.0,0,0.0,16.3,8.1,272.1,1017.9,25.0,3.6,167.0,6,0.0,12,353,2020,-2.4492935982947064e-16,1.0,-0.20510449986861926,0.9787400799669153,10.389444444444445,0,27.0,49.3,66.2,51.357142857142854
2020-12-19,62.5,37.3,47.4,39.7,77.2,0,0.0,16.6,10.3,183.1,1019.4,32.9,2.9,158.0,6,0.0,12,354,2020,-2.4492935982947064e-16,1.0,-0.1882267098432439,0.9821256058680006,10.387777777777778,0,25.200000000000003,48.3,68.0,49.98571428571428
2020-12-20,62.5,42.7,51.1,42.0,74.0,0,0.0,13.4,8.1,201.2,1020.8,34.4,2.8,145.3,6,0.0,12,355,2020,-2.4492935982947064e-16,1.0,-0.1712931441814778,0.9852201067560606,10.386666666666667,0,19.799999999999997,47.4,77.2,49.65714285714286
2020-12-21,67.9,39.1,51.1,40.2,71.1,0,0.0,14.8,8.1,231.1,1019.8,25.0,2.8,165.1,6,0.0,12,356,2020,-2.4492935982947064e-16,1.0,-0.154308820664281,0.9880226656636976,10.386111111111111,0,28.800000000000004,51.1,74.0,49.57142857142857
2020-12-22,67.9,39.1,51.3,38.7,67.7,0,0.0,16.6,11.4,239.1,1019.1,37.0,3.3,162.1,6,0.0,12,357,2020,-2.4492935982947064e-16,1.0,-0.13727877211326517,0.9905324521322227,10.386111111111111,0,28.800000000000004,51.1,71.1,49.74285714285714
2020-12-23,64.3,39.1,50.0,39.9,71.2,0,0.0,16.6,6.9,231.9,1018.2,52.3,3.4,163.6,6,0.0,12,358,2020,-2.4492935982947064e-16,1.0,-0.12020804489935275,0.9927487224577402,10.387222222222222,0,25.199999999999996,51.3,67.7,49.785714285714285
2020-12-24,66.1,40.9,49.7,40.2,74.0,0,0.0,16.6,10.3,248.9,1017.9,38.1,3.0,159.9,7,0.0,12,359,2020,-2.4492935982947064e-16,1.0,-0.10310169744743544,0.9946708199115211,10.38888888888889,0,25.199999999999996,50.0,71.2,49.84285714285714
2020-12-25,66.1,37.3,49.2,33.6,63.1,0,0.0,18.6,12.8,353.3,1017.6,25.0,3.6,173.2,7,0.0,12,360,2020,-2.4492935982947064e-16,1.0,-0.0859647987374467,0.9962981749346077,10.391111111111112,0,28.799999999999997,49.7,74.0,49.97142857142857
2020-12-26,64.3,35.5,48.4,36.8,68.5,0,0.0,17.0,8.1,201.9,1018.3,25.0,3.5,171.3,7,0.0,12,361,2020,-2.4492935982947064e-16,1.0,-0.06880242680232064,0.9976303053065857,10.393888888888888,0,28.799999999999997,49.2,63.1,50.114285714285714
2020-12-27,64.3,37.3,48.9,40.2,75.8,0,0.0,16.3,9.2,235.0,1017.2,28.6,3.0,161.3,6,0.0,12,362,2020,-2.4492935982947064e-16,1.0,-0.05161966722325418,0.9986668162884759,10.3975,0,27.0,48.4,68.5,49.8
2020-12-28,62.5,37.3,48.3,39.8,75.8,0,0.0,16.6,8.1,173.8,1017.5,28.9,3.2,165.0,6,0.0,12,363,2020,-2.4492935982947064e-16,1.0,-0.034421611622745804,0.9994074007397048,10.401666666666667,0,25.200000000000003,48.9,75.8,49.4
2020-12-29,62.5,35.5,47.6,37.5,72.4,0,0.0,17.9,8.1,259.5,1018.0,28.5,3.2,176.3,7,0.0,12,364,2020,-2.4492935982947064e-16,1.0,-0.01721335615583528,0.9998518392091162,10.40638888888889,0,27.0,48.3,75.8,48.871428571428574
2020-12-30,62.5,35.5,47.5,37.3,72.3,0,0.0,16.3,6.9,131.5,1019.8,25.0,2.7,165.5,7,0.0,12,365,2020,-2.4492935982947064e-16,1.0,6.432490598706546e-16,1.0,10.411944444444444,0,27.0,47.6,72.4,48.51428571428572
2020-12-31,64.3,35.5,47.9,36.6,69.6,0,0.0,17.0,9.2,201.7,1019.6,25.0,2.9,179.1,7,0.0,12,366,2020,-2.4492935982947064e-16,1.0,0.017213356155833904,0.9998518392091162,10.418055555555556,0,28.799999999999997,47.5,72.3,48.25714285714286
2021-01-01,64.3,35.5,47.9,37.7,72.1,0,0.0,16.8,9.2,229.2,1020.4,25.0,3.1,180.0,7,0.0,1,1,2021,0.49999999999999994,0.8660254037844387,0.017213356155834685,0.9998518392091162,10.424444444444445,0,28.799999999999997,47.9,69.6,48.07142857142857
2021-01-02,66.1,37.3,48.6,35.9,67.8,0,0.0,16.8,5.8,168.9,1020.1,51.8,2.9,178.4,7,0.7111999999999999,1,2,2021,0.49999999999999994,0.8660254037844387,0.03442161162274574,0.9994074007397048,10.431944444444444,1,28.799999999999997,47.9,72.1,48.1
2021-01-03,67.9,37.3,52.2,37.8,62.6,0,0.0,17.4,6.9,221.1,1018.9,76.4,2.9,174.4,7,0.0,1,3,2021,0.49999999999999994,0.8660254037844387,0.051619667223253764,0.998666816288476,10.44,0,30.60000000000001,48.6,67.8,48.57142857142857
2021-01-04,62.5,49.9,55.8,45.9,70.4,0,0.0,16.3,6.9,182.8,1020.6,84.8,1.6,74.5,3,0.0,1,4,2021,0.49999999999999994,0.8660254037844387,0.06880242680231986,0.9976303053065857,10.448611111111111,0,12.600000000000001,52.2,62.6,49.642857142857146
2021-01-05,66.1,48.1,55.5,46.2,72.9,0,0.0,15.0,8.1,7.2,1021.3,88.0,1.7,59.9,2,0.0,1,5,2021,0.49999999999999994,0.8660254037844387,0.08596479873744647,0.9962981749346078,10.457777777777778,0,17.999999999999993,55.8,70.4,50.771428571428565
2021-01-06,73.3,44.5,57.3,44.2,66.4,0,0.0,22.1,11.4,332.5,1018.4,35.5,3.6,181.8,7,0.0,1,6,2021,0.49999999999999994,0.8660254037844387,0.10310169744743485,0.9946708199115211,10.4675,0,28.799999999999997,55.5,72.9,52.17142857142857
2021-01-07,73.3,42.7,55.8,38.9,61.6,0,0.0,20.4,15.0,318.1,1016.6,24.0,4.0,179.6,7,0.0,1,7,2021,0.49999999999999994,0.8660254037844387,0.1202080448993527,0.9927487224577402,10.477777777777778,0,30.599999999999994,57.3,66.4,53.300000000000004
2021-01-08,69.7,39.1,53.0,39.1,63.9,0,0.0,19.7,11.4,231.9,1016.8,25.0,4.0,176.7,7,0.0,1,8,2021,0.49999999999999994,0.8660254037844387,0.13727877211326478,0.9905324521322229,10.488611111111112,0,30.6,55.8,61.6,54.02857142857143
2021-01-09,73.3,40.9,54.5,40.7,65.4,0,0.0,20.8,11.4,354.0,1016.3,25.0,3.6,178.5,7,1.6001999999999998,1,9,2021,0.49999999999999994,0.8660254037844387,0.15430882066428117,0.9880226656636976,10.500277777777777,1,32.4,53.0,63.9,54.871428571428574
2021-01-10,73.3,40.9,55.1,37.4,58.4,0,0.0,19.5,13.9,353.2,1015.5,25.0,3.6,175.4,6,0.0,1,10,2021,0.49999999999999994,0.8660254037844387,0.1712931441814776,0.9852201067560606,10.5125,0,32.4,54.5,65.4,55.285714285714285
2021-01-11,69.7,40.9,53.1,41.0,67.7,0,0.0,18.1,8.1,165.4,1016.2,25.0,3.2,160.5,6,0.0,1,11,2021,0.49999999999999994,0.8660254037844387,0.1882267098432442,0.9821256058680006,10.525277777777777,0,28.800000000000004,55.1,58.4,54.9
2021-01-12,64.3,44.5,51.8,44.7,78.7,100,4.17,16.3,11.4,190.9,1016.5,48.6,2.5,111.8,5,0.0,1,12,2021,0.49999999999999994,0.8660254037844387,0.2051044998686192,0.9787400799669153,10.538333333333334,0,19.799999999999997,53.1,67.7,54.371428571428574
2021-01-13,62.5,44.5,51.5,44.2,78.5,0,0.0,13.6,13.9,203.3,1016.2,60.2,2.2,116.9,4,0.0,1,13,2021,0.49999999999999994,0.8660254037844387,0.22192151300416552,0.9750645322571948,10.552222222222222,0,18.0,51.8,78.7,53.54285714285714
2021-01-14,64.3,46.3,52.2,44.9,78.1,0,0.0,14.8,10.3,228.5,1017.1,49.7,2.2,154.8,6,0.0,1,14,2021,0.49999999999999994,0.8660254037844387,0.2386727660059501,0.9711000518829505,10.56638888888889,0,18.0,51.5,78.5,53.02857142857143
2021-01-15,66.1,42.7,51.9,45.4,81.1,0,0.0,18.1,12.8,238.9,1015.9,29.7,2.2,182.0,7,0.0,1,15,2021,0.49999999999999994,0.8660254037844387,0.255353295116187,0.9668478136052775,10.581111111111111,0,23.39999999999999,52.2,78.1,52.871428571428574
2021-01-16,64.3,42.7,52.5,43.8,74.7,0,0.0,18.6,10.3,233.3,1014.4,40.2,2.7,131.6,6,0.0,1,16,2021,0.49999999999999994,0.8660254037844387,0.2719581575341055,0.9623090774541486,10.596388888888889,0,21.599999999999994,51.9,81.1,52.58571428571429
2021-01-17,64.3,48.1,54.6,44.9,71.8,0,0.0,14.1,8.1,210.9,1019.2,62.8,3.1,126.2,6,0.0,1,17,2021,0.49999999999999994,0.8660254037844387,0.288482432880609,0.9574851883550393,10.612222222222222,0,16.199999999999996,52.5,74.7,52.51428571428572
2021-01-18,67.9,42.7,54.1,44.0,71.8,0,0.0,15.4,9.2,247.6,1019.5,39.6,3.1,162.6,6,0.0,1,18,2021,0.49999999999999994,0.8660254037844387,0.30492122465628907,0.9523775757303974,10.628333333333334,0,25.200000000000003,54.6,71.8,52.65714285714285
2021-01-19,64.3,46.3,53.7,43.0,70.4,0,0.0,21.7,12.8,292.6,1015.5,33.3,3.7,148.7,6,0.0,1,19,2021,0.49999999999999994,0.8660254037844387,0.3212696616923644,0.9469877530760753,10.645277777777778,0,18.0,54.1,71.8,52.92857142857143
2021-01-20,62.5,40.9,51.1,41.8,73.3,0,0.0,15.9,11.4,211.0,1014.5,29.2,3.1,103.9,4,0.0,1,20,2021,0.49999999999999994,0.8660254037844387,0.3375228995941133,0.9413173175128471,10.662222222222223,0,21.6,53.7,70.4,52.87142857142857
2021-01-21,62.5,40.9,49.8,39.9,70.7,0,0.0,17.0,11.4,191.3,1014.0,28.7,2.8,160.8,7,0.0,1,21,2021,0.49999999999999994,0.8660254037844387,0.3536761221763716,0.9353679493131483,10.68,0,21.6,51.1,73.3,52.528571428571425
2021-01-22,62.5,39.1,50.0,40.7,72.5,0,0.0,16.1,11.4,235.5,1017.5,25.0,2.8,172.4,7,0.0,1,22,2021,0.49999999999999994,0.8660254037844387,0.3697245428906731,0.9291414114031743,10.698055555555555,0,23.4,49.8,70.7,52.25714285714286
2021-01-23,64.3,40.9,51.1,42.7,76.6,0,0.0,18.3,9.2,229.1,1016.7,25.0,2.7,190.6,7,0.0,1,23,2021,0.49999999999999994,0.8660254037844387,0.38566340624360707,0.9226395488404876,10.716388888888888,0,23.4,50.0,72.5,52.057142857142864
2021-01-24,64.3,40.9,51.4,42.5,75.2,0,0.0,19.7,11.4,254.4,1017.3,28.9,3.0,186.4,7,0.0,1,24,2021,0.49999999999999994,0.8660254037844387,0.401487989205973,0.9158642882672872,10.735277777777778,0,23.4,51.1,76.6,51.6
2021-01-25,62.5,39.1,50.2,40.7,73.1,0,0.0,17.7,10.3,206.3,1018.6,25.0,3.0,172.3,7,0.0,1,25,2021,0.49999999999999994,0.8660254037844387,0.4171936026123168,0.9088176373395029,10.754722222222222,0,23.4,51.4,75.2,51.042857142857144
2021-01-26,64.3,39.1,49.9,39.0,70.0,0,0.0,16.3,5.8,330.9,1018.1,25.8,3.2,180.7,7,0.0,1,26,2021,0.49999999999999994,0.8660254037844387,0.4327755925504312,0.901501684131884,10.774166666666666,0,25.199999999999996,50.2,73.1,50.5
2021-01-27,66.3,37.5,49.8,37.8,67.5,0,0.0,17.4,9.2,195.5,1018.3,29.0,3.5,178.5,7,0.0,1,27,2021,0.49999999999999994,0.8660254037844387,0.4482293417404106,0.893918596519257,10.794166666666667,0,28.799999999999997,49.9,70.0,50.31428571428571
2021-01-28,64.3,37.3,49.4,37.2,67.1,0,0.0,17.2,12.8,153.2,1020.0,25.0,3.4,197.2,8,0.0,1,28,2021,0.49999999999999994,0.8660254037844387,0.4635502709028509,0.886070621534138,10.814722222222223,0,27.0,49.8,67.5,50.25714285714286
2021-01-29,64.3,39.1,50.1,37.0,65.3,0,0.0,17.2,12.8,189.1,1018.7,27.1,3.4,202.7,8,0.0,1,29,2021,0.49999999999999994,0.8660254037844387,0.47873384011578846,0.8779600847008882,10.835277777777778,0,25.199999999999996,49.4,67.1,50.271428571428565
2021-01-30,60.7,39.1,48.9,35.6,64.3,0,0.0,17.7,11.4,190.2,1016.8,25.0,3.8,193.4,8,0.0,1,30,2021,0.49999999999999994,0.8660254037844387,0.4937755501599772,0.869589389346611,10.856388888888889,0,21.6,50.1,65.3,49.957142857142856
2021-01-31,62.7,37.3,48.6,35.4,64.1,0,0.0,15.7,12.8,198.0,1019.0,27.3,3.8,179.6,7,0.0,1,31,2021,0.49999999999999994,0.8660254037844387,0.5086709438521044,0.8609610158889943,10.877777777777778,0,25.400000000000006,48.9,64.3,49.55714285714286
2021-02-01,62.5,39.1,48.9,36.7,66.9,0,0.0,15.2,9.2,189.5,1021.0,32.9,3.4,165.4,6,0.0,2,32,2021,0.8660254037844386,0.5000000000000001,0.5234156073655503,0.8520775211013093,10.899722222222222,0,23.4,48.6,64.1,49.371428571428574
2021-02-02,64.3,39.1,50.5,37.4,64.9,0,0.0,16.8,11.4,192.4,1021.2,27.6,3.4,204.7,7,0.0,2,33,2021,0.8660254037844386,0.5000000000000001,0.5380051715382996,0.8429415373547828,10.921666666666667,0,25.199999999999996,48.9,66.9,49.457142857142856
2021-02-03,66.1,39.1,52.2,38.1,63.5,0,0.0,17.2,9.2,228.2,1021.0,25.0,3.5,209.2,8,0.0,2,34,2021,0.8660254037844386,0.5000000000000001,0.5524353131676196,0.8335557718385699,10.943888888888889,0,26.999999999999993,50.5,64.9,49.800000000000004
2021-02-04,67.9,40.9,52.8,38.7,63.6,0,0.0,19.7,9.2,93.4,1021.2,25.0,3.9,215.7,8,0.0,2,35,2021,0.8660254037844386,0.5000000000000001,0.5667017562911176,0.8239230057575542,10.966666666666667,0,27.000000000000007,52.2,63.5,50.285714285714285
2021-02-05,62.5,40.9,50.7,39.8,68.0,0,0.0,21.9,15.0,324.2,1020.5,58.8,3.5,150.3,6,0.0,2,36,2021,0.8660254037844386,0.5000000000000001,0.5808002734538009,0.8140460935082178,10.989722222222222,0,21.6,52.8,63.6,50.371428571428574
2021-02-06,64.3,40.9,49.5,40.9,74.1,100,8.33,17.4,13.9,108.0,1019.0,70.1,3.8,159.8,7,1.3,2,37,2021,0.8660254037844386,0.5000000000000001,0.5947266869607634,0.8039279618328213,11.013055555555555,1,23.4,50.7,68.0,50.457142857142856
2021-02-07,64.3,35.5,48.3,36.3,69.0,0,0.0,19.2,9.2,110.4,1020.0,25.0,4.4,217.2,8,0.0,2,38,2021,0.8660254037844386,0.5000000000000001,0.6084768701151261,0.7935716089521474,11.036388888888888,0,28.799999999999997,49.5,74.1,50.41428571428572
2021-02-08,71.5,39.1,52.8,36.8,61.8,0,0.0,14.5,6.9,105.1,1020.3,25.0,3.6,221.9,8,0.0,2,39,2021,0.8660254037844386,0.5000000000000001,0.6220467484408675,0.7829801036770629,11.06,0,32.4,48.3,69.0,50.97142857142857
2021-02-09,71.5,40.9,54.5,41.1,65.3,0,0.0,15.7,11.4,188.8,1017.9,26.0,3.9,211.0,8,0.0,2,40,2021,0.8660254037844386,0.5000000000000001,0.6354323008901774,0.7721565844991642,11.08388888888889,0,30.6,52.8,61.8,51.54285714285714
2021-02-10,66.1,44.5,54.0,45.7,75.6,0,0.0,15.0,10.3,242.2,1016.1,60.7,3.1,160.3,6,0.0,2,41,2021,0.8660254037844386,0.5000000000000001,0.6486295610349814,0.7611042586607747,11.108333333333333,0,21.599999999999994,54.5,65.3,51.800000000000004
2021-02-11,67.9,44.5,55.2,46.7,76.0,0,0.0,17.7,9.2,222.4,1015.0,29.2,2.9,207.7,8,0.0,2,42,2021,0.8660254037844386,0.5000000000000001,0.6616346182422783,0.7498264012045686,11.1325,0,23.400000000000006,54.0,75.6,52.142857142857146
2021-02-12,67.9,48.1,56.3,47.4,75.2,100,8.33,17.7,9.2,246.8,1016.1,69.0,2.8,162.3,8,0.0,2,43,2021,0.8660254037844386,0.5000000000000001,0.6744436188329455,0.7383263540031065,11.157222222222222,0,19.800000000000004,55.2,76.0,52.94285714285714
2021-02-13,67.9,48.1,56.6,48.0,75.4,100,16.67,15.2,8.1,224.5,1017.3,59.6,2.8,145.9,6,0.0,2,44,2021,0.8660254037844386,0.5000000000000001,0.6870527672236669,0.7266075247685656,11.182222222222222,0,19.800000000000004,56.3,75.2,53.957142857142856
2021-02-14,69.7,48.3,57.7,48.7,74.5,0,0.0,16.6,12.8,210.7,1018.3,53.5,2.7,165.7,6,0.0,2,45,2021,0.8660254037844386,0.5000000000000001,0.6994583270516471,0.7146733860429609,11.206944444444444,0,21.400000000000006,56.6,75.4,55.3
2021-02-15,69.7,48.1,57.3,48.1,73.9,0,0.0,18.3,10.3,239.8,1016.8,42.8,2.4,197.5,8,0.0,2,46,2021,0.8660254037844386,0.5000000000000001,0.7116566222817746,0.702527474169157,11.231944444444444,0,21.6,57.7,74.5,55.942857142857136
2021-02-16,69.7,44.5,56.4,45.3,70.9,0,0.0,19.5,10.3,207.5,1017.1,29.2,3.1,184.9,8,0.0,2,47,2021,0.8660254037844386,0.5000000000000001,0.7236440382959124,0.6901733882429719,11.2575,0,25.200000000000003,57.3,73.9,56.214285714285715
2021-02-17,69.7,44.9,55.7,42.9,66.3,0,0.0,16.8,15.0,244.8,1018.8,47.0,3.5,203.0,8,0.0,2,48,2021,0.8660254037844386,0.5000000000000001,0.7354170229639855,0.6776147890466889,11.282777777777778,0,24.800000000000004,56.4,70.9,56.45714285714286
2021-02-18,66.1,44.5,54.6,40.6,61.5,0,0.0,17.9,10.3,127.8,1021.8,46.5,3.9,180.5,7,0.0,2,49,2021,0.8660254037844386,0.5000000000000001,0.7469720876965552,0.6648553979642865,11.30861111111111,0,21.599999999999994,55.7,66.3,56.37142857142857
2021-02-19,69.7,42.7,54.9,40.0,61.5,100,4.17,15.9,11.4,113.7,1022.4,40.7,3.9,222.5,8,0.0,2,50,2021,0.8660254037844386,0.5000000000000001,0.7583058084785625,0.6518989958787126,11.334444444444445,0,27.0,54.6,61.5,56.17142857142857
2021-02-20,71.5,44.5,56.6,40.6,59.5,0,0.0,14.3,11.4,341.0,1019.8,22.9,4.1,226.6,8,0.0,2,51,2021,0.8660254037844386,0.5000000000000001,0.7694148268839378,0.6387494220515272,11.360277777777778,0,27.0,54.9,61.5,56.17142857142857
2021-02-21,73.3,44.5,58.0,42.5,61.4,0,0.0,18.1,9.2,263.1,1018.0,24.0,3.8,241.4,9,0.0,2,52,2021,0.8660254037844386,0.5000000000000001,0.7802958510707755,0.6254105729852463,11.386666666666667,0,28.799999999999997,56.6,59.5,56.214285714285715
2021-02-22,73.3,46.3,58.8,46.1,66.0,0,0.0,15.7,10.3,223.5,1019.5,25.0,3.1,246.2,9,6.400799999999999,2,53,2021,0.8660254037844386,0.5000000000000001,0.7909456567567772,0.6118864012687243,11.412777777777778,1,27.0,58.0,61.4,56.42857142857143
2021-02-23,75.1,49.9,60.5,48.7,68.6,0,0.0,17.4,10.3,227.3,1017.9,39.7,2.9,225.7,8,0.0,2,54,2021,0.8660254037844386,0.5000000000000001,0.8013610881746766,0.5981809144059164,11.439166666666667,0,25.199999999999996,58.8,66.0,57.01428571428572
2021-02-24,75.1,49.9,60.7,49.2,69.5,0,0.0,16.8,11.4,245.3,1015.4,26.0,2.9,177.8,6,0.0,2,55,2021,0.8660254037844386,0.5000000000000001,0.8115390590073611,0.5842981736283683,11.465833333333334,0,25.199999999999996,60.5,68.6,57.72857142857142
2021-02-25,73.3,51.7,60.9,52.2,75.6,0,0.0,18.1,10.3,199.9,1013.1,35.5,2.2,177.0,6,0.0,2,56,2021,0.8660254037844386,0.5000000000000001,0.8214765533024142,0.5702422926917871,11.492222222222223,0,21.599999999999994,60.7,69.5,58.62857142857143
2021-02-26,73.3,51.7,61.5,53.1,76.6,0,0.0,16.1,13.9,204.4,1011.8,48.0,2.2,173.7,7,8.001,2,57,2021,0.8660254037844386,0.5000000000000001,0.8311706263658079,0.5560174366570446,11.518888888888888,1,21.599999999999994,60.9,75.6,59.57142857142857
2021-02-27,73.3,55.3,63.6,53.5,72.4,100,4.17,25.3,13.9,286.3,1011.8,67.2,2.4,179.9,7,0.0,2,58,2021,0.8660254037844386,0.5000000000000001,0.8406184056344782,0.5416278206559814,11.545833333333333,0,18.0,61.5,76.6,60.57142857142857
2021-02-28,75.1,57.1,64.8,51.7,65.7,0,0.0,23.0,13.9,252.5,1013.3,47.0,3.1,198.8,7,0.0,2,59,2021,0.8660254037844386,0.5000000000000001,0.8498170915275278,0.5270777086423722,11.572777777777778,0,17.999999999999993,63.6,72.4,61.542857142857144
2021-03-01,76.9,51.7,63.3,48.7,61.5,0,0.0,21.3,15.0,215.0,1015.5,23.0,3.6,240.7,9,0.0,3,60,2021,1.0,6.123233995736766e-17,0.8587639582758029,0.5123714121284237,11.599722222222223,0,25.200000000000003,64.8,65.7,62.18571428571429
2021-03-02,73.3,49.9,59.7,37.7,49.7,0,0.0,18.6,16.1,180.8,1016.5,25.0,4.5,244.1,9,0.0,3,61,2021,1.0,6.123233995736766e-17,0.8674563547295968,0.49751328890718066,11.626666666666667,0,23.4,63.3,61.5,62.07142857142857
2021-03-03,71.5,46.3,58.8,38.4,50.7,0,0.0,19.5,15.0,204.4,1017.2,25.0,3.8,254.1,9,0.0,3,62,2021,1.0,6.123233995736766e-17,0.8758917051442429,0.48250774176121847,11.653888888888888,0,25.200000000000003,59.7,49.7,61.800000000000004
2021-03-04,71.5,48.1,59.3,42.2,55.8,0,0.0,19.5,13.9,195.5,1016.8,42.8,3.7,169.6,7,0.0,3,63,2021,1.0,6.123233995736766e-17,0.8840675099433636,0.46735921715800227,11.681111111111111,0,23.4,58.8,50.7,61.57142857142857
2021-03-05,73.3,49.9,59.1,47.0,69.1,0,0.0,23.5,12.8,204.9,1015.3,44.9,3.4,224.2,8,0.0,3,64,2021,1.0,6.123233995736766e-17,0.8919813464595485,0.45207220393230435,11.708333333333334,0,23.4,59.3,55.8,61.22857142857142
2021-03-06,71.5,48.1,58.1,48.0,74.4,100,4.17,17.2,12.8,193.5,1016.2,48.0,3.5,210.3,9,6.1,3,65,2021,1.0,6.123233995736766e-17,0.8996308696522433,0.43665123195606403,11.735833333333334,1,23.4,59.1,69.1,60.44285714285714
2021-03-07,66.1,49.9,58.5,51.6,79.8,0,0.0,16.6,9.2,126.0,1018.0,66.9,3.0,162.0,7,0.0,3,66,2021,1.0,6.123233995736766e-17,0.9070138128026359,0.4211008707960896,11.763055555555555,0,16.199999999999996,58.1,74.4,59.542857142857144
2021-03-08,76.9,51.7,62.3,51.2,71.1,0,0.0,25.1,16.1,305.4,1019.3,49.1,3.0,227.6,8,0.0,3,67,2021,1.0,6.123233995736766e-17,0.9141279881853337,0.40542572835999735,11.790277777777778,0,25.200000000000003,58.5,79.8,59.39999999999999
2021-03-09,76.9,49.9,63.3,46.6,60.8,0,0.0,26.4,16.1,291.8,1018.5,26.0,4.2,228.5,8,0.0,3,68,2021,1.0,6.123233995736766e-17,0.9209712877166346,0.38963044953078796,11.818055555555556,0,27.000000000000007,62.3,71.1,59.91428571428571
2021-03-10,76.9,53.5,62.9,49.5,65.3,0,0.0,23.0,13.9,298.4,1019.0,38.6,4.0,225.9,8,0.0,3,69,2021,1.0,6.123233995736766e-17,0.9275416835791966,0.37371971479046906,11.845277777777778,0,23.400000000000006,63.3,60.8,60.5
2021-03-11,75.1,49.9,63.0,48.0,61.7,100,4.17,22.6,13.9,289.0,1020.3,27.1,4.1,248.6,9,0.5,3,70,2021,1.0,6.123233995736766e-17,0.9338372288229252,0.35769823883312546,11.873055555555556,1,25.199999999999996,62.9,65.3,61.02857142857143
2021-03-12,76.9,53.5,64.8,50.5,63.0,0,0.0,21.0,12.8,242.6,1022.3,37.0,3.5,252.9,9,0.0,3,71,2021,1.0,6.123233995736766e-17,0.9398560579418954,0.3415707691678556,11.900555555555556,0,23.400000000000006,63.0,61.7,61.84285714285714
2021-03-13,69.7,55.3,62.1,49.8,65.2,100,4.17,18.1,10.3,210.6,1021.1,73.8,3.8,171.0,7,0.0,3,72,2021,1.0,6.123233995736766e-17,0.9455963874271426,0.3253420847119801,11.928055555555556,0,14.400000000000006,64.8,63.0,62.41428571428571
2021-03-14,75.1,49.9,61.5,50.9,70.9,0,0.0,19.9,13.9,217.4,1017.1,35.2,3.7,209.3,8,0.0,3,73,2021,1.0,6.123233995736766e-17,0.9510565162951535,0.30901699437494745,11.955555555555556,0,25.199999999999996,62.1,65.2,62.84285714285714
2021-03-15,75.1,48.3,63.0,50.5,66.6,0,0.0,20.4,12.8,213.6,1016.5,29.8,3.3,243.9,8,0.0,3,74,2021,1.0,6.123233995736766e-17,0.9562348265919056,0.29260033563334836,11.983333333333333,0,26.799999999999997,61.5,70.9,62.94285714285714
2021-03-16,76.9,53.5,64.0,50.3,63.6,0,0.0,19.9,15.0,211.3,1016.8,38.6,3.3,203.2,7,0.0,3,75,2021,1.0,6.123233995736766e-17,0.9611297838723007,0.27609697309746883,12.011111111111111,0,23.400000000000006,63.0,66.6,63.042857142857144
2021-03-17,76.9,53.5,64.5,48.7,59.8,0,0.0,20.8,13.9,203.2,1016.2,27.6,3.1,246.1,8,0.0,3,76,2021,1.0,6.123233995736766e-17,0.9657399376548549,0.2595117970697999,12.03888888888889,0,23.400000000000006,64.0,63.6,63.271428571428565
2021-03-18,76.9,53.5,64.8,48.3,57.8,0,0.0,21.9,15.0,212.6,1017.2,26.0,2.8,243.9,9,0.0,3,77,2021,1.0,6.123233995736766e-17,0.970063921851507,0.2428497220959356,12.06638888888889,0,23.400000000000006,64.5,59.8,63.528571428571425
2021-03-19,76.9,53.5,65.6,48.9,58.4,0,0.0,23.7,10.3,255.3,1016.7,57.0,2.8,246.7,9,0.0,3,78,2021,1.0,6.123233995736766e-17,0.9741004551724205,0.22611568550828828,12.09388888888889,0,23.400000000000006,64.8,57.8,63.64285714285713
2021-03-20,78.7,55.3,65.6,45.2,51.0,0,0.0,25.3,12.8,292.9,1014.8,55.9,3.3,243.8,9,0.0,3,79,2021,1.0,6.123233995736766e-17,0.9778483415056568,0.20931464596304847,12.121944444444445,0,23.400000000000006,65.6,58.4,64.14285714285714
2021-03-21,80.5,53.5,65.9,43.4,47.5,0,0.0,21.5,36.9,302.6,1015.8,34.9,3.6,256.8,9,0.0,3,80,2021,1.0,6.123233995736766e-17,0.9813064702716093,0.19245158197082998,12.149444444444445,0,27.0,65.6,51.0,64.77142857142857
2021-03-22,80.5,53.5,66.0,44.4,49.0,0,0.0,23.3,12.8,234.8,1018.6,26.0,2.8,263.2,9,0.0,3,81,2021,1.0,6.123233995736766e-17,0.9844738167520922,0.1755314904214282,12.176944444444445,0,27.0,65.9,47.5,65.2
2021-03-23,80.5,55.3,67.1,46.0,49.8,0,0.0,24.8,15.0,246.6,1019.8,34.9,2.5,259.2,9,0.0,3,82,2021,1.0,6.123233995736766e-17,0.9873494423939864,0.15855938510313478,12.204722222222221,0,25.200000000000003,66.0,49.0,65.64285714285714
2021-03-24,78.7,57.1,67.8,45.1,47.0,0,0.0,24.2,12.8,295.7,1018.0,43.8,3.1,248.8,9,0.0,3,83,2021,1.0,6.123233995736766e-17,0.989932495087353,0.141540295217043,12.232222222222223,0,21.6,67.1,49.8,66.11428571428571
2021-03-25,78.7,53.5,65.7,37.8,40.5,0,0.0,26.2,11.4,265.4,1016.1,25.0,3.5,282.5,9,0.0,3,84,2021,1.0,6.123233995736766e-17,0.9922222094179323,0.12447926388678915,12.259722222222223,0,25.200000000000003,67.8,47.0,66.24285714285715
2021-03-26,78.7,49.9,63.4,40.3,45.1,0,0.0,20.8,13.9,207.6,1016.2,24.3,2.2,298.5,10,0.0,3,85,2021,1.0,6.123233995736766e-17,0.994217906893952,0.10738134666416309,12.2875,0,28.800000000000004,65.7,40.5,65.92857142857143
2021-03-27,76.9,51.7,63.6,45.2,53.9,0,0.0,18.1,11.4,232.0,1016.7,25.0,1.4,298.5,10,0.0,3,86,2021,1.0,6.123233995736766e-17,0.995918996147179,0.09025161003104117,12.315,0,25.200000000000003,63.4,45.1,65.64285714285714
2021-03-28,75.1,53.5,63.2,46.4,56.2,0,0.0,19.5,11.4,266.3,1015.5,25.0,1.4,281.5,10,0.0,3,87,2021,1.0,6.123233995736766e-17,0.9973249731081555,0.07309512989807777,12.3425,0,21.599999999999994,63.6,53.9,65.25714285714285
2021-03-29,75.1,53.5,63.9,47.9,58.4,0,0.0,23.9,10.3,252.7,1013.5,44.9,1.4,245.8,9,0.0,3,88,2021,1.0,6.123233995736766e-17,0.9984354211555643,0.055916990100603484,12.37,0,21.599999999999994,63.2,56.2,64.95714285714286
2021-03-30,78.7,53.5,66.5,49.9,57.7,0,0.0,20.8,9.2,165.4,1008.1,36.5,1.9,224.0,7,0.0,3,89,2021,1.0,6.123233995736766e-17,0.9992500112396835,0.03872228089217446,12.3975,0,25.200000000000003,63.9,58.4,64.87142857142858
2021-03-31,75.1,55.3,64.5,54.0,70.6,0,0.0,17.4,9.2,321.1,1005.5,54.3,2.0,207.2,7,0.0,3,90,2021,1.0,6.123233995736766e-17,0.9997685019798909,0.021516097436222254,12.424722222222222,0,19.799999999999997,66.5,57.7,64.4
2021-04-01,76.9,57.1,64.1,52.1,69.3,100,4.17,20.6,18.3,182.6,1007.5,51.8,3.3,252.9,9,9.9,4,91,2021,0.8660254037844387,-0.49999999999999983,0.9999907397361901,0.004303538296244289,12.451944444444445,1,19.800000000000004,64.5,70.6,64.17142857142856
2021-04-02,76.9,51.7,63.9,41.7,49.9,0,0.0,25.9,13.9,187.3,1012.3,30.8,3.9,291.4,10,0.0,4,92,2021,0.8660254037844387,-0.49999999999999983,0.9999166586547379,-0.01291029607500882,12.479444444444445,0,25.200000000000003,64.1,69.3,64.24285714285715
2021-04-03,78.7,49.9,64.5,32.7,38.2,0,0.0,22.6,12.8,201.6,1015.5,33.9,3.8,287.1,10,0.0,4,93,2021,0.8660254037844387,-0.49999999999999983,0.9995462806873573,-0.030120304846908114,12.506388888888889,0,28.800000000000004,63.9,49.9,64.37142857142858
2021-04-04,78.7,49.9,63.5,34.0,37.2,0,0.0,18.3,11.4,160.9,1016.0,28.2,2.4,300.2,10,0.0,4,94,2021,0.8660254037844387,-0.49999999999999983,0.9988797155850336,-0.04732138832243185,12.533333333333333,0,28.800000000000004,64.5,38.2,64.41428571428571
2021-04-05,78.7,49.9,63.3,40.1,46.1,0,0.0,18.1,12.8,178.2,1018.0,25.0,1.7,309.8,10,0.0,4,95,2021,0.8660254037844387,-0.49999999999999983,0.9979171608653922,-0.06450844944931623,12.560555555555556,0,28.800000000000004,63.5,37.2,64.32857142857144
2021-04-06,78.7,51.7,64.4,44.5,51.2,0,0.0,20.1,9.2,307.3,1017.3,29.3,1.5,297.0,10,0.0,4,96,2021,0.8660254037844387,-0.49999999999999983,0.9966589017541702,-0.08167639533042241,12.5875,0,27.0,63.3,46.1,64.02857142857142
2021-04-07,80.5,53.5,66.8,49.7,56.8,0,0.0,26.8,8.1,206.8,1017.7,25.0,1.8,280.7,9,0.0,4,97,2021,0.8660254037844387,-0.49999999999999983,0.9951053111006976,-0.09882013873287143,12.614444444444445,0,27.0,64.4,51.2,64.35714285714286
2021-04-08,82.3,57.1,68.8,48.9,54.5,0,0.0,27.7,16.1,282.8,1015.4,34.6,2.8,295.5,10,0.0,4,98,2021,0.8660254037844387,-0.49999999999999983,0.9932568492674143,-0.11593459959550041,12.641388888888889,0,25.199999999999996,66.8,56.8,65.02857142857142
2021-04-09,82.3,55.3,66.5,46.9,54.9,0,0.0,30.0,18.3,274.2,1016.9,46.6,3.9,301.4,10,0.0,4,99,2021,0.8660254037844387,-0.49999999999999983,0.9911140639934547,-0.1330147065341959,12.668055555555556,0,27.0,68.8,54.5,65.4
2021-04-10,82.3,53.5,67.1,43.1,48.5,100,4.17,26.8,11.4,291.0,1018.3,24.0,4.8,314.4,10,1.0,4,100,2021,0.8660254037844387,-0.49999999999999983,0.9886775902323405,-0.1500553983446526,12.694722222222222,1,28.799999999999997,66.5,54.9,65.77142857142857
2021-04-11,84.1,55.3,68.9,39.4,38.6,0,0.0,23.3,8.1,248.2,1018.6,28.1,3.9,316.7,10,0.0,4,101,2021,0.8660254037844387,-0.49999999999999983,0.9859481499638304,-0.16705162550211924,12.721111111111112,0,28.799999999999997,67.1,48.5,66.54285714285713
2021-04-12,82.3,55.3,68.0,38.8,38.5,0,0.0,23.7,15.0,218.5,1019.3,47.5,2.6,275.2,10,0.9906,4,102,2021,0.8660254037844387,-0.49999999999999983,0.9829265519799822,-0.18399835165768005,12.7475,1,27.0,68.9,38.6,67.21428571428571
2021-04-13,82.3,55.3,67.0,42.0,43.5,0,0.0,21.9,9.2,129.9,1018.1,43.3,2.7,275.9,10,0.0,4,103,2021,0.8660254037844387,-0.49999999999999983,0.9796136916454901,-0.20089055513063506,12.773888888888889,0,27.0,68.0,38.5,67.58571428571427
2021-04-14,84.1,55.3,69.3,46.8,48.5,0,0.0,21.9,10.3,238.6,1017.0,27.1,2.9,297.6,10,0.0,4,104,2021,0.8660254037844387,-0.49999999999999983,0.9760105506323683,-0.21772323039653177,12.8,0,28.799999999999997,67.0,43.5,67.94285714285714
2021-04-15,84.1,58.9,69.6,49.2,51.6,0,0.0,53.0,30.0,289.4,1016.0,48.1,3.1,276.2,10,0.0,4,105,2021,0.8660254037844387,-0.49999999999999983,0.9721181966290613,-0.23449138957040985,12.82638888888889,0,25.199999999999996,69.3,48.5,68.05714285714285
2021-04-16,75.1,57.1,62.6,52.2,71.2,0,0.0,24.4,10.3,118.7,1017.1,77.4,3.8,267.9,10,11.9,4,106,2021,0.8660254037844387,-0.49999999999999983,0.9679377830240642,-0.25119006388481935,12.852222222222222,1,17.999999999999993,69.6,51.6,67.5
2021-04-17,80.5,55.3,64.7,54.3,72.3,100,4.17,27.3,15.0,296.1,1017.6,36.5,3.5,245.3,9,1.3,4,107,2021,0.8660254037844387,-0.49999999999999983,0.9634705485641488,-0.2678143051621742,12.878055555555555,1,25.200000000000003,62.6,71.2,67.15714285714286
2021-04-18,78.7,53.5,64.4,49.7,64.6,100,4.17,32.2,20.8,288.3,1017.3,37.6,4.7,279.9,9,0.3,4,108,2021,0.8660254037844387,-0.49999999999999983,0.9587178169872964,-0.2843591872810034,12.903888888888888,1,25.200000000000003,64.7,72.3,66.51428571428572
2021-04-19,78.7,51.7,65.6,50.4,62.4,100,4.17,22.6,10.3,244.5,1013.2,25.0,4.9,276.7,9,7.4,4,109,2021,0.8660254037844387,-0.49999999999999983,0.9536809966304457,-0.30081980763566735,12.929166666666667,1,27.0,64.4,64.6,66.17142857142858
2021-04-20,82.3,55.3,69.2,50.9,56.4,0,0.0,24.4,15.0,216.6,1014.0,27.1,4.3,305.4,10,0.0,4,110,2021,0.8660254037844387,-0.49999999999999983,0.9483615800121715,-0.3171912885891061,12.954444444444444,0,27.0,65.6,62.4,66.4857142857143
2021-04-21,71.5,58.9,65.4,53.1,65.4,0,0.0,21.0,10.3,89.2,1017.9,70.1,3.3,179.8,6,0.0,4,111,2021,0.8660254037844387,-0.49999999999999983,0.9427611433904207,-0.3334687789181868,12.98,0,12.600000000000001,69.2,56.4,65.92857142857143
2021-04-22,76.9,57.1,64.7,49.3,61.9,100,4.17,20.1,12.8,246.3,1018.8,55.4,4.9,230.9,9,6.6,4,112,2021,0.8660254037844387,-0.49999999999999983,0.9368813462954315,-0.3496474552512284,13.005,1,19.800000000000004,65.4,65.4,65.22857142857143
2021-04-23,90.8,51.7,67.7,44.5,47.0,0,0.0,22.8,12.8,291.9,1016.1,24.0,5.7,329.3,10,0.0,4,113,2021,0.8660254037844387,-0.49999999999999983,0.9307239310379795,-0.36572252349726897,13.029722222222222,0,39.099999999999994,64.7,61.9,65.95714285714287
2021-04-24,82.3,57.1,71.0,44.7,43.4,0,0.0,31.1,15.0,302.0,1016.5,30.8,5.1,295.8,10,0.0,4,114,2021,0.8660254037844387,-0.49999999999999983,0.9242907221930934,-0.3816892202666588,13.054444444444444,0,25.199999999999996,67.7,47.0,66.85714285714286
2021-04-25,85.9,57.1,71.9,45.1,42.9,0,0.0,21.9,13.9,231.2,1016.6,25.0,4.9,318.2,10,0.0,4,115,2021,0.8660254037844387,-0.49999999999999983,0.9175836260593937,-0.39754281428255595,13.078888888888889,0,28.800000000000004,71.0,43.4,67.92857142857143
2021-04-26,84.1,58.9,72.5,47.9,44.7,0,0.0,17.4,12.8,186.7,1015.9,25.0,4.3,333.9,10,0.0,4,116,2021,0.8660254037844387,-0.49999999999999983,0.9106046300942163,-0.4132786077829042,13.103333333333333,0,25.199999999999996,71.9,42.9,68.91428571428571
2021-04-27,85.9,58.9,72.3,47.8,44.4,0,0.0,23.5,16.1,187.2,1016.6,27.1,3.7,309.5,10,0.0,4,117,2021,0.8660254037844387,-0.49999999999999983,0.9033558023246845,-0.4288919379124835,13.1275,0,27.000000000000007,72.5,44.7,69.35714285714286
2021-04-28,84.1,58.9,72.7,49.5,46.3,0,0.0,24.6,13.9,201.7,1017.7,26.0,3.6,277.4,10,0.0,4,118,2021,0.8660254037844387,-0.49999999999999983,0.895839290734909,-0.4443781781046132,13.151388888888889,0,25.199999999999996,72.3,44.4,70.4
2021-04-29,80.5,58.9,66.6,54.9,68.4,100,4.17,20.8,13.9,109.0,1019.2,58.0,3.7,264.1,9,5.3,4,119,2021,0.8660254037844387,-0.49999999999999983,0.8880573226294932,-0.45973273945210397,13.175,1,21.6,72.7,46.3,70.67142857142858
2021-04-30,80.5,57.1,65.7,54.3,70.9,100,4.17,16.1,11.4,148.8,1017.9,61.2,4.0,187.3,8,1.0,4,120,2021,0.8660254037844387,-0.49999999999999983,0.8800122039735357,-0.47495107206704995,13.198611111111111,1,23.4,66.6,68.4,70.38571428571429
2021-05-01,78.7,58.9,66.6,57.1,73.5,100,4.17,17.4,15.7,164.0,1017.6,77.0,3.8,203.5,8,0.3,5,121,2021,0.49999999999999994,-0.8660254037844387,0.8717063187093218,-0.49002866642905923,13.221666666666666,1,19.800000000000004,65.7,70.9,69.75714285714285
2021-05-02,69.7,58.9,63.4,59.6,88.1,100,4.17,15.9,6.9,106.4,1017.5,77.1,3.5,206.2,7,4.2926,5,122,2021,0.49999999999999994,-0.8660254037844387,0.8631421280499114,-0.5049610547215204,13.245,1,10.800000000000004,66.6,73.5,68.54285714285714
2021-05-03,78.7,57.1,67.0,60.2,81.0,0,0.0,27.1,19.7,281.4,1015.2,64.3,3.5,213.0,7,0.0,5,123,2021,0.49999999999999994,-0.8660254037844387,0.854322169749827,-0.5197438121555155,13.2675,0,21.6,63.4,88.1,67.75714285714285
2021-05-04,75.1,60.7,65.3,60.9,86.2,0,0.0,17.2,15.0,155.8,1015.3,88.0,3.4,211.6,8,0.0,5,124,2021,0.49999999999999994,-0.8660254037844387,0.8452490573530633,-0.5343725582809787,13.29,0,14.399999999999991,67.0,81.0,66.75714285714285
2021-05-05,71.5,60.7,65.8,60.0,82.3,100,8.33,15.0,12.8,148.9,1015.6,69.1,4.3,92.1,5,1.5,5,125,2021,0.49999999999999994,-0.8660254037844387,0.835925479418637,-0.548842958284719,13.312222222222223,1,10.799999999999997,65.3,86.2,65.77142857142857
2021-05-06,75.1,58.9,67.0,58.9,76.1,100,4.17,19.0,6.9,109.1,1017.3,82.7,3.9,211.6,7,0.8,5,126,2021,0.49999999999999994,-0.8660254037844387,0.8263541987239096,-0.5631507242749186,13.334166666666667,1,16.199999999999996,65.8,82.3,65.82857142857142
2021-05-07,78.7,62.5,68.0,60.0,77.6,0,0.0,16.3,9.2,121.3,1017.7,75.1,4.1,166.4,7,0.0,5,127,2021,0.49999999999999994,-0.8660254037844387,0.8165380514459161,-0.5772916165517272,13.355833333333333,0,16.200000000000003,67.0,76.1,66.15714285714286
2021-05-08,78.7,60.7,68.6,56.1,65.9,0,0.0,18.3,12.8,257.6,1017.1,63.8,4.3,258.9,8,0.1016,5,128,2021,0.49999999999999994,-0.8660254037844387,0.8064799463209448,-0.5912614448635781,13.377222222222223,1,18.0,68.0,77.6,66.44285714285714
2021-05-09,80.5,58.9,68.4,53.8,61.2,0,0.0,21.0,18.3,217.2,1015.2,55.4,5.2,257.3,9,0.0,5,129,2021,0.49999999999999994,-0.8660254037844387,0.7961828637826158,-0.6050560696488488,13.398333333333333,0,21.6,68.6,65.9,67.15714285714286
2021-05-10,75.1,60.7,66.0,59.2,79.9,100,4.17,18.3,8.1,100.8,1014.0,78.0,4.0,245.8,9,1.3,5,130,2021,0.49999999999999994,-0.8660254037844387,0.7856498550787145,-0.6186714032625031,13.419166666666667,1,14.399999999999991,68.4,61.2,67.01428571428572
2021-05-11,73.3,58.2,65.1,60.1,84.5,100,4.17,21.0,11.4,240.0,1013.0,65.9,3.9,232.1,7,7.9,5,131,2021,0.49999999999999994,-0.8660254037844387,0.7748840413670407,-0.6321034111873487,13.439722222222223,1,15.099999999999994,66.0,79.9,66.98571428571428
2021-05-12,69.7,60.7,64.7,60.6,87.0,100,8.33,17.4,11.4,123.6,1011.4,77.0,4.1,118.4,6,7.1,5,132,2021,0.49999999999999994,-0.8660254037844387,0.7638886127905428,-0.6453481132295501,13.459722222222222,1,9.0,65.1,84.5,66.82857142857144
2021-05-13,71.5,58.9,63.9,59.2,85.6,100,8.33,18.8,5.8,96.4,1012.2,73.3,4.1,197.4,8,5.1,5,133,2021,0.49999999999999994,-0.8660254037844387,0.7526668275320084,-0.6584015846980488,13.479722222222222,1,12.600000000000001,64.7,87.0,66.38571428571429
2021-05-14,87.2,57.1,68.6,57.7,71.2,100,4.17,19.9,12.8,299.2,1010.6,41.4,5.0,252.1,9,0.0,5,134,2021,0.49999999999999994,-0.8660254037844387,0.741222010848596,-0.6712599575675313,13.499166666666667,0,30.1,63.9,85.6,66.47142857142858
2021-05-15,82.3,58.6,70.5,57.4,66.2,0,0.0,19.0,13.9,295.9,1012.9,34.3,5.4,287.1,9,0.0,5,135,2021,0.49999999999999994,-0.8660254037844387,0.7295575540864875,-0.6839194216246106,13.518055555555556,0,23.699999999999996,68.6,71.2,66.74285714285715
2021-05-16,85.9,60.7,74.0,55.4,56.5,0,0.0,20.6,15.0,274.1,1014.7,27.1,5.1,297.4,9,0.0,5,136,2021,0.49999999999999994,-0.8660254037844387,0.717676913675962,-0.6963762255968722,13.536944444444444,0,25.200000000000003,70.5,66.2,67.54285714285713
2021-05-17,82.3,62.5,73.5,58.6,61.1,0,0.0,21.9,10.3,325.9,1015.2,70.1,4.9,256.7,9,0.0,5,137,2021,0.49999999999999994,-0.8660254037844387,0.705583610107178,-0.7086266782644596,13.555,0,19.799999999999997,74.0,56.5,68.61428571428571
2021-05-18,82.3,67.9,73.4,62.0,68.2,100,4.17,14.1,10.3,282.9,1013.8,85.5,4.2,164.3,6,0.0,5,138,2021,0.49999999999999994,-0.8660254037844387,0.6932812268869777,-0.7206671495538609,13.573333333333334,0,14.399999999999991,73.5,61.1,69.8
2021-05-19,73.3,64.5,69.4,64.3,84.3,0,0.0,15.4,4.7,51.1,1013.6,84.1,3.3,71.9,4,0.0,5,139,2021,0.49999999999999994,-0.8660254037844387,0.6807734094770161,-0.7324940716135789,13.590833333333334,0,8.799999999999997,73.4,68.2,70.47142857142858
2021-05-20,73.3,64.3,67.5,65.7,94.4,100,8.33,12.5,6.9,101.5,1013.4,88.4,3.7,85.5,4,8.6,5,140,2021,0.49999999999999994,-0.8660254037844387,0.6680638642135335,-0.7441039398713607,13.608055555555556,1,9.0,69.4,84.3,70.98571428571428
2021-05-21,85.9,62.3,71.9,64.8,80.9,100,4.17,16.8,16.1,211.2,1012.6,71.2,4.7,250.3,8,3.0,5,141,2021,0.49999999999999994,-0.8660254037844387,0.6551563572090853,-0.7554933140726803,13.624722222222223,1,23.60000000000001,67.5,94.4,71.45714285714287
2021-05-22,84.1,67.9,75.5,65.4,72.5,0,0.0,15.9,9.54,229.2,1011.6,64.8,5.1,263.8,9,0.0,5,142,2021,0.49999999999999994,-0.8660254037844387,0.6420547132365637,-0.766658819300159,13.640833333333333,0,16.19999999999999,71.9,80.9,72.17142857142858
2021-05-23,85.9,67.9,77.1,65.7,69.9,0,0.0,16.6,10.3,227.6,1012.2,56.4,5.4,256.0,9,0.0,5,143,2021,0.49999999999999994,-0.8660254037844387,0.6287628145958344,-0.777597146973627,13.656944444444445,0,18.0,75.5,72.5,72.61428571428571
2021-05-24,87.7,66.8,76.4,64.4,68.8,100,4.17,15.7,13.9,195.4,1012.0,69.8,4.7,244.8,8,0.3,5,144,2021,0.49999999999999994,-0.8660254037844387,0.6152845999633276,-0.7883050558305255,13.6725,1,20.900000000000006,77.1,69.9,73.02857142857144
2021-05-25,80.5,67.9,71.9,65.3,80.4,0,0.0,15.9,16.1,179.5,1010.7,71.7,4.2,205.8,9,3.8,5,145,2021,0.49999999999999994,-0.8660254037844387,0.6016240632249226,-0.7987793728863649,13.687222222222223,1,12.599999999999994,76.4,68.8,72.81428571428572
2021-05-26,71.5,66.1,68.1,67.2,96.8,100,8.33,11.9,5.8,255.6,1009.5,88.4,4.1,48.2,2,5.1,5,146,2021,0.49999999999999994,-0.8660254037844387,0.5877852522924732,-0.8090169943749473,13.701944444444445,1,5.400000000000006,71.9,80.4,72.62857142857142
2021-05-27,71.5,66.1,68.2,67.8,98.5,100,8.33,21.3,5.8,301.9,1009.8,88.0,3.8,59.3,3,31.2,5,147,2021,0.49999999999999994,-0.8660254037844387,0.5737722679043246,-0.8190148866680801,13.716111111111111,1,5.400000000000006,68.1,96.8,72.72857142857143
2021-05-28,67.9,64.3,66.4,65.6,97.5,100,8.33,34.4,11.4,76.5,1012.1,95.5,4.0,32.8,1,19.685,5,148,2021,0.49999999999999994,-0.8660254037844387,0.5595892624101765,-0.8287700871745037,13.729722222222222,1,3.6000000000000085,68.2,98.5,71.94285714285715
2021-05-29,80.5,65.7,70.7,65.9,85.1,100,8.33,25.3,11.4,104.4,1013.9,70.3,4.5,154.9,7,0.1016,5,149,2021,0.49999999999999994,-0.8660254037844387,0.545240438540651,-0.8382797052177743,13.742777777777778,1,14.799999999999997,66.4,97.5,71.25714285714287
2021-05-30,84.1,64.3,72.0,65.6,82.2,0,0.0,18.6,9.2,120.6,1012.3,65.4,4.5,234.8,9,0.0,5,150,2021,0.49999999999999994,-0.8660254037844387,0.5307300481619334,-0.8475409228928311,13.755277777777778,0,19.799999999999997,70.7,85.1,70.52857142857144
2021-05-31,82.3,67.9,73.9,66.9,80.7,100,4.17,17.2,12.8,244.9,1009.8,79.5,4.1,239.8,8,17.5,5,151,2021,0.49999999999999994,-0.8660254037844387,0.5160623910158528,-0.8565509959010036,13.7675,1,14.399999999999991,72.0,82.2,70.17142857142858
2021-06-01,80.5,67.9,73.3,66.0,78.7,0,0.0,18.3,11.4,240.5,1011.6,64.8,4.5,213.2,9,0.0,6,152,2021,1.2246467991473532e-16,-1.0,0.5012418134457758,-0.865307254363206,13.779166666666667,0,12.599999999999994,73.9,80.7,70.37142857142858
2021-06-02,84.1,64.3,74.0,64.4,74.1,0,0.0,17.0,15.0,231.9,1012.7,40.2,5.1,254.3,9,0.0,6,153,2021,1.2246467991473532e-16,-1.0,0.48627270710869,-0.8738071036110808,13.790277777777778,0,19.799999999999997,73.3,78.7,71.21428571428571
2021-06-03,84.1,65.6,75.0,64.9,73.4,0,0.0,18.6,11.4,233.9,1013.9,50.9,5.0,259.3,8,0.0,6,154,2021,1.2246467991473532e-16,-1.0,0.4711595076738638,-0.8820480249558537,13.800833333333333,0,18.5,74.0,74.1,72.18571428571428
2021-06-04,82.3,67.9,75.3,66.2,74.8,0,0.0,20.1,12.8,259.8,1014.1,49.6,5.0,250.8,8,0.0,6,155,2021,1.2246467991473532e-16,-1.0,0.4559066935084588,-0.8900275764346767,13.811111111111112,0,14.399999999999991,75.0,73.4,73.45714285714287
2021-06-05,85.9,67.9,76.0,64.9,71.1,0,0.0,20.8,12.8,296.8,1012.8,57.9,4.7,241.8,8,0.0,6,156,2021,1.2246467991473532e-16,-1.0,0.440518784350495,-0.8977433935342337,13.820277777777777,0,18.0,75.3,74.8,74.21428571428571
2021-06-06,85.9,67.9,76.2,65.2,71.0,100,4.17,23.0,13.9,288.9,1011.8,43.3,4.5,251.2,8,0.0,6,157,2021,1.2246467991473532e-16,-1.0,0.42500033996955416,-0.9051931898913974,13.829444444444444,0,18.0,76.0,71.1,74.8142857142857
2021-06-07,85.9,69.2,78.7,65.5,66.0,100,4.17,24.8,12.8,304.6,1009.8,44.0,4.9,277.5,9,0.0,6,158,2021,1.2246467991473532e-16,-1.0,0.4093559588156213,-0.9123747579707273,13.837777777777777,0,16.700000000000003,76.2,71.0,75.5
2021-06-08,94.7,65.4,76.3,67.2,74.6,100,4.17,18.6,12.8,155.7,1008.4,58.3,4.4,254.5,9,0.0,6,159,2021,1.2246467991473532e-16,-1.0,0.39359027665646673,-0.9192859697186104,13.845555555555556,0,29.299999999999997,78.7,66.0,75.92857142857143
2021-06-09,82.3,69.7,74.8,68.1,80.6,0,0.0,14.1,13.9,194.3,1008.7,88.3,4.4,209.2,8,5.8,6,160,2021,1.2246467991473532e-16,-1.0,0.3777079652039649,-0.9259247771938498,13.852777777777778,1,12.599999999999994,76.3,74.6,76.04285714285713
2021-06-10,80.5,69.7,72.9,68.8,87.5,100,8.33,16.3,11.4,134.5,1008.5,73.6,3.9,168.7,6,36.6,6,161,2021,1.2246467991473532e-16,-1.0,0.36171373072976765,-0.9322892131745133,13.859722222222222,1,10.799999999999997,74.8,80.6,75.74285714285715
2021-06-11,82.3,66.1,72.9,68.4,86.6,100,4.17,14.3,10.3,310.6,1007.8,77.5,4.3,192.4,7,24.4,6,162,2021,1.2246467991473532e-16,-1.0,0.3456123126707335,-0.9383773917408641,13.865833333333333,1,16.200000000000003,72.9,87.5,75.4
2021-06-12,76.9,66.6,70.9,67.9,90.9,100,8.33,13.4,4.7,240.2,1009.2,92.5,4.6,95.9,6,30.7,6,163,2021,1.2246467991473532e-16,-1.0,0.3294084822245304,-0.9441875088341993,13.87138888888889,1,10.300000000000011,72.9,86.6,74.67142857142858
2021-06-13,75.1,67.9,71.3,69.5,94.2,100,4.17,14.3,4.7,286.8,1008.8,91.0,4.7,84.0,4,0.0,6,164,2021,1.2246467991473532e-16,-1.0,0.3131070409358269,-0.9497178427914316,13.876388888888888,0,7.199999999999989,70.9,90.9,73.97142857142856
2021-06-14,78.7,69.7,72.6,70.8,94.7,100,8.33,16.8,6.9,237.4,1006.6,88.5,4.3,208.6,8,18.8,6,165,2021,1.2246467991473532e-16,-1.0,0.29671281927349075,-0.9549667548552551,13.880555555555556,1,9.0,71.3,94.2,73.1
2021-06-15,76.9,69.3,71.6,70.1,95.3,100,4.17,30.2,10.3,108.5,1004.5,89.0,4.0,71.9,5,15.0,6,166,2021,1.2246467991473532e-16,-1.0,0.28023067519921585,-0.9599326896597447,13.884444444444444,1,7.6000000000000085,72.6,94.7,72.42857142857143
2021-06-16,76.9,67.9,70.8,69.6,96.3,100,4.17,16.6,10.3,276.9,1007.2,89.4,4.2,96.5,5,4.8,6,167,2021,1.2246467991473532e-16,-1.0,0.26366549272800704,-0.9646141756912435,13.887777777777778,1,9.0,71.6,95.3,71.85714285714286
2021-06-17,78.7,67.9,72.7,69.5,90.3,100,4.17,15.4,9.2,253.9,1008.3,88.2,4.6,196.4,7,8.7884,6,168,2021,1.2246467991473532e-16,-1.0,0.24702218048093552,-0.9690098257244062,13.890277777777778,1,10.799999999999997,70.8,96.3,71.82857142857144
2021-06-18,80.5,69.7,74.4,69.9,86.7,100,4.17,23.5,6.9,224.0,1009.0,80.6,4.8,151.2,6,0.3,6,169,2021,1.2246467991473532e-16,-1.0,0.23030567023061221,-0.9731183372332619,13.8925,1,10.799999999999997,72.7,90.3,72.04285714285713
2021-06-19,82.3,68.3,73.2,68.0,84.9,100,4.17,27.7,10.3,153.4,1008.8,89.5,5.2,153.7,5,0.3,6,170,2021,1.2246467991473532e-16,-1.0,0.21352091543979612,-0.9769384927771817,13.893888888888888,1,14.0,74.4,86.7,72.37142857142858
2021-06-20,76.9,69.7,72.0,68.9,90.1,100,8.33,21.7,8.1,170.8,1009.4,88.0,4.8,78.0,4,2.8,6,171,2021,1.2246467991473532e-16,-1.0,0.19667288979357647,-0.980469160361632,13.894444444444444,1,7.200000000000003,73.2,84.9,72.47142857142856
2021-06-21,82.3,67.9,74.4,68.6,82.8,100,4.17,23.0,12.8,178.5,1009.6,69.5,5.3,194.6,6,0.0,6,172,2021,1.2246467991473532e-16,-1.0,0.1797665857255624,-0.9837092937736097,13.895,0,14.399999999999991,72.0,90.1,72.72857142857143
2021-06-22,84.1,69.7,76.1,69.3,80.3,100,4.17,19.2,16.1,195.2,1010.2,68.2,5.3,181.3,6,0.0,6,173,2021,1.2246467991473532e-16,-1.0,0.16280701293851715,-0.986657932891657,13.894722222222223,0,14.399999999999991,74.4,82.8,73.37142857142858
2021-06-23,80.5,71.5,74.6,70.7,88.3,100,8.33,17.7,9.2,173.1,1011.8,83.0,4.5,164.8,6,1.3,6,174,2021,1.2246467991473532e-16,-1.0,0.1457991969198751,-0.9893142039703663,13.893611111111111,1,9.0,76.1,80.3,73.91428571428573
2021-06-24,84.1,69.7,75.9,69.7,82.4,100,4.17,17.0,10.3,235.4,1010.8,81.7,4.6,155.9,7,7.4,6,175,2021,1.2246467991473532e-16,-1.0,0.12874817745258132,-0.99167731989929,13.891944444444444,1,14.399999999999991,74.6,88.3,74.37142857142858
2021-06-25,76.9,69.7,72.6,69.9,91.2,100,8.33,16.1,11.4,218.0,1009.8,88.0,4.2,121.5,6,2.8,6,176,2021,1.2246467991473532e-16,-1.0,0.11165900712169512,-0.993746580436178,13.889722222222222,1,7.200000000000003,75.9,82.4,74.11428571428571
2021-06-26,75.1,67.9,70.9,68.9,93.7,100,8.33,13.2,6.9,138.0,1012.3,89.5,4.1,41.7,1,34.8,6,177,2021,1.2246467991473532e-16,-1.0,0.09453674981719912,-0.9955213724144752,13.886944444444444,1,7.199999999999989,72.6,91.2,73.78571428571429
2021-06-27,92.9,69.3,74.9,70.0,85.5,100,45.83,16.1,8.1,166.9,1011.8,81.9,4.6,186.1,8,4.3,6,178,2021,1.2246467991473532e-16,-1.0,0.07738647923346301,-0.9970011699250151,13.883611111111112,1,23.60000000000001,70.9,93.7,74.2
2021-06-28,80.5,67.4,74.7,69.6,84.7,100,8.33,17.2,8.1,262.7,1010.1,81.9,4.7,188.8,7,0.0,6,179,2021,1.2246467991473532e-16,-1.0,0.06021327736579302,-0.9981855344718586,13.879722222222222,0,13.099999999999994,74.9,85.5,74.24285714285715
2021-06-29,82.3,69.7,75.3,70.4,85.4,100,4.17,16.1,8.1,235.3,1009.2,86.9,4.4,143.7,5,0.0,6,180,2021,1.2246467991473532e-16,-1.0,0.04302223300453059,-0.99907411510223,13.875277777777777,0,12.599999999999994,74.7,84.7,74.12857142857142
2021-06-30,78.7,71.5,73.6,71.6,93.6,100,8.33,23.9,9.2,182.8,1006.9,86.4,3.6,53.4,2,2.5,6,181,2021,1.2246467991473532e-16,-1.0,0.02581844022713308,-0.9996666485105112,13.87,1,7.200000000000003,75.3,85.4,73.98571428571428
2021-07-01,75.1,66.1,70.6,69.4,96.2,100,8.33,23.5,6.9,95.0,1006.8,91.0,3.2,54.7,2,53.1,7,182,2021,-0.4999999999999998,-0.8660254037844388,0.008606996888688698,-0.9999629591162655,13.864444444444445,1,9.0,73.6,93.6,73.22857142857143
2021-07-02,73.3,66.1,69.8,69.0,97.6,100,8.33,15.0,4.7,96.2,1007.8,95.5,3.3,46.2,2,46.0,7,183,2021,-0.4999999999999998,-0.8660254037844388,-0.008606996888688009,-0.9999629591162655,13.858055555555556,1,7.200000000000003,70.6,96.2,72.82857142857144
2021-07-03,80.5,67.9,72.6,69.3,90.2,100,8.33,16.6,10.3,196.0,1010.0,81.6,3.9,66.5,3,6.1,7,184,2021,-0.4999999999999998,-0.8660254037844388,-0.02581844022713239,-0.9996666485105112,13.85138888888889,1,12.599999999999994,69.8,97.6,73.07142857142857
2021-07-04,80.5,69.7,74.5,69.6,85.4,100,4.17,18.1,9.2,214.9,1011.8,86.4,4.3,201.5,9,0.3,7,185,2021,-0.4999999999999998,-0.8660254037844388,-0.04302223300453034,-0.99907411510223,13.84388888888889,1,10.799999999999997,72.6,90.2,73.0142857142857
2021-07-05,84.1,71.0,74.5,71.2,90.5,0,0.0,16.6,11.4,184.8,1011.8,87.3,4.2,216.0,8,10.4,7,186,2021,-0.4999999999999998,-0.8660254037844388,-0.060213277365792774,-0.9981855344718586,13.83611111111111,1,13.099999999999994,74.5,85.4,72.98571428571428
2021-07-06,84.1,69.7,75.8,71.4,87.0,100,4.17,16.6,12.8,231.2,1009.8,76.4,4.3,190.4,7,0.0,7,187,2021,-0.4999999999999998,-0.8660254037844388,-0.07738647923346322,-0.9970011699250151,13.827777777777778,0,14.399999999999991,74.5,90.5,73.05714285714285
2021-07-07,82.3,69.7,75.7,70.9,85.6,100,4.17,15.4,12.8,196.1,1009.3,84.9,4.3,145.5,4,0.0,7,188,2021,-0.4999999999999998,-0.8660254037844388,-0.09453674981719933,-0.9955213724144752,13.81861111111111,0,12.599999999999994,75.8,87.0,73.35714285714286
2021-07-08,76.9,69.7,72.3,70.9,95.5,100,8.33,23.5,8.1,136.8,1011.6,87.3,4.2,95.9,4,20.6,7,189,2021,-0.4999999999999998,-0.8660254037844388,-0.11165900712169444,-0.9937465804361781,13.80888888888889,1,7.200000000000003,75.7,85.6,73.60000000000001
2021-07-09,82.3,69.7,73.6,70.6,91.0,100,8.33,16.6,11.4,207.5,1011.2,86.3,4.3,135.6,5,20.3,7,190,2021,-0.4999999999999998,-0.8660254037844388,-0.12874817745258066,-0.99167731989929,13.79861111111111,1,12.599999999999994,72.3,95.5,74.14285714285714
2021-07-10,87.2,69.7,74.1,70.9,90.9,100,4.17,16.6,11.4,183.9,1010.5,86.3,4.1,134.9,4,69.3,7,191,2021,-0.4999999999999998,-0.8660254037844388,-0.14579919691987442,-0.9893142039703664,13.788333333333334,1,17.5,73.6,91.0,74.35714285714286
2021-07-11,78.7,69.7,72.2,70.5,94.6,100,4.17,17.0,6.9,131.4,1014.2,88.0,3.9,100.8,4,0.0,7,192,2021,-0.4999999999999998,-0.8660254037844388,-0.16280701293851646,-0.9866579328916572,13.776944444444444,0,9.0,74.1,90.9,74.02857142857144
2021-07-12,89.0,68.3,73.5,70.7,91.8,100,4.17,14.5,8.1,158.0,1013.9,86.7,4.7,184.9,7,14.5,7,193,2021,-0.4999999999999998,-0.8660254037844388,-0.17976658572556214,-0.9837092937736098,13.765555555555556,1,20.700000000000003,72.2,94.6,73.88571428571429
2021-07-13,84.1,69.7,74.5,70.3,88.1,100,8.33,18.1,11.4,46.0,1013.5,78.0,4.5,173.7,7,28.4,7,194,2021,-0.4999999999999998,-0.8660254037844388,-0.19667288979357622,-0.9804691603616321,13.753333333333334,1,14.399999999999991,73.5,91.8,73.7
2021-07-14,80.5,69.7,74.1,70.9,90.5,100,8.33,16.1,9.2,254.3,1012.9,86.4,4.1,130.5,7,0.2032,7,195,2021,-0.4999999999999998,-0.8660254037844388,-0.2135209154397959,-0.9769384927771817,13.740833333333333,1,10.799999999999997,74.5,88.1,73.47142857142856
2021-07-15,80.5,67.9,73.0,69.3,89.0,100,4.17,13.4,5.8,102.8,1013.8,84.3,4.2,70.9,3,1.3,7,196,2021,-0.4999999999999998,-0.8660254037844388,-0.23030567023061196,-0.973118337233262,13.7275,1,12.599999999999994,74.1,90.5,73.57142857142857
2021-07-16,75.1,69.7,71.7,70.2,95.0,100,4.17,14.3,8.1,341.0,1014.8,81.8,4.1,84.8,5,1.5,7,197,2021,-0.4999999999999998,-0.8660254037844388,-0.24702218048093527,-0.9690098257244063,13.713888888888889,1,5.3999999999999915,73.0,89.0,73.29999999999998
2021-07-17,82.3,68.1,72.3,70.3,94.1,100,8.33,16.1,8.1,111.6,1012.3,89.4,3.7,122.8,7,8.9,7,198,2021,-0.4999999999999998,-0.8660254037844388,-0.2636654927280072,-0.9646141756912435,13.7,1,14.200000000000003,71.7,95.0,73.04285714285714
2021-07-18,82.3,69.7,74.4,70.6,88.7,100,4.17,13.9,11.4,209.1,1010.5,88.0,4.2,53.3,3,2.5,7,199,2021,-0.4999999999999998,-0.8660254037844388,-0.2802306751992161,-0.9599326896597445,13.685277777777777,1,12.599999999999994,72.3,94.1,73.35714285714286
2021-07-19,80.5,71.5,74.6,71.1,88.9,100,4.17,15.9,6.9,203.8,1009.0,88.0,4.3,150.1,5,1.0,7,200,2021,-0.4999999999999998,-0.8660254037844388,-0.2967128192734901,-0.9549667548552553,13.670277777777779,1,9.0,74.4,88.7,73.51428571428572
2021-07-20,78.7,69.7,72.6,71.3,96.2,100,4.17,14.3,6.9,177.6,1008.6,88.5,4.1,84.3,5,0.0,7,201,2021,-0.4999999999999998,-0.8660254037844388,-0.3131070409358267,-0.9497178427914317,13.655,0,9.0,74.6,88.9,73.24285714285715
2021-07-21,78.7,69.7,72.9,71.1,94.4,100,8.33,16.6,11.4,169.5,1007.7,88.0,4.1,139.1,6,3.3,7,202,2021,-0.4999999999999998,-0.8660254037844388,-0.3294084822245302,-0.9441875088341994,13.639166666666666,1,9.0,72.6,96.2,73.07142857142857
2021-07-22,84.1,69.5,75.1,71.3,88.6,100,4.17,16.8,9.2,180.9,1006.9,86.9,4.5,113.0,5,7.9,7,203,2021,-0.4999999999999998,-0.8660254037844388,-0.3456123126707333,-0.9383773917408642,13.622777777777777,1,14.599999999999994,72.9,94.4,73.37142857142858
2021-07-23,85.9,69.7,76.2,71.8,86.8,0,0.0,16.3,11.4,229.4,1007.5,84.8,4.6,198.4,6,0.0,7,204,2021,-0.4999999999999998,-0.8660254037844388,-0.3617137307297674,-0.9322892131745134,13.606111111111112,0,16.200000000000003,75.1,88.6,74.01428571428572
2021-07-24,87.7,69.7,77.1,72.2,86.3,100,4.17,13.9,11.4,164.7,1008.4,75.3,4.6,185.7,6,42.9,7,205,2021,-0.4999999999999998,-0.8660254037844388,-0.37770796520396466,-0.9259247771938499,13.588888888888889,1,18.0,76.2,86.8,74.7
2021-07-25,84.1,69.7,75.4,71.6,88.5,100,4.17,12.3,13.9,211.0,1008.7,88.0,4.2,144.2,6,10.9,7,206,2021,-0.4999999999999998,-0.8660254037844388,-0.39359027665646645,-0.9192859697186105,13.571388888888889,1,14.399999999999991,77.1,86.3,74.84285714285714
2021-07-26,76.9,69.7,73.1,71.1,93.6,100,8.33,11.6,3.4,221.5,1007.3,89.0,4.0,63.9,4,26.9,7,207,2021,-0.4999999999999998,-0.8660254037844388,-0.4093559588156211,-0.9123747579707274,13.553611111111111,1,7.200000000000003,75.4,88.5,74.62857142857142
2021-07-27,80.5,69.7,74.1,71.2,91.1,100,8.33,12.8,12.8,182.1,1005.4,86.3,4.3,100.9,4,0.0,7,208,2021,-0.4999999999999998,-0.8660254037844388,-0.42500033996955394,-0.9051931898913975,13.535555555555556,0,10.799999999999997,73.1,93.6,74.84285714285714
2021-07-28,84.1,67.9,74.3,70.2,88.3,100,8.33,11.6,9.2,17.9,1006.2,90.8,4.4,159.5,6,17.5,7,209,2021,-0.4999999999999998,-0.8660254037844388,-0.4405187843504952,-0.8977433935342336,13.516944444444444,1,16.19999999999999,74.1,91.1,75.04285714285713
2021-07-29,84.1,67.9,75.3,70.1,84.8,100,4.17,15.0,12.8,245.0,1006.7,67.5,4.9,191.8,7,18.5,7,210,2021,-0.4999999999999998,-0.8660254037844388,-0.455906693508459,-0.8900275764346766,13.498055555555556,1,16.19999999999999,74.3,88.3,75.07142857142857
2021-07-30,82.3,69.7,74.7,71.2,89.5,100,4.17,13.2,8.1,224.6,1008.0,88.0,4.6,140.1,5,9.9,7,211,2021,-0.4999999999999998,-0.8660254037844388,-0.47115950767386394,-0.8820480249558535,13.47861111111111,1,12.599999999999994,75.3,84.8,74.85714285714286
2021-07-31,84.1,69.7,76.8,71.1,83.6,100,4.17,20.1,11.4,147.9,1008.4,82.2,5.0,164.6,6,9.1,7,212,2021,-0.4999999999999998,-0.8660254037844388,-0.4862727071086902,-0.8738071036110807,13.45888888888889,1,14.399999999999991,74.7,89.5,74.81428571428572
2021-08-01,84.1,69.7,75.3,70.7,86.5,100,4.17,19.7,15.0,203.7,1007.8,83.8,5.1,131.0,6,0.3,8,213,2021,-0.8660254037844384,-0.5000000000000004,-0.5012418134457756,-0.8653072543632061,13.439166666666667,1,14.399999999999991,76.8,83.6,74.8
2021-08-02,80.5,70.4,74.5,70.8,88.6,100,4.17,16.3,11.4,194.4,1008.8,83.8,4.8,111.4,4,2.3114,8,214,2021,-0.8660254037844384,-0.5000000000000004,-0.5160623910158526,-0.8565509959010037,13.418888888888889,1,10.099999999999994,75.3,86.5,75.0
2021-08-03,82.3,69.7,74.9,71.2,89.2,100,4.17,14.5,10.3,185.3,1010.2,86.9,4.2,181.2,6,0.0,8,215,2021,-0.8660254037844384,-0.5000000000000004,-0.5307300481619331,-0.8475409228928312,13.398333333333333,0,12.599999999999994,74.5,88.6,75.11428571428571
2021-08-04,76.9,69.7,72.3,70.6,94.7,100,4.17,16.8,6.9,186.2,1011.3,88.0,4.1,128.6,5,4.3,8,216,2021,-0.8660254037844384,-0.5000000000000004,-0.5452404385406507,-0.8382797052177745,13.377222222222223,1,7.200000000000003,74.9,89.2,74.82857142857142
2021-08-05,84.1,67.9,74.0,68.3,83.4,100,4.17,17.4,11.4,153.6,1010.0,88.5,5.0,114.7,4,0.8,8,217,2021,-0.8660254037844384,-0.5000000000000004,-0.5595892624101763,-0.828770087174504,13.356111111111112,1,16.19999999999999,72.3,94.7,74.64285714285714
2021-08-06,87.7,69.7,76.3,70.7,84.1,100,4.17,13.6,9.2,285.7,1009.8,86.9,4.9,160.3,6,10.7,8,218,2021,-0.8660254037844384,-0.5000000000000004,-0.5737722679043243,-0.8190148866680802,13.334722222222222,1,18.0,74.0,83.4,74.87142857142858
2021-08-07,80.5,69.7,75.0,70.7,86.7,100,4.17,15.7,11.4,199.1,1011.2,87.2,4.8,189.1,7,7.4,8,219,2021,-0.8660254037844384,-0.5000000000000004,-0.5877852522924734,-0.8090169943749472,13.313055555555556,1,10.799999999999997,76.3,84.1,74.61428571428571
2021-08-08,82.3,69.2,73.9,71.0,91.1,100,8.33,13.6,17.2,171.9,1012.7,85.7,4.2,66.2,2,14.0,8,220,2021,-0.8660254037844384,-0.5000000000000004,-0.6016240632249227,-0.7987793728863648,13.29111111111111,1,13.099999999999994,75.0,86.7,74.41428571428571
2021-08-09,84.1,69.7,74.9,71.3,89.3,100,4.17,15.9,10.3,198.0,1012.3,81.7,4.5,156.0,6,18.0,8,221,2021,-0.8660254037844384,-0.5000000000000004,-0.6152845999633277,-0.7883050558305253,13.268888888888888,1,14.399999999999991,73.9,91.1,74.47142857142856
2021-08-10,84.1,69.7,75.4,71.2,87.5,100,4.17,13.6,12.8,194.3,1009.7,79.0,4.7,129.6,5,0.5,8,222,2021,-0.8660254037844384,-0.5000000000000004,-0.6287628145958345,-0.7775971469736268,13.24638888888889,1,14.399999999999991,74.9,89.3,74.54285714285716
2021-08-11,84.1,69.7,76.0,71.4,86.5,100,4.17,17.0,12.8,194.4,1010.1,64.3,4.6,126.6,5,0.8,8,223,2021,-0.8660254037844384,-0.5000000000000004,-0.6420547132365636,-0.7666588193001592,13.223611111111111,1,14.399999999999991,75.4,87.5,75.07142857142857
2021-08-12,82.3,70.4,74.4,72.2,93.3,100,4.17,15.0,9.2,165.4,1011.8,88.5,4.1,90.1,4,10.4,8,224,2021,-0.8660254037844384,-0.5000000000000004,-0.655156357209085,-0.7554933140726804,13.200555555555555,1,11.899999999999991,76.0,86.5,75.12857142857142
2021-08-13,80.5,71.5,74.8,71.8,90.9,100,4.17,15.7,11.4,198.5,1010.3,88.0,4.0,44.3,3,3.3,8,225,2021,-0.8660254037844384,-0.5000000000000004,-0.6680638642135333,-0.7441039398713608,13.1775,1,9.0,74.4,93.3,74.91428571428571
2021-08-14,82.3,69.7,74.7,71.5,90.1,0,0.0,21.0,9.2,138.6,1007.9,86.4,4.5,28.8,1,4.6,8,226,2021,-0.8660254037844384,-0.5000000000000004,-0.6807734094770159,-0.7324940716135792,13.154166666666667,1,12.599999999999994,74.8,90.9,74.87142857142858
2021-08-15,80.5,69.7,73.9,70.9,90.8,100,4.17,22.1,9.2,152.4,1010.0,86.4,4.4,67.4,3,5.6,8,227,2021,-0.8660254037844384,-0.5000000000000004,-0.6932812268869771,-0.7206671495538615,13.130555555555556,1,10.799999999999997,74.7,90.1,74.87142857142858
2021-08-16,82.3,70.1,75.4,69.9,83.9,100,8.33,15.2,10.3,214.0,1012.8,87.4,5.0,180.7,6,0.0,8,228,2021,-0.8660254037844384,-0.5000000000000004,-0.7055836101071774,-0.7086266782644601,13.106666666666667,0,12.200000000000003,73.9,90.8,74.94285714285715
2021-08-17,80.5,70.8,74.3,70.7,88.9,100,8.33,15.9,6.9,180.3,1013.4,83.7,4.0,196.7,7,18.8,8,229,2021,-0.8660254037844384,-0.5000000000000004,-0.7176769136759615,-0.6963762255968726,13.082777777777778,1,9.700000000000003,75.4,83.9,74.78571428571429
2021-08-18,80.5,69.7,74.1,70.8,90.2,100,4.17,15.0,8.1,210.6,1011.9,88.0,3.9,162.7,6,4.8,8,230,2021,-0.8660254037844384,-0.5000000000000004,-0.7295575540864876,-0.6839194216246105,13.05861111111111,1,10.799999999999997,74.3,88.9,74.51428571428572
2021-08-19,80.5,67.9,73.6,70.0,89.0,100,4.17,16.8,10.3,197.4,1011.5,88.0,4.5,96.9,5,18.3,8,231,2021,-0.8660254037844384,-0.5000000000000004,-0.7412220108485957,-0.6712599575675315,13.034166666666666,1,12.599999999999994,74.1,90.2,74.39999999999999
2021-08-20,78.7,69.7,73.4,69.9,89.3,0,0.0,18.6,12.8,183.9,1014.3,88.0,4.8,138.6,5,0.0,8,232,2021,-0.8660254037844384,-0.5000000000000004,-0.7526668275320083,-0.6584015846980489,13.009722222222223,0,9.0,73.6,89.0,74.20000000000002
2021-08-21,78.7,69.7,73.6,70.0,89.0,100,4.17,14.8,10.3,219.6,1016.3,88.0,4.5,105.5,5,0.0,8,233,2021,-0.8660254037844384,-0.5000000000000004,-0.7638886127905429,-0.64534811322955,12.985,0,9.0,73.4,89.3,74.04285714285713
2021-08-22,80.5,69.2,73.8,70.1,88.9,100,4.17,13.0,9.2,265.2,1013.8,89.0,4.1,120.6,5,0.0,8,234,2021,-0.8660254037844384,-0.5000000000000004,-0.7748840413670406,-0.6321034111873488,12.960277777777778,0,11.299999999999997,73.6,89.0,74.02857142857144
2021-08-23,75.1,67.9,71.3,70.2,96.6,100,8.33,18.6,8.1,217.5,1012.2,88.0,3.5,110.4,4,24.9,8,235,2021,-0.8660254037844384,-0.5000000000000004,-0.7856498550787144,-0.6186714032625032,12.935,1,7.199999999999989,73.8,88.9,73.44285714285714
2021-08-24,78.7,68.6,72.7,70.1,91.9,0,0.0,16.6,8.1,240.6,1010.4,85.3,4.1,100.1,4,5.6,8,236,2021,-0.8660254037844384,-0.5000000000000004,-0.7961828637826154,-0.6050560696488494,12.91,1,10.100000000000009,71.3,96.6,73.21428571428571
2021-08-25,80.5,68.3,73.5,70.7,91.7,100,4.17,13.4,8.1,245.6,1008.0,89.0,4.3,66.2,3,1.5,8,237,2021,-0.8660254037844384,-0.5000000000000004,-0.8064799463209447,-0.5912614448635782,12.884722222222223,1,12.200000000000003,72.7,91.9,73.12857142857142
2021-08-26,76.9,69.7,73.2,70.9,92.7,100,4.17,13.0,9.2,131.2,1007.7,88.0,4.3,44.2,2,1.3,8,238,2021,-0.8660254037844384,-0.5000000000000004,-0.8165380514459157,-0.5772916165517278,12.859166666666667,1,7.200000000000003,73.5,91.7,73.07142857142857
2021-08-27,73.3,66.1,70.2,68.3,94.2,100,8.33,16.8,4.7,139.6,1011.7,88.5,3.6,39.4,2,41.4,8,239,2021,-0.8660254037844384,-0.5000000000000004,-0.8263541987239095,-0.5631507242749187,12.83361111111111,1,7.200000000000003,73.2,92.7,72.61428571428571
2021-08-28,76.9,67.9,70.6,69.3,96.1,100,8.33,15.0,12.8,215.1,1011.3,90.0,4.0,109.3,5,13.7,8,240,2021,-0.8660254037844384,-0.5000000000000004,-0.8359254794186365,-0.5488429582847199,12.807777777777778,1,9.0,70.2,94.2,72.18571428571428
2021-08-29,69.7,66.1,68.6,68.2,98.6,100,8.33,16.8,8.1,94.1,1013.0,88.5,4.0,32.1,1,25.1,8,241,2021,-0.8660254037844384,-0.5000000000000004,-0.8452490573530634,-0.5343725582809785,12.782222222222222,1,3.6000000000000085,70.6,96.1,71.44285714285715
2021-08-30,82.3,67.9,71.5,69.1,92.9,100,4.17,15.9,5.8,212.2,1015.8,89.5,4.3,99.4,4,7.9,8,242,2021,-0.8660254037844384,-0.5000000000000004,-0.8543221697498269,-0.5197438121555157,12.756388888888889,1,14.399999999999991,68.6,98.6,71.47142857142858
2021-08-31,82.3,67.9,73.2,69.2,88.5,100,8.33,14.1,8.1,150.5,1017.1,78.5,4.6,136.9,5,23.9,8,243,2021,-0.8660254037844384,-0.5000000000000004,-0.8631421280499115,-0.5049610547215202,12.730277777777777,1,14.399999999999991,71.5,92.9,71.54285714285714
2021-09-01,84.1,67.9,74.5,69.8,86.1,100,4.17,16.8,11.4,254.0,1015.6,69.5,4.5,203.1,7,0.1016,9,244,2021,-1.0,-1.8369701987210297e-16,-0.8717063187093218,-0.4900286664290594,12.704166666666667,1,16.19999999999999,73.2,88.5,71.68571428571428
2021-09-02,84.1,67.9,74.0,69.5,86.8,100,4.17,16.8,10.3,232.3,1014.1,85.4,4.3,178.4,8,3.8,9,245,2021,-1.0,-1.8369701987210297e-16,-0.8800122039735356,-0.4749510720670502,12.677777777777777,1,16.19999999999999,74.5,86.1,71.8
2021-09-03,78.7,69.7,72.6,69.3,89.9,100,8.33,13.2,9.2,249.4,1013.2,70.6,4.5,101.4,5,5.6,9,246,2021,-1.0,-1.8369701987210297e-16,-0.888057322629493,-0.4597327394521046,12.651666666666667,1,9.0,74.0,86.8,72.14285714285714
2021-09-04,82.3,67.7,75.0,68.7,82.3,100,4.17,13.6,10.3,266.9,1011.6,54.8,4.9,191.0,7,0.0,9,247,2021,-1.0,-1.8369701987210297e-16,-0.8958392907349089,-0.44437817810461344,12.625277777777777,0,14.599999999999994,72.6,89.9,72.77142857142857
2021-09-05,84.1,69.7,76.5,70.3,82.9,100,4.17,13.0,10.3,254.2,1012.2,64.3,4.4,197.6,7,11.7,9,248,2021,-1.0,-1.8369701987210297e-16,-0.9033558023246842,-0.4288919379124841,12.598888888888888,1,14.399999999999991,75.0,82.3,73.89999999999999
2021-09-06,84.1,66.1,72.6,69.5,90.9,100,8.33,15.7,11.4,199.5,1015.4,87.9,3.9,154.3,7,121.7,9,249,2021,-1.0,-1.8369701987210297e-16,-0.9106046300942162,-0.41327860778290443,12.572222222222223,1,18.0,76.5,82.9,74.05714285714285
2021-09-07,83.9,67.9,73.4,70.3,91.0,100,8.33,19.0,10.3,45.3,1016.5,87.7,4.4,100.1,4,12.2,9,250,2021,-1.0,-1.8369701987210297e-16,-0.9175836260593934,-0.3975428142825566,12.545833333333333,1,16.0,72.6,90.9,74.08571428571429
2021-09-08,82.3,67.7,72.7,69.0,89.2,100,8.33,17.4,8.1,171.8,1015.4,79.0,4.5,126.0,6,35.1,9,251,2021,-1.0,-1.8369701987210297e-16,-0.9242907221930934,-0.3816892202666586,12.518888888888888,1,14.599999999999994,73.4,91.0,73.82857142857142
2021-09-09,76.9,67.9,71.1,69.1,93.8,0,0.0,14.3,4.7,115.5,1014.5,84.8,4.3,121.9,5,0.0,9,252,2021,-1.0,-1.8369701987210297e-16,-0.9307239310379793,-0.3657225234972692,12.492222222222223,0,9.0,72.7,89.2,73.41428571428571
2021-09-10,82.3,67.9,73.1,69.2,88.1,100,4.17,17.4,11.4,148.2,1014.8,71.7,4.6,193.7,7,0.0,9,253,2021,-1.0,-1.8369701987210297e-16,-0.9368813462954315,-0.34964745525122826,12.465277777777779,0,14.399999999999991,71.1,93.8,73.48571428571428
2021-09-11,85.9,67.9,75.0,69.2,84.0,0,0.0,16.6,11.4,188.1,1014.3,80.1,4.8,198.5,8,0.0,9,254,2021,-1.0,-1.8369701987210297e-16,-0.9427611433904206,-0.33346877891818705,12.438611111111111,0,18.0,73.1,88.1,73.48571428571428
2021-09-12,85.9,69.7,75.6,69.2,82.2,100,4.17,15.2,12.8,209.7,1011.3,64.8,4.9,206.7,8,0.5,9,255,2021,-1.0,-1.8369701987210297e-16,-0.9483615800121716,-0.31719128858910595,12.411666666666667,1,16.200000000000003,75.0,84.0,73.35714285714286
2021-09-13,82.3,67.9,73.5,69.0,87.2,100,8.33,14.5,11.4,72.8,1012.0,60.6,4.6,178.5,8,13.2,9,256,2021,-1.0,-1.8369701987210297e-16,-0.9536809966304455,-0.300819807635668,12.384444444444444,1,14.399999999999991,75.6,82.2,73.48571428571428
2021-09-14,84.1,69.2,74.4,68.8,83.7,100,4.17,24.6,10.3,124.6,1013.7,80.6,4.7,189.1,8,0.0,9,257,2021,-1.0,-1.8369701987210297e-16,-0.9587178169872964,-0.2843591872810036,12.3575,0,14.899999999999991,73.5,87.2,73.62857142857142
2021-09-15,76.9,67.9,71.7,68.7,90.8,100,4.17,21.9,10.3,115.5,1015.9,88.0,4.5,35.6,1,0.0,9,258,2021,-1.0,-1.8369701987210297e-16,-0.9634705485641486,-0.26781430516217486,12.330555555555556,0,9.0,74.4,83.7,73.48571428571428
2021-09-16,82.3,67.9,71.9,68.7,90.3,100,4.17,14.1,4.7,130.2,1014.2,89.0,4.2,45.6,2,0.1016,9,259,2021,-1.0,-1.8369701987210297e-16,-0.9679377830240642,-0.25119006388481957,12.303333333333333,1,14.399999999999991,71.7,90.8,73.60000000000001
2021-09-17,75.1,67.9,69.9,68.4,95.2,100,4.17,15.7,5.8,168.5,1013.5,88.0,4.3,87.6,4,0.6096,9,260,2021,-1.0,-1.8369701987210297e-16,-0.9721181966290612,-0.23449138957041052,12.276388888888889,1,7.199999999999989,71.9,90.3,73.14285714285714
2021-09-18,82.3,65.4,72.5,67.9,86.9,100,4.17,16.3,9.2,232.5,1014.3,66.2,4.3,175.1,6,0.3,9,261,2021,-1.0,-1.8369701987210297e-16,-0.9760105506323682,-0.21772323039653224,12.249166666666667,1,16.89999999999999,69.9,95.2,72.78571428571429
2021-09-19,84.1,67.9,74.6,69.0,84.0,0,0.0,15.9,11.4,255.4,1016.0,61.7,5.0,210.4,7,0.0,9,262,2021,-1.0,-1.8369701987210297e-16,-0.9796136916454901,-0.20089055513063528,12.221944444444444,0,16.19999999999999,72.5,86.9,72.64285714285714
2021-09-20,80.5,67.4,72.8,69.5,89.9,100,4.17,15.7,11.4,192.8,1015.5,89.3,4.1,136.7,6,0.5,9,263,2021,-1.0,-1.8369701987210297e-16,-0.9829265519799822,-0.18399835165767986,12.194722222222222,1,13.099999999999994,74.6,84.0,72.54285714285714
2021-09-21,82.3,67.9,73.1,67.8,85.0,100,4.17,14.1,10.3,213.5,1014.7,77.4,5.2,195.6,7,25.4,9,264,2021,-1.0,-1.8369701987210297e-16,-0.9859481499638303,-0.1670516255021195,12.1675,1,14.399999999999991,72.8,89.9,72.35714285714286
2021-09-22,76.9,67.9,71.1,67.8,90.1,100,4.17,13.4,9.2,182.9,1014.5,86.4,4.4,143.6,5,19.6,9,265,2021,-1.0,-1.8369701987210297e-16,-0.9886775902323404,-0.15005539834465262,12.140555555555556,1,9.0,73.1,85.0,72.27142857142857
2021-09-23,80.5,66.1,72.4,68.0,86.8,100,4.17,15.7,10.3,170.5,1016.0,65.8,4.8,186.3,8,2.3,9,266,2021,-1.0,-1.8369701987210297e-16,-0.9911140639934546,-0.13301470653419636,12.113055555555556,1,14.400000000000006,71.1,90.1,72.34285714285714
2021-09-24,84.1,64.5,73.8,67.8,82.7,0,0.0,16.1,10.3,218.9,1016.2,75.6,4.3,215.2,8,0.0,9,267,2021,-1.0,-1.8369701987210297e-16,-0.9932568492674143,-0.11593459959550066,12.085833333333333,0,19.599999999999994,72.4,86.8,72.89999999999999
2021-09-25,80.5,67.9,72.9,68.0,85.4,0,0.0,17.4,12.8,31.7,1015.6,69.0,4.4,157.6,6,0.0,9,268,2021,-1.0,-1.8369701987210297e-16,-0.9951053111006974,-0.09882013873287211,12.05861111111111,0,12.599999999999994,73.8,82.7,72.95714285714286
2021-09-26,84.1,65.6,71.6,67.0,86.7,100,4.17,13.0,5.8,88.6,1015.0,55.9,4.2,169.3,6,21.1,9,269,2021,-1.0,-1.8369701987210297e-16,-0.99665890175417,-0.08167639533042288,12.03138888888889,1,18.5,72.9,85.4,72.52857142857144
2021-09-27,82.3,66.1,71.5,67.8,89.2,100,4.17,15.0,13.9,182.6,1016.4,66.5,4.4,206.9,8,0.0,9,270,2021,-1.0,-1.8369701987210297e-16,-0.9979171608653922,-0.06450844944931625,12.00388888888889,0,16.200000000000003,71.6,86.7,72.34285714285714
2021-09-28,76.9,65.0,70.0,66.9,90.8,100,8.33,13.2,6.9,132.7,1017.6,83.6,4.7,137.0,6,15.5,9,271,2021,-1.0,-1.8369701987210297e-16,-0.9988797155850335,-0.04732138832243232,11.976944444444445,1,11.900000000000006,71.5,89.2,71.89999999999999
2021-09-29,80.5,65.4,71.5,66.8,86.0,100,4.17,14.3,10.3,192.6,1017.7,85.1,4.5,161.6,7,0.3,9,272,2021,-1.0,-1.8369701987210297e-16,-0.9995462806873573,-0.03012030484690836,11.949722222222222,1,15.099999999999994,70.0,90.8,71.95714285714287
2021-09-30,82.3,67.9,72.8,67.8,85.5,0,0.0,13.4,10.3,193.0,1018.2,84.8,4.4,136.3,4,0.0,9,273,2021,-1.0,-1.8369701987210297e-16,-0.9999166586547379,-0.012910296075008843,11.9225,0,14.399999999999991,71.5,86.0,72.0142857142857
2021-10-01,80.5,67.9,72.3,67.5,85.8,0,0.0,15.2,11.4,185.8,1017.4,81.7,4.4,123.3,4,0.0,10,274,2021,-0.8660254037844386,0.5000000000000001,-0.9999907397361901,0.004303538296243821,11.895277777777778,0,12.599999999999994,72.8,85.5,71.8
2021-10-02,78.7,67.9,71.2,65.9,84.6,0,0.0,19.9,12.8,137.3,1015.2,88.0,4.8,92.2,6,0.1016,10,275,2021,-0.8660254037844386,0.5000000000000001,-0.9997685019798909,0.021516097436222233,11.868333333333334,1,10.799999999999997,72.3,85.8,71.55714285714285
2021-10-03,78.7,66.1,71.0,66.7,87.1,100,4.17,16.8,13.9,216.5,1013.1,86.4,4.7,137.6,7,3.8,10,276,2021,-0.8660254037844386,0.5000000000000001,-0.9992500112396835,0.03872228089217399,11.841111111111111,1,12.600000000000009,71.2,84.6,71.47142857142856
2021-10-04,80.5,67.2,72.0,67.0,85.4,0,0.0,15.2,9.2,150.9,1014.1,76.6,4.4,170.7,7,2.8,10,277,2021,-0.8660254037844386,0.5000000000000001,-0.9984354211555643,0.05591699010060302,11.813888888888888,1,13.299999999999997,71.0,87.1,71.54285714285713
2021-10-05,80.5,66.1,72.0,66.9,85.3,100,4.17,15.0,10.3,267.4,1016.5,71.2,3.9,173.6,7,38.6,10,278,2021,-0.8660254037844386,0.5000000000000001,-0.9973249731081555,0.07309512989807776,11.786666666666667,1,14.400000000000006,72.0,85.4,71.82857142857142
2021-10-06,78.7,67.9,72.6,67.4,84.6,0,0.0,14.5,10.3,220.2,1015.8,81.7,4.5,141.7,6,0.0,10,279,2021,-0.8660254037844386,0.5000000000000001,-0.9959189961471792,0.0902516100310407,11.759722222222223,0,10.799999999999997,72.0,85.3,71.98571428571428
2021-10-07,80.5,67.9,72.8,67.1,83.2,0,0.0,13.0,9.2,290.5,1014.3,71.1,4.6,177.6,6,0.0,10,280,2021,-0.8660254037844386,0.5000000000000001,-0.994217906893952,0.10738134666416306,11.732777777777779,0,12.599999999999994,72.6,84.6,71.98571428571428
2021-10-08,82.3,65.9,72.5,66.3,82.1,0,0.0,14.5,11.4,261.5,1013.3,59.2,4.7,161.4,6,0.0,10,281,2021,-0.8660254037844386,0.5000000000000001,-0.9922222094179324,0.12447926388678869,11.705833333333333,0,16.39999999999999,72.8,83.2,72.01428571428572
2021-10-09,82.3,67.9,73.3,66.6,81.0,0,0.0,14.3,11.4,218.9,1013.7,63.8,3.8,209.6,8,0.0,10,282,2021,-0.8660254037844386,0.5000000000000001,-0.989932495087353,0.141540295217043,11.678888888888888,0,14.399999999999991,72.5,82.1,72.31428571428572
2021-10-10,86.3,66.1,73.7,67.7,82.7,0,0.0,13.9,9.2,234.4,1014.4,54.8,3.8,189.3,7,0.0,10,283,2021,-0.8660254037844386,0.5000000000000001,-0.9873494423939864,0.15855938510313475,11.652222222222223,0,20.200000000000003,73.3,81.0,72.7
2021-10-11,84.1,62.7,73.5,66.5,80.9,100,4.17,14.1,9.2,250.7,1014.4,31.4,4.2,206.2,7,0.0,10,284,2021,-0.8660254037844386,0.5000000000000001,-0.9844738167520923,0.17553149042142777,11.625555555555556,0,21.39999999999999,73.7,82.7,72.91428571428571
2021-10-12,85.9,64.8,74.1,65.6,77.5,0,0.0,13.4,10.3,211.4,1014.3,32.0,4.5,215.9,8,0.0,10,285,2021,-0.8660254037844386,0.5000000000000001,-0.9813064702716093,0.19245158197082995,11.598888888888888,0,21.10000000000001,73.5,80.9,73.21428571428571
2021-10-13,85.9,64.3,73.9,63.9,74.6,0,0.0,14.8,9.2,189.3,1014.7,29.7,4.7,214.4,7,0.0,10,286,2021,-0.8660254037844386,0.5000000000000001,-0.9778483415056568,0.20931464596304888,11.572222222222223,0,21.60000000000001,74.1,77.5,73.39999999999999
2021-10-14,85.9,64.3,73.9,64.0,74.7,0,0.0,13.6,11.4,302.9,1014.8,25.0,4.6,209.5,8,0.0,10,287,2021,-0.8660254037844386,0.5000000000000001,-0.9741004551724206,0.22611568550828803,11.545833333333333,0,21.60000000000001,73.9,74.6,73.55714285714286
2021-10-15,85.9,64.3,73.9,64.9,76.3,0,0.0,15.0,10.3,269.2,1013.3,24.1,4.9,220.0,8,0.0,10,288,2021,-0.8660254037844386,0.5000000000000001,-0.970063921851507,0.2428497220959358,11.519444444444444,0,21.60000000000001,73.9,74.7,73.75714285714287
2021-10-16,84.1,66.1,74.3,66.9,79.7,0,0.0,13.6,9.2,222.8,1015.4,44.4,5.0,218.9,8,0.0,10,289,2021,-0.8660254037844386,0.5000000000000001,-0.965739937654855,0.25951179706979943,11.493055555555555,0,18.0,73.9,76.3,73.9
2021-10-17,80.5,66.1,71.4,65.9,84.2,100,8.33,12.5,8.1,140.7,1017.3,85.8,5.0,121.1,5,9.4,10,290,2021,-0.8660254037844386,0.5000000000000001,-0.9611297838723007,0.27609697309746883,11.466944444444444,1,14.400000000000006,74.3,79.7,73.57142857142857
2021-10-18,75.1,67.9,69.8,68.1,94.4,100,8.33,20.1,5.8,183.4,1016.0,88.0,4.6,42.0,2,3.8,10,291,2021,-0.8660254037844386,0.5000000000000001,-0.9562348265919058,0.2926003356333479,11.440833333333334,1,7.199999999999989,71.4,84.2,73.04285714285713
2021-10-19,71.5,66.1,67.9,66.0,93.8,100,8.33,31.1,10.3,95.6,1015.3,88.5,4.4,25.7,1,0.0,10,292,2021,-0.8660254037844386,0.5000000000000001,-0.9510565162951536,0.30901699437494723,11.414722222222222,0,5.400000000000006,69.8,94.4,72.15714285714286
2021-10-20,75.1,64.3,68.7,66.0,91.2,100,4.17,29.3,6.9,194.7,1016.9,89.0,4.3,19.9,1,5.3,10,293,2021,-0.8660254037844386,0.5000000000000001,-0.9455963874271428,0.3253420847119795,11.38861111111111,1,10.799999999999997,67.9,93.8,71.41428571428573
2021-10-21,76.9,60.7,68.4,61.9,81.2,0,0.0,15.0,11.4,257.8,1015.6,59.1,5.2,107.3,6,0.0,10,294,2021,-0.8660254037844386,0.5000000000000001,-0.9398560579418953,0.341570769167856,11.363055555555556,0,16.200000000000003,68.7,91.2,70.62857142857143
2021-10-22,73.3,60.7,66.7,61.7,84.7,0,0.0,14.3,8.1,232.4,1017.3,76.9,4.5,142.9,6,0.0,10,295,2021,-0.8660254037844386,0.5000000000000001,-0.9338372288229252,0.35769823883312546,11.337222222222222,0,12.599999999999994,68.4,81.2,69.6
2021-10-23,76.9,64.3,67.8,62.6,84.2,0,0.0,14.3,13.9,206.3,1020.1,80.6,3.9,109.6,4,0.0,10,296,2021,-0.8660254037844386,0.5000000000000001,-0.9275416835791965,0.3737197147904692,11.311944444444444,0,12.600000000000009,66.7,84.7,68.67142857142858
2021-10-24,76.9,60.7,67.1,60.3,80.0,0,0.0,11.2,15.0,201.4,1021.0,61.7,3.4,83.4,4,0.0,10,297,2021,-0.8660254037844386,0.5000000000000001,-0.9209712877166346,0.38963044953078774,11.286388888888888,0,16.200000000000003,67.8,84.2,68.05714285714285
2021-10-25,75.1,57.1,64.9,59.4,83.8,0,0.0,15.4,8.1,250.7,1019.4,35.5,3.7,179.4,7,0.0,10,298,2021,-0.8660254037844386,0.5000000000000001,-0.9141279881853337,0.4054257283599973,11.261388888888888,0,17.999999999999993,67.1,80.0,67.35714285714286
2021-10-26,75.1,58.9,65.1,56.7,76.7,0,0.0,16.1,10.3,244.9,1019.0,59.1,4.0,164.7,7,0.0,10,299,2021,-0.8660254037844386,0.5000000000000001,-0.9070138128026362,0.42110087079608916,11.23611111111111,0,16.199999999999996,64.9,83.8,66.95714285714286
2021-10-27,75.1,58.7,65.0,55.8,74.2,0,0.0,16.1,9.2,275.4,1020.0,49.9,4.3,175.0,6,0.0,10,300,2021,-0.8660254037844386,0.5000000000000001,-0.8996308696522434,0.4366512319560638,11.21111111111111,0,16.39999999999999,65.1,76.7,66.42857142857143
2021-10-28,73.3,57.1,64.1,57.4,80.4,0,0.0,15.7,9.2,235.4,1020.2,49.3,4.1,190.4,7,0.0,10,301,2021,-0.8660254037844386,0.5000000000000001,-0.8919813464595487,0.45207220393230374,11.186666666666667,0,16.199999999999996,65.0,74.2,65.81428571428572
2021-10-29,75.1,57.1,63.6,53.0,70.7,100,12.5,15.2,11.4,193.5,1021.6,36.9,4.1,156.2,7,0.0,10,302,2021,-0.8660254037844386,0.5000000000000001,-0.8840675099433637,0.46735921715800205,11.162222222222223,0,17.999999999999993,64.1,80.4,65.37142857142857
2021-10-30,73.3,53.5,62.5,52.7,73.2,0,0.0,17.0,9.2,235.3,1021.0,29.2,4.1,186.8,7,0.0,10,303,2021,-0.8660254037844386,0.5000000000000001,-0.8758917051442433,0.48250774176121763,11.137777777777778,0,19.799999999999997,63.6,70.7,64.61428571428571
2021-10-31,73.3,53.5,62.9,53.6,73.9,0,0.0,15.7,13.9,220.2,1019.6,52.2,4.4,135.4,5,0.0,10,304,2021,-0.8660254037844386,0.5000000000000001,-0.867456354729597,0.4975132889071803,11.113611111111112,0,19.799999999999997,62.5,73.2,64.01428571428572
2021-11-01,71.5,57.1,63.0,54.4,74.7,100,4.17,15.0,12.8,196.8,1020.1,70.2,4.0,150.9,6,0.0,11,305,2021,-0.5000000000000004,0.8660254037844384,-0.858763958275803,0.5123714121284235,11.089722222222223,0,14.399999999999999,62.9,73.9,63.74285714285714
2021-11-02,71.5,55.3,62.3,53.8,76.0,0,0.0,15.0,9.2,212.0,1021.5,47.5,3.9,158.2,6,0.0,11,306,2021,-0.5000000000000004,0.8660254037844384,-0.8498170915275277,0.5270777086423724,11.06611111111111,0,16.200000000000003,63.0,74.7,63.34285714285714
2021-11-03,71.5,55.3,61.8,52.6,74.5,0,0.0,16.6,9.2,268.6,1020.2,44.4,4.1,182.5,7,0.0,11,307,2021,-0.5000000000000004,0.8660254037844384,-0.8406184056344783,0.5416278206559811,11.0425,0,16.200000000000003,62.3,76.0,62.885714285714286
2021-11-04,71.5,51.7,60.5,51.8,75.6,0,0.0,16.8,8.1,243.4,1019.3,31.1,3.8,172.1,7,0.0,11,308,2021,-0.5000000000000004,0.8660254037844384,-0.8311706263658079,0.5560174366570446,11.019166666666667,0,19.799999999999997,61.8,74.5,62.37142857142857
2021-11-05,69.7,51.7,59.5,52.2,78.7,0,0.0,18.3,10.3,232.6,1018.5,46.5,4.2,180.0,7,0.0,11,309,2021,-0.5000000000000004,0.8660254037844384,-0.8214765533024145,0.5702422926917867,10.99611111111111,0,18.0,60.5,75.6,61.785714285714285
2021-11-06,69.7,49.9,59.2,51.5,78.0,0,0.0,17.9,8.1,228.3,1016.8,29.2,4.4,175.0,7,0.0,11,310,2021,-0.5000000000000004,0.8660254037844384,-0.8115390590073611,0.5842981736283683,10.973333333333333,0,19.800000000000004,59.5,78.7,61.314285714285724
2021-11-07,71.5,51.7,60.0,50.9,75.1,0,0.0,16.1,6.9,212.7,1017.4,65.4,4.3,151.0,6,0.0,11,311,2021,-0.5000000000000004,0.8660254037844384,-0.8013610881746769,0.5981809144059159,10.950833333333334,0,19.799999999999997,59.2,78.0,60.89999999999999
2021-11-08,71.5,49.9,60.5,51.4,75.1,0,0.0,14.5,9.2,199.2,1018.9,35.5,4.5,158.8,6,0.0,11,312,2021,-0.5000000000000004,0.8660254037844384,-0.7909456567567774,0.6118864012687242,10.928611111111111,0,21.6,60.0,75.1,60.54285714285714
2021-11-09,73.3,51.7,60.6,50.4,73.3,0,0.0,16.3,8.1,227.9,1020.0,27.1,4.7,181.7,7,0.0,11,313,2021,-0.5000000000000004,0.8660254037844384,-0.780295851070776,0.6254105729852457,10.906944444444445,0,21.599999999999994,60.5,75.1,60.300000000000004
2021-11-10,71.5,49.9,60.0,49.2,72.1,0,0.0,14.5,8.1,186.7,1019.6,25.0,4.5,162.0,6,0.0,11,314,2021,-0.5000000000000004,0.8660254037844384,-0.7694148268839381,0.6387494220515268,10.885,0,21.6,60.6,73.3,60.042857142857144
2021-11-11,71.5,48.1,59.4,49.7,73.9,0,0.0,15.4,9.2,199.9,1019.0,25.0,4.5,192.7,7,0.0,11,315,2021,-0.5000000000000004,0.8660254037844384,-0.7583058084785625,0.6518989958787125,10.863888888888889,0,23.4,60.0,72.1,59.88571428571429
2021-11-12,71.5,48.1,58.8,50.9,77.7,0,0.0,15.2,8.1,220.2,1019.0,25.0,4.1,188.4,7,0.0,11,316,2021,-0.5000000000000004,0.8660254037844384,-0.7469720876965551,0.6648553979642867,10.842777777777778,0,23.4,59.4,73.9,59.785714285714285
2021-11-13,69.7,46.3,57.8,49.4,76.3,0,0.0,16.3,9.2,214.5,1018.4,33.5,4.1,170.0,7,0.0,11,317,2021,-0.5000000000000004,0.8660254037844384,-0.7354170229639858,0.6776147890466887,10.821944444444444,0,23.400000000000006,58.8,77.7,59.58571428571428
2021-11-14,71.5,48.1,57.3,48.3,75.3,0,0.0,15.4,9.2,179.7,1017.9,38.6,4.4,157.3,6,0.0,11,318,2021,-0.5000000000000004,0.8660254037844384,-0.7236440382959123,0.690173388242972,10.801666666666666,0,23.4,57.8,76.3,59.2
2021-11-15,69.7,51.3,58.4,50.2,76.9,0,0.0,16.1,9.2,212.2,1016.3,40.4,4.1,164.5,7,0.0,11,319,2021,-0.5000000000000004,0.8660254037844384,-0.7116566222817751,0.7025274741691566,10.781666666666666,0,18.400000000000006,57.3,75.3,58.89999999999999
2021-11-16,67.9,51.7,58.2,50.3,77.5,0,0.0,16.6,8.1,187.2,1017.5,41.8,4.3,154.2,6,0.0,11,320,2021,-0.5000000000000004,0.8660254037844384,-0.6994583270516471,0.7146733860429608,10.762222222222222,0,16.200000000000003,58.4,76.9,58.55714285714286
2021-11-17,71.5,48.1,57.9,47.1,72.1,0,0.0,13.6,8.1,172.8,1020.5,48.5,4.4,172.9,7,0.0,11,321,2021,-0.5000000000000004,0.8660254037844384,-0.6870527672236675,0.726607524768565,10.743055555555555,0,23.4,58.2,77.5,58.25714285714286
2021-11-18,67.9,49.9,58.4,49.7,75.2,0,0.0,14.5,6.9,190.7,1018.8,85.2,3.3,176.8,7,0.0,11,322,2021,-0.5000000000000004,0.8660254037844384,-0.6744436188329457,0.7383263540031063,10.723888888888888,0,18.000000000000007,57.9,72.1,58.11428571428571
2021-11-19,66.1,51.7,57.9,50.5,78.0,0,0.0,17.0,4.7,250.1,1016.5,77.5,3.3,137.9,6,0.0,11,323,2021,-0.5000000000000004,0.8660254037844384,-0.661634618242279,0.749826401204568,10.705555555555556,0,14.399999999999991,58.4,75.2,57.98571428571428
2021-11-20,71.5,46.3,57.7,49.9,78.4,0,0.0,17.7,12.8,242.5,1016.3,59.6,3.7,138.3,6,0.0,11,324,2021,-0.5000000000000004,0.8660254037844384,-0.6486295610349818,0.7611042586607742,10.687222222222223,0,25.200000000000003,57.9,78.0,57.971428571428575
2021-11-21,73.3,49.9,60.3,51.9,77.8,0,0.0,17.2,12.8,256.0,1016.4,34.7,4.3,170.5,7,0.0,11,325,2021,-0.5000000000000004,0.8660254037844384,-0.6354323008901775,0.7721565844991641,10.669722222222223,0,23.4,57.7,78.4,58.39999999999999
2021-11-22,71.5,55.3,60.3,50.8,74.3,0,0.0,17.0,8.1,218.5,1015.8,48.4,3.9,159.3,7,0.0,11,326,2021,-0.5000000000000004,0.8660254037844384,-0.622046748440868,0.7829801036770625,10.6525,0,16.200000000000003,60.3,77.8,58.67142857142857
2021-11-23,67.9,49.9,57.5,50.7,79.7,0,0.0,16.3,6.9,198.3,1016.8,40.2,2.9,142.0,6,0.0,11,327,2021,-0.5000000000000004,0.8660254037844384,-0.6084768701151264,0.7935716089521472,10.635833333333334,0,18.000000000000007,60.3,74.3,58.57142857142857
2021-11-24,69.7,50.6,58.3,50.5,77.5,0,0.0,14.1,11.4,192.4,1018.8,44.5,2.7,86.3,4,0.0,11,328,2021,-0.5000000000000004,0.8660254037844384,-0.594726686960764,0.8039279618328208,10.619444444444444,0,19.1,57.5,79.7,58.628571428571426
2021-11-25,77.1,49.9,57.1,51.3,82.4,100,4.17,15.2,8.1,261.6,1018.8,39.8,2.3,120.2,5,0.0,11,329,2021,-0.5000000000000004,0.8660254037844384,-0.5808002734538014,0.8140460935082175,10.60361111111111,0,27.199999999999996,58.3,77.5,58.44285714285714
2021-11-26,62.5,49.9,55.8,50.4,83.0,0,0.0,12.5,5.8,217.1,1019.6,72.2,2.8,86.0,3,0.0,11,330,2021,-0.5000000000000004,0.8660254037844384,-0.5667017562911184,0.8239230057575536,10.588055555555556,0,12.600000000000001,57.1,82.4,58.142857142857146
2021-11-27,67.9,48.1,56.0,49.0,79.6,0,0.0,12.1,6.9,189.3,1021.0,43.3,2.6,123.6,4,0.0,11,331,2021,-0.5000000000000004,0.8660254037844384,-0.5524353131676203,0.8335557718385695,10.573333333333334,0,19.800000000000004,55.8,83.0,57.89999999999999
2021-11-28,69.7,46.3,55.8,48.4,79.5,0,0.0,15.9,9.2,310.9,1021.8,25.0,2.9,155.5,6,0.0,11,332,2021,-0.5000000000000004,0.8660254037844384,-0.5380051715382992,0.8429415373547832,10.55888888888889,0,23.400000000000006,56.0,79.6,57.25714285714286
2021-11-29,67.9,45.8,55.7,46.4,73.3,0,0.0,16.3,10.3,269.3,1020.5,34.9,3.4,179.4,7,0.0,11,333,2021,-0.5000000000000004,0.8660254037844384,-0.5234156073655503,0.8520775211013093,10.545,0,22.10000000000001,55.8,79.5,56.6
2021-11-30,67.9,46.3,55.6,47.7,77.0,0,0.0,13.4,9.2,154.7,1021.8,49.1,3.8,158.8,6,0.0,11,334,2021,-0.5000000000000004,0.8660254037844384,-0.5086709438521042,0.8609610158889945,10.53138888888889,0,21.60000000000001,55.7,73.3,56.32857142857143
2021-12-01,71.5,46.3,56.7,45.3,70.1,0,0.0,13.6,10.3,161.8,1021.8,41.2,4.0,145.6,6,0.0,12,335,2021,-2.4492935982947064e-16,1.0,-0.4937755501599774,0.8695893893466109,10.518611111111111,0,25.200000000000003,55.6,77.0,56.1
2021-12-02,69.7,48.1,57.9,46.6,69.3,0,0.0,15.7,10.3,243.8,1021.0,77.2,4.0,145.3,6,0.0,12,336,2021,-2.4492935982947064e-16,1.0,-0.4787338401157883,0.8779600847008883,10.506388888888889,0,21.6,56.7,70.1,56.214285714285715
2021-12-03,67.9,53.5,58.9,50.5,75.4,0,0.0,15.7,9.2,274.2,1022.0,83.3,3.9,93.4,4,0.0,12,337,2021,-2.4492935982947064e-16,1.0,-0.4635502709028512,0.8860706215341377,10.494444444444444,0,14.400000000000006,57.9,69.3,56.65714285714286
2021-12-04,71.5,51.7,57.8,52.8,85.3,100,4.17,16.8,10.3,202.3,1021.2,56.3,3.2,171.6,7,0.0,12,338,2021,-2.4492935982947064e-16,1.0,-0.4482293417404106,0.893918596519257,10.483333333333333,0,19.799999999999997,58.9,75.4,56.91428571428572
2021-12-05,71.5,53.5,60.3,53.2,79.2,0,0.0,14.3,8.1,243.9,1021.8,49.7,4.3,156.8,7,0.0,12,339,2021,-2.4492935982947064e-16,1.0,-0.4327755925504317,0.9015016841318838,10.472777777777777,0,18.0,57.8,85.3,57.55714285714286
2021-12-06,83.6,50.4,60.0,53.2,79.8,100,20.83,15.9,4.5,230.2,1017.4,28.9,4.0,151.5,6,0.0,12,340,2021,-2.4492935982947064e-16,1.0,-0.41719360261231697,0.9088176373395028,10.4625,0,33.199999999999996,60.3,79.2,58.17142857142858
2021-12-07,67.9,48.5,57.6,48.0,72.9,0,0.0,19.9,11.4,292.2,1019.3,29.7,5.1,165.8,7,0.0,12,341,2021,-2.4492935982947064e-16,1.0,-0.4014879892059737,0.9158642882672868,10.453055555555556,0,19.400000000000006,60.0,79.8,58.457142857142856
2021-12-08,67.9,44.5,55.2,45.0,71.8,0,0.0,16.8,9.2,260.1,1022.2,25.0,4.4,176.5,7,0.0,12,342,2021,-2.4492935982947064e-16,1.0,-0.38566340624360745,0.9226395488404875,10.444444444444445,0,23.400000000000006,57.6,72.9,58.24285714285714
2021-12-09,67.9,44.5,55.2,45.6,73.3,0,0.0,15.9,9.2,180.5,1023.8,34.4,3.9,177.2,7,0.0,12,343,2021,-2.4492935982947064e-16,1.0,-0.3697245428906732,0.9291414114031743,10.436111111111112,0,23.400000000000006,55.2,71.8,57.857142857142854
2021-12-10,66.1,46.3,54.3,45.7,75.4,0,0.0,19.2,10.3,278.8,1022.4,30.8,4.2,173.7,7,0.0,12,344,2021,-2.4492935982947064e-16,1.0,-0.3536761221763721,0.935367949313148,10.428333333333333,0,19.799999999999997,55.2,73.3,57.199999999999996
2021-12-11,66.1,42.7,53.1,43.3,73.3,0,0.0,15.2,8.1,179.3,1021.5,25.0,3.7,176.7,7,0.0,12,345,2021,-2.4492935982947064e-16,1.0,-0.33752289959411347,0.941317317512847,10.421388888888888,0,23.39999999999999,54.3,75.4,56.528571428571425
2021-12-12,64.3,42.7,52.0,42.0,72.6,0,0.0,15.0,5.8,228.8,1023.1,31.3,3.8,146.6,6,0.0,12,346,2021,-2.4492935982947064e-16,1.0,-0.32126966169236515,0.946987753076075,10.415,0,21.599999999999994,53.1,73.3,55.34285714285714
2021-12-13,66.1,39.1,51.5,39.3,67.8,0,0.0,14.5,9.2,236.6,1022.0,31.3,4.0,155.6,6,0.0,12,347,2021,-2.4492935982947064e-16,1.0,-0.3049212246562894,0.9523775757303973,10.409166666666666,0,26.999999999999993,52.0,72.6,54.128571428571426
2021-12-14,67.9,40.9,51.9,40.8,70.2,0,0.0,14.5,9.2,213.7,1020.8,26.0,4.0,170.1,6,0.0,12,348,2021,-2.4492935982947064e-16,1.0,-0.2884824328806098,0.9574851883550389,10.403888888888888,0,27.000000000000007,51.5,67.8,53.31428571428571
2021-12-15,62.5,40.9,50.4,41.5,74.6,0,0.0,16.3,9.2,161.5,1020.0,51.8,3.8,170.9,6,0.0,12,349,2021,-2.4492935982947064e-16,1.0,-0.27195815753410524,0.9623090774541487,10.399444444444445,0,21.6,51.9,70.2,52.62857142857143
2021-12-16,66.1,39.1,50.0,37.9,68.5,0,0.0,16.3,8.1,234.5,1020.6,25.0,3.8,174.4,7,0.0,12,350,2021,-2.4492935982947064e-16,1.0,-0.2553532951161881,0.9668478136052773,10.395833333333334,0,26.999999999999993,50.4,74.6,51.885714285714286
2021-12-17,66.1,39.1,49.9,36.6,64.5,0,0.0,17.7,12.8,281.9,1020.4,26.0,3.9,171.3,7,0.0,12,351,2021,-2.4492935982947064e-16,1.0,-0.23867276600594997,0.9711000518829505,10.392222222222221,0,26.999999999999993,50.0,68.5,51.25714285714286
2021-12-18,64.3,37.3,49.4,37.4,67.8,0,0.0,16.6,5.8,120.6,1019.8,27.1,3.5,155.5,6,0.0,12,352,2021,-2.4492935982947064e-16,1.0,-0.22192151300416674,0.9750645322571945,10.389722222222222,0,27.0,49.9,64.5,50.728571428571435
2021-12-19,62.5,39.1,49.0,39.7,73.5,0,0.0,19.2,9.2,189.6,1019.9,25.1,3.7,159.7,6,0.0,12,353,2021,-2.4492935982947064e-16,1.0,-0.20510449986861926,0.9787400799669153,10.388055555555555,0,23.4,49.4,67.8,50.300000000000004
2021-12-20,62.5,39.1,48.6,39.2,73.4,0,0.0,18.3,9.2,281.5,1020.6,24.1,3.4,164.8,7,0.0,12,354,2021,-2.4492935982947064e-16,1.0,-0.1882267098432439,0.9821256058680006,10.386666666666667,0,23.4,49.0,73.5,49.885714285714286
2021-12-21,64.3,37.3,49.4,38.2,70.3,0,0.0,14.8,10.3,177.6,1019.8,42.8,3.7,161.9,6,0.0,12,355,2021,-2.4492935982947064e-16,1.0,-0.1712931441814778,0.9852201067560606,10.386111111111111,0,27.0,48.6,73.4,49.52857142857143
2021-12-22,64.3,37.3,48.9,38.1,71.3,0,0.0,16.3,9.2,118.6,1017.9,26.0,3.9,173.3,7,0.0,12,356,2021,-2.4492935982947064e-16,1.0,-0.154308820664281,0.9880226656636976,10.386111111111111,0,27.0,49.4,70.3,49.31428571428571
2021-12-23,62.5,39.1,49.1,38.1,70.0,0,0.0,14.5,8.1,272.7,1017.7,22.9,3.9,177.5,7,0.0,12,357,2021,-2.4492935982947064e-16,1.0,-0.13727877211326517,0.9905324521322227,10.386944444444444,0,23.4,48.9,71.3,49.185714285714276
2021-12-24,64.3,39.1,49.6,41.4,75.9,0,0.0,14.5,10.3,193.8,1018.0,27.9,3.7,158.2,6,0.0,12,358,2021,-2.4492935982947064e-16,1.0,-0.12020804489935275,0.9927487224577402,10.388333333333334,0,25.199999999999996,49.1,70.0,49.142857142857146
2021-12-25,60.7,40.9,49.4,42.7,79.6,0,0.0,14.1,8.1,283.8,1019.0,39.6,3.2,138.2,6,0.0,12,359,2021,-2.4492935982947064e-16,1.0,-0.10310169744743544,0.9946708199115211,10.390277777777778,0,19.800000000000004,49.6,75.9,49.142857142857146
2021-12-26,60.7,40.9,49.4,41.7,77.4,0,0.0,13.6,8.1,192.4,1021.5,53.3,3.1,116.1,5,0.0,12,360,2021,-2.4492935982947064e-16,1.0,-0.0859647987374467,0.9962981749346077,10.392777777777777,0,19.800000000000004,49.4,79.6,49.2
2021-12-27,60.7,42.7,49.9,42.3,77.7,0,0.0,14.8,8.1,263.1,1022.3,42.8,2.7,134.1,5,0.0,12,361,2021,-2.4492935982947064e-16,1.0,-0.06880242680232064,0.9976303053065857,10.39638888888889,0,18.0,49.4,77.4,49.385714285714286
2021-12-28,58.9,39.1,48.9,42.0,78.8,0,0.0,13.9,5.8,88.5,1021.9,72.3,2.2,96.3,4,0.0,12,362,2021,-2.4492935982947064e-16,1.0,-0.05161966722325418,0.9986668162884759,10.400277777777777,0,19.799999999999997,49.9,77.7,49.31428571428571
2021-12-29,49.9,44.5,46.0,45.6,98.6,100,8.33,30.6,8.1,136.1,1021.7,90.5,2.5,28.8,2,0.0,12,363,2021,-2.4492935982947064e-16,1.0,-0.034421611622745804,0.9994074007397048,10.405,0,5.399999999999999,48.9,78.8,48.9
2021-12-30,55.3,42.7,47.6,44.7,90.8,100,4.17,15.7,3.4,174.9,1024.7,74.4,3.0,140.3,5,8.4,12,364,2021,-2.4492935982947064e-16,1.0,-0.01721335615583528,0.9998518392091162,10.410555555555556,1,12.599999999999994,46.0,98.6,48.68571428571429
2021-12-31,58.9,40.9,47.1,41.9,84.9,0,0.0,16.6,8.1,264.4,1024.2,45.3,2.4,153.4,6,0.0,12,365,2021,-2.4492935982947064e-16,1.0,6.432490598706546e-16,1.0,10.41611111111111,0,18.0,47.6,90.8,48.32857142857143
2022-01-01,62.5,39.1,48.9,41.9,80.3,0,0.0,14.8,8.1,267.7,1023.8,37.5,3.2,163.7,6,0.0,1,1,2022,0.49999999999999994,0.8660254037844387,0.017213356155834685,0.9998518392091162,10.423055555555555,0,23.4,47.1,84.9,48.25714285714285
2022-01-02,64.3,39.1,50.4,42.6,77.8,0,0.0,15.4,6.9,157.4,1022.3,31.3,3.4,159.9,7,0.0,1,2,2022,0.49999999999999994,0.8660254037844387,0.03442161162274574,0.9994074007397048,10.43,0,25.199999999999996,48.9,80.3,48.4
2022-01-03,64.3,40.9,50.7,42.2,76.1,0,0.0,15.2,8.1,230.9,1020.6,28.7,3.5,154.8,6,0.0,1,3,2022,0.49999999999999994,0.8660254037844387,0.051619667223253764,0.998666816288476,10.437777777777777,0,23.4,50.4,77.8,48.51428571428572
2022-01-04,64.3,40.9,50.6,42.1,76.0,0,0.0,13.9,9.2,211.4,1020.6,33.4,3.3,152.7,6,0.0,1,4,2022,0.49999999999999994,0.8660254037844387,0.06880242680231986,0.9976303053065857,10.446388888888889,0,23.4,50.7,76.1,48.75714285714285
2022-01-05,62.5,42.7,51.6,45.5,82.0,0,0.0,14.5,9.2,219.0,1020.6,55.4,3.0,127.0,5,0.0,1,5,2022,0.49999999999999994,0.8660254037844387,0.08596479873744647,0.9962981749346078,10.455277777777777,0,19.799999999999997,50.6,76.0,49.55714285714286
2022-01-06,64.3,46.3,54.4,46.8,78.2,0,0.0,16.1,11.4,291.0,1020.3,81.8,3.5,140.2,5,0.0,1,6,2022,0.49999999999999994,0.8660254037844387,0.10310169744743485,0.9946708199115211,10.465,0,18.0,51.6,82.0,50.52857142857143
2022-01-07,62.5,49.9,55.2,48.4,79.4,0,0.0,15.0,10.3,164.1,1021.3,83.3,3.3,113.6,5,0.0,1,7,2022,0.49999999999999994,0.8660254037844387,0.1202080448993527,0.9927487224577402,10.475277777777778,0,12.600000000000001,54.4,78.2,51.68571428571429
2022-01-08,62.5,46.3,54.6,47.4,78.5,0,0.0,15.4,9.2,260.3,1021.4,85.0,3.3,101.1,6,0.0,1,8,2022,0.49999999999999994,0.8660254037844387,0.13727877211326478,0.9905324521322229,10.48611111111111,0,16.200000000000003,55.2,79.4,52.5
2022-01-09,64.3,46.3,54.6,46.8,76.9,0,0.0,20.1,9.2,269.0,1019.0,71.7,3.5,147.0,7,0.0,1,9,2022,0.49999999999999994,0.8660254037844387,0.15430882066428117,0.9880226656636976,10.497222222222222,0,18.0,54.6,78.5,53.1
2022-01-10,67.9,48.1,55.4,47.4,77.5,0,0.0,14.8,10.3,253.8,1019.5,61.5,3.7,138.1,6,0.0,1,10,2022,0.49999999999999994,0.8660254037844387,0.1712931441814776,0.9852201067560606,10.509444444444444,0,19.800000000000004,54.6,76.9,53.771428571428565
2022-01-11,64.3,44.5,53.7,46.2,78.6,0,0.0,15.9,6.9,173.1,1019.8,49.6,3.5,158.2,6,0.0,1,11,2022,0.49999999999999994,0.8660254037844387,0.1882267098432442,0.9821256058680006,10.521944444444445,0,19.799999999999997,55.4,77.5,54.214285714285715
2022-01-12,62.5,46.3,51.7,44.4,77.8,0,0.0,15.2,10.3,202.3,1018.7,65.9,3.4,132.4,6,0.0,1,12,2022,0.49999999999999994,0.8660254037844387,0.2051044998686192,0.9787400799669153,10.535,0,16.200000000000003,53.7,78.6,54.228571428571435
2022-01-13,60.7,42.7,50.4,43.5,80.1,100,8.33,14.8,8.1,264.5,1018.5,52.2,4.2,145.0,6,3.0,1,13,2022,0.49999999999999994,0.8660254037844387,0.22192151300416552,0.9750645322571948,10.54861111111111,1,18.0,51.7,77.8,53.65714285714286
2022-01-14,62.5,40.9,49.4,43.5,83.0,0,0.0,15.0,8.1,213.7,1019.4,44.9,3.2,153.1,6,0.0,1,14,2022,0.49999999999999994,0.8660254037844387,0.2386727660059501,0.9711000518829505,10.562777777777777,0,21.6,50.4,80.1,52.82857142857143
2022-01-15,62.5,44.5,50.0,44.1,82.8,0,0.0,17.9,10.3,213.7,1019.6,45.5,3.4,171.4,7,0.0,1,15,2022,0.49999999999999994,0.8660254037844387,0.255353295116187,0.9668478136052775,10.577222222222222,0,18.0,49.4,83.0,52.17142857142858
2022-01-16,64.3,39.1,50.1,42.6,78.6,0,0.0,13.0,9.2,249.6,1021.1,26.0,3.2,173.8,7,0.0,1,16,2022,0.49999999999999994,0.8660254037844387,0.2719581575341055,0.9623090774541486,10.5925,0,25.199999999999996,50.0,82.8,51.528571428571425
2022-01-17,64.3,42.7,51.2,43.2,77.3,0,0.0,14.8,8.1,162.4,1022.4,66.4,3.2,176.6,7,0.0,1,17,2022,0.49999999999999994,0.8660254037844387,0.288482432880609,0.9574851883550393,10.608055555555556,0,21.599999999999994,50.1,78.6,50.92857142857143
2022-01-18,64.3,40.9,51.5,40.8,71.2,0,0.0,11.6,10.3,186.9,1019.8,42.8,3.7,149.3,6,0.0,1,18,2022,0.49999999999999994,0.8660254037844387,0.30492122465628907,0.9523775757303974,10.624166666666667,0,23.4,51.2,77.3,50.61428571428571
2022-01-19,64.3,40.9,51.9,40.5,69.3,0,0.0,13.4,11.4,246.0,1017.1,51.2,3.9,191.2,7,0.0,1,19,2022,0.49999999999999994,0.8660254037844387,0.3212696616923644,0.9469877530760753,10.640833333333333,0,23.4,51.5,71.2,50.642857142857146
2022-01-20,55.3,41.3,48.9,43.7,82.9,100,8.33,13.2,5.8,93.2,1014.6,88.8,3.1,137.4,6,0.3,1,20,2022,0.49999999999999994,0.8660254037844387,0.3375228995941133,0.9413173175128471,10.658055555555556,1,14.0,51.9,69.3,50.42857142857143
2022-01-21,58.9,44.5,49.2,43.8,83.3,100,8.33,13.0,11.4,96.1,1014.5,75.4,3.7,147.9,6,1.8,1,21,2022,0.49999999999999994,0.8660254037844387,0.3536761221763716,0.9353679493131483,10.675555555555556,1,14.399999999999999,48.9,82.9,50.39999999999999
2022-01-22,55.3,40.9,48.0,43.2,85.1,0,0.0,14.5,6.9,294.9,1013.8,69.6,3.1,143.7,6,0.0,1,22,2022,0.49999999999999994,0.8660254037844387,0.3697245428906731,0.9291414114031743,10.693333333333333,0,14.399999999999999,49.2,83.3,50.11428571428571
2022-01-23,55.3,40.9,48.9,43.6,83.3,100,8.33,13.9,9.2,110.2,1014.7,73.3,2.8,138.8,5,0.0,1,23,2022,0.49999999999999994,0.8660254037844387,0.38566340624360707,0.9226395488404876,10.711666666666666,0,14.399999999999999,48.0,85.1,49.94285714285714
2022-01-24,57.1,42.7,50.0,44.0,80.8,0,0.0,14.3,8.1,292.9,1015.4,77.5,2.5,121.9,5,0.0,1,24,2022,0.49999999999999994,0.8660254037844387,0.401487989205973,0.9158642882672872,10.730555555555556,0,14.399999999999999,48.9,83.3,49.771428571428565
2022-01-25,60.7,40.9,49.5,42.0,77.8,100,4.17,15.2,10.3,213.9,1015.4,64.0,3.5,152.0,6,0.0,1,25,2022,0.49999999999999994,0.8660254037844387,0.4171936026123168,0.9088176373395029,10.749722222222223,0,19.800000000000004,50.0,80.8,49.48571428571428
2022-01-26,55.3,42.7,48.2,40.8,77.2,0,0.0,19.7,13.9,220.2,1015.6,71.7,3.2,75.4,3,0.0,1,26,2022,0.49999999999999994,0.8660254037844387,0.4327755925504312,0.901501684131884,10.769444444444444,0,12.599999999999994,49.5,77.8,48.957142857142856
2022-01-27,57.1,40.9,47.7,39.2,74.5,0,0.0,16.3,12.8,218.6,1014.9,65.3,3.2,169.6,7,0.0,1,27,2022,0.49999999999999994,0.8660254037844387,0.4482293417404106,0.893918596519257,10.789444444444445,0,16.200000000000003,48.2,77.2,48.785714285714285
2022-01-28,57.1,40.9,47.3,38.3,73.3,0,0.0,17.2,12.8,208.8,1016.0,58.2,3.3,159.8,6,0.0,1,28,2022,0.49999999999999994,0.8660254037844387,0.4635502709028509,0.886070621534138,10.809444444444445,0,16.200000000000003,47.7,74.5,48.51428571428571
2022-01-29,60.7,37.3,47.1,38.0,73.6,0,0.0,16.6,10.3,234.0,1016.7,34.4,3.2,171.0,7,0.0,1,29,2022,0.49999999999999994,0.8660254037844387,0.47873384011578846,0.8779600847008882,10.830277777777777,0,23.400000000000006,47.3,73.3,48.38571428571429
2022-01-30,58.9,39.1,47.5,40.7,79.2,0,0.0,15.7,15.0,183.4,1013.0,58.3,3.3,108.3,5,0.0,1,30,2022,0.49999999999999994,0.8660254037844387,0.4937755501599772,0.869589389346611,10.85138888888889,0,19.799999999999997,47.1,73.6,48.18571428571429
2022-01-31,62.5,39.1,49.5,39.2,71.2,0,0.0,16.1,12.8,196.9,1014.1,36.7,3.4,130.8,5,0.0,1,31,2022,0.49999999999999994,0.8660254037844387,0.5086709438521044,0.8609610158889943,10.872777777777777,0,23.4,47.5,79.2,48.114285714285714
2022-02-01,58.9,40.9,47.7,40.3,77.6,0,0.0,16.8,11.4,236.7,1011.4,48.5,3.0,127.2,5,0.0,2,32,2022,0.8660254037844386,0.5000000000000001,0.5234156073655503,0.8520775211013093,10.894444444444444,0,18.0,49.5,71.2,47.857142857142854
2022-02-02,57.1,39.1,46.9,41.3,82.3,0,0.0,15.0,10.3,186.8,1014.6,52.8,2.4,99.0,4,0.0,2,33,2022,0.8660254037844386,0.5000000000000001,0.5380051715382996,0.8429415373547828,10.91638888888889,0,18.0,47.7,77.6,47.67142857142857
2022-02-03,62.5,39.1,49.6,42.3,78.9,0,0.0,15.2,5.8,157.3,1016.0,62.3,2.3,163.7,6,0.0,2,34,2022,0.8660254037844386,0.5000000000000001,0.5524353131676196,0.8335557718385699,10.938611111111111,0,23.4,46.9,82.3,47.94285714285714
2022-02-04,48.1,40.9,44.0,42.1,93.3,100,16.67,29.8,15.0,87.9,1013.3,91.0,3.6,57.5,3,41.9,2,35,2022,0.8660254037844386,0.5000000000000001,0.5667017562911176,0.8239230057575542,10.96111111111111,1,7.200000000000003,49.6,78.9,47.471428571428575
2022-02-05,53.5,40.9,45.5,41.3,86.5,100,8.33,15.9,9.2,245.2,1012.8,67.5,4.0,146.7,6,8.4,2,36,2022,0.8660254037844386,0.5000000000000001,0.5808002734538009,0.8140460935082178,10.984166666666667,1,12.600000000000001,44.0,93.3,47.24285714285714
2022-02-06,58.9,39.1,47.8,41.2,80.7,0,0.0,16.3,6.9,232.1,1016.9,30.8,4.0,190.2,7,0.0,2,37,2022,0.8660254037844386,0.5000000000000001,0.5947266869607634,0.8039279618328213,11.007222222222222,0,19.799999999999997,45.5,86.5,47.285714285714285
2022-02-07,60.7,40.9,49.5,43.3,81.5,0,0.0,16.8,10.3,233.4,1016.8,38.6,4.0,153.7,6,1.0921999999999998,2,38,2022,0.8660254037844386,0.5000000000000001,0.6084768701151261,0.7935716089521474,11.030555555555555,1,19.800000000000004,47.8,80.7,47.285714285714285
2022-02-08,60.7,46.3,51.3,43.4,76.9,0,0.0,16.6,10.3,243.1,1016.0,68.5,3.9,107.6,4,0.0,2,39,2022,0.8660254037844386,0.5000000000000001,0.6220467484408675,0.7829801036770629,11.054444444444444,0,14.400000000000006,49.5,81.5,47.800000000000004
2022-02-09,64.3,42.7,52.2,40.6,69.8,0,0.0,18.8,10.3,265.0,1018.2,48.0,3.8,191.2,7,0.0,2,40,2022,0.8660254037844386,0.5000000000000001,0.6354323008901774,0.7721565844991642,11.078333333333333,0,21.599999999999994,51.3,76.9,48.557142857142864
2022-02-10,62.5,44.5,52.8,41.9,69.4,0,0.0,19.9,12.8,277.2,1017.2,44.9,4.4,203.4,7,0.0,2,41,2022,0.8660254037844386,0.5000000000000001,0.6486295610349814,0.7611042586607747,11.1025,0,18.0,52.2,69.8,49.01428571428572
2022-02-11,62.5,40.9,50.4,41.0,72.9,0,0.0,17.2,15.0,216.9,1015.5,39.1,4.1,178.8,7,0.0,2,42,2022,0.8660254037844386,0.5000000000000001,0.6616346182422783,0.7498264012045686,11.126666666666667,0,21.6,52.8,69.4,49.92857142857143
2022-02-12,66.1,40.9,51.4,41.5,73.7,0,0.0,15.9,4.7,212.4,1015.7,24.4,4.2,212.0,8,0.0,2,43,2022,0.8660254037844386,0.5000000000000001,0.6744436188329455,0.7383263540031065,11.151111111111112,0,25.199999999999996,50.4,72.9,50.771428571428565
2022-02-13,64.3,44.5,52.2,43.8,76.2,0,0.0,14.5,9.2,198.6,1016.2,37.6,3.8,123.8,5,0.0,2,44,2022,0.8660254037844386,0.5000000000000001,0.6870527672236669,0.7266075247685656,11.175833333333333,0,19.799999999999997,51.4,73.7,51.39999999999999
2022-02-14,66.1,42.7,52.9,44.8,77.4,0,0.0,17.2,12.8,202.3,1016.4,38.3,2.9,199.7,8,0.0,2,45,2022,0.8660254037844386,0.5000000000000001,0.6994583270516471,0.7146733860429609,11.200833333333334,0,23.39999999999999,52.2,76.2,51.885714285714286
2022-02-15,66.1,46.3,54.6,44.7,73.4,0,0.0,17.2,9.2,205.2,1015.9,37.5,3.6,189.9,7,0.0,2,46,2022,0.8660254037844386,0.5000000000000001,0.7116566222817746,0.702527474169157,11.225833333333334,0,19.799999999999997,52.9,77.4,52.357142857142854
2022-02-16,64.3,43.4,53.4,43.6,72.7,100,4.17,19.0,11.4,257.7,1013.3,26.0,3.5,204.0,8,0.0,2,47,2022,0.8660254037844386,0.5000000000000001,0.7236440382959124,0.6901733882429719,11.251388888888888,0,20.9,54.6,73.4,52.528571428571425
2022-02-17,67.9,42.7,53.3,41.3,68.3,0,0.0,17.4,9.2,254.2,1013.1,25.9,3.8,192.9,7,0.0,2,48,2022,0.8660254037844386,0.5000000000000001,0.7354170229639855,0.6776147890466889,11.276944444444444,0,25.200000000000003,53.4,72.7,52.6
2022-02-18,66.1,42.7,53.8,43.9,72.3,0,0.0,18.8,8.1,214.4,1014.9,27.9,3.5,195.7,7,0.0,2,49,2022,0.8660254037844386,0.5000000000000001,0.7469720876965552,0.6648553979642865,11.302222222222222,0,23.39999999999999,53.3,68.3,53.08571428571428
2022-02-19,64.3,48.1,54.6,43.4,69.3,0,0.0,19.9,12.8,257.2,1014.4,56.4,3.5,202.1,7,0.0,2,50,2022,0.8660254037844386,0.5000000000000001,0.7583058084785625,0.6518989958787126,11.328055555555556,0,16.199999999999996,53.8,72.3,53.542857142857144
2022-02-20,62.5,42.7,51.0,39.9,69.7,0,0.0,20.8,19.7,194.4,1009.7,45.8,3.8,158.5,7,0.0,2,51,2022,0.8660254037844386,0.5000000000000001,0.7694148268839378,0.6387494220515272,11.354166666666666,0,19.799999999999997,54.6,69.3,53.371428571428574
2022-02-21,60.7,40.9,49.9,40.1,72.0,100,8.33,15.9,15.0,208.9,1011.4,44.9,4.0,200.5,7,1.8,2,52,2022,0.8660254037844386,0.5000000000000001,0.7802958510707755,0.6254105729852463,11.380277777777778,1,19.800000000000004,51.0,69.7,52.942857142857136
2022-02-22,62.5,42.7,51.8,42.8,73.3,0,0.0,17.9,12.8,205.3,1017.9,45.2,3.6,186.7,7,0.0,2,53,2022,0.8660254037844386,0.5000000000000001,0.7909456567567772,0.6118864012687243,11.40638888888889,0,19.799999999999997,49.9,72.0,52.542857142857144
2022-02-23,67.9,44.5,55.2,44.7,71.3,0,0.0,18.1,11.4,274.7,1021.1,31.8,3.2,222.0,8,0.0,2,54,2022,0.8660254037844386,0.5000000000000001,0.8013610881746766,0.5981809144059164,11.432777777777778,0,23.400000000000006,51.8,73.3,52.8
2022-02-24,69.7,46.3,57.0,45.4,68.2,0,0.0,16.8,9.2,220.5,1020.2,36.5,3.7,222.3,8,0.0,2,55,2022,0.8660254037844386,0.5000000000000001,0.8115390590073611,0.5842981736283683,11.459444444444445,0,23.400000000000006,55.2,71.3,53.32857142857142
2022-02-25,64.3,48.1,55.4,44.2,68.9,100,4.17,17.0,13.9,259.8,1021.0,76.0,3.5,181.4,8,0.0,2,56,2022,0.8660254037844386,0.5000000000000001,0.8214765533024142,0.5702422926917871,11.485833333333334,0,16.199999999999996,57.0,68.2,53.557142857142864
2022-02-26,67.9,44.5,56.5,41.9,61.1,0,0.0,18.6,11.4,297.7,1022.0,27.6,4.4,227.4,8,0.0,2,57,2022,0.8660254037844386,0.5000000000000001,0.8311706263658079,0.5560174366570446,11.5125,0,23.400000000000006,55.4,68.9,53.82857142857143
2022-02-27,69.7,46.3,57.0,41.8,61.7,0,0.0,18.6,15.0,301.5,1020.5,40.7,4.4,226.5,8,0.0,2,58,2022,0.8660254037844386,0.5000000000000001,0.8406184056344782,0.5416278206559814,11.539444444444445,0,23.400000000000006,56.5,61.1,54.68571428571429
2022-02-28,69.7,44.5,57.0,43.6,64.3,0,0.0,18.6,36.9,15.9,1018.7,28.7,4.2,247.4,9,0.0,2,59,2022,0.8660254037844386,0.5000000000000001,0.8498170915275278,0.5270777086423722,11.56611111111111,0,25.200000000000003,57.0,61.7,55.7
2022-03-01,71.5,46.3,58.2,47.3,69.7,0,0.0,16.1,10.3,219.3,1020.4,26.0,3.9,233.6,8,0.0,3,60,2022,1.0,6.123233995736766e-17,0.8587639582758029,0.5123714121284237,11.593055555555555,0,25.200000000000003,57.0,64.3,56.614285714285714
2022-03-02,71.5,48.1,58.5,46.6,68.5,0,0.0,22.8,15.0,287.2,1020.3,25.0,3.9,233.6,8,0.0,3,61,2022,1.0,6.123233995736766e-17,0.8674563547295968,0.49751328890718066,11.620277777777778,0,23.4,58.2,69.7,57.08571428571429
2022-03-03,73.3,48.1,59.0,47.3,68.2,0,0.0,23.0,17.2,217.7,1019.5,27.1,4.2,246.8,9,0.0,3,62,2022,1.0,6.123233995736766e-17,0.8758917051442429,0.48250774176121847,11.647222222222222,0,25.199999999999996,58.5,68.5,57.371428571428574
2022-03-04,73.3,48.1,60.3,43.3,60.2,0,0.0,23.0,11.4,271.7,1018.1,28.9,4.4,253.8,9,0.0,3,63,2022,1.0,6.123233995736766e-17,0.8840675099433636,0.46735921715800227,11.674444444444445,0,25.199999999999996,59.0,68.2,58.07142857142857
2022-03-05,73.3,48.1,60.3,44.8,60.8,0,0.0,21.0,12.8,254.3,1016.9,25.0,4.4,255.2,9,0.0,3,64,2022,1.0,6.123233995736766e-17,0.8919813464595485,0.45207220393230435,11.701666666666666,0,25.199999999999996,60.3,60.2,58.61428571428571
2022-03-06,75.1,49.9,61.7,49.1,67.2,0,0.0,17.0,8.1,207.5,1019.0,24.0,3.8,262.4,9,0.0,3,65,2022,1.0,6.123233995736766e-17,0.8996308696522433,0.43665123195606403,11.729166666666666,0,25.199999999999996,60.3,60.8,59.285714285714285
2022-03-07,80.5,51.7,64.5,49.8,64.6,0,0.0,17.9,13.9,220.9,1020.6,32.8,3.9,253.4,9,0.0,3,66,2022,1.0,6.123233995736766e-17,0.9070138128026359,0.4211008707960896,11.756388888888889,0,28.799999999999997,61.7,67.2,60.357142857142854
2022-03-08,80.5,51.7,65.2,45.9,57.3,0,0.0,18.6,11.4,189.9,1018.4,25.2,4.4,233.9,9,0.0,3,67,2022,1.0,6.123233995736766e-17,0.9141279881853337,0.40542572835999735,11.783888888888889,0,28.799999999999997,64.5,64.6,61.357142857142854
2022-03-09,80.5,53.5,65.6,46.4,55.6,0,0.0,17.4,12.8,220.8,1017.8,25.0,4.6,244.2,9,0.0,3,68,2022,1.0,6.123233995736766e-17,0.9209712877166346,0.38963044953078796,11.811111111111112,0,27.0,65.2,57.3,62.371428571428574
2022-03-10,76.9,53.5,64.5,50.8,64.1,0,0.0,18.8,13.9,206.4,1017.5,53.7,3.9,247.9,9,0.0,3,69,2022,1.0,6.123233995736766e-17,0.9275416835791966,0.37371971479046906,11.838611111111112,0,23.400000000000006,65.6,55.6,63.15714285714286
2022-03-11,76.9,53.5,64.8,50.4,64.0,0,0.0,18.6,11.4,202.0,1016.9,25.0,4.2,235.3,9,0.0,3,70,2022,1.0,6.123233995736766e-17,0.9338372288229252,0.35769823883312546,11.866111111111111,0,23.400000000000006,64.5,64.1,63.8
2022-03-12,78.7,51.7,65.2,50.0,61.8,0,0.0,15.4,13.9,186.4,1016.4,28.7,4.2,254.8,9,0.0,3,71,2022,1.0,6.123233995736766e-17,0.9398560579418954,0.3415707691678556,11.893888888888888,0,27.0,64.8,64.0,64.5
2022-03-13,80.5,55.3,66.4,50.2,60.4,0,0.0,15.2,10.3,232.9,1017.5,25.0,4.2,276.9,9,0.0,3,72,2022,1.0,6.123233995736766e-17,0.9455963874271426,0.3253420847119801,11.921666666666667,0,25.200000000000003,65.2,61.8,65.17142857142856
2022-03-14,82.3,55.1,68.3,51.3,58.5,0,0.0,13.9,10.3,190.3,1017.3,27.7,4.5,271.6,9,0.0,3,73,2022,1.0,6.123233995736766e-17,0.9510565162951535,0.30901699437494745,11.949166666666667,0,27.199999999999996,66.4,60.4,65.71428571428571
2022-03-15,84.1,57.1,69.4,53.9,61.4,0,0.0,15.2,13.9,198.6,1014.5,25.0,3.9,253.8,9,0.0,3,74,2022,1.0,6.123233995736766e-17,0.9562348265919056,0.29260033563334836,11.976666666666667,0,26.999999999999993,68.3,58.5,66.31428571428572
2022-03-16,80.5,57.1,68.4,56.7,69.2,100,4.17,14.8,13.9,185.6,1013.2,35.5,3.7,233.5,7,4.6,3,75,2022,1.0,6.123233995736766e-17,0.9611297838723007,0.27609697309746883,12.004444444444445,1,23.4,69.4,61.4,66.71428571428572
2022-03-17,82.3,58.9,69.6,56.5,66.8,100,8.33,14.3,12.8,158.0,1015.9,30.2,3.8,275.8,9,4.6,3,76,2022,1.0,6.123233995736766e-17,0.9657399376548549,0.2595117970697999,12.031944444444445,1,23.4,68.4,69.2,67.44285714285714
2022-03-18,87.9,58.9,70.7,56.5,63.4,0,0.0,14.3,9.2,235.1,1015.5,26.0,3.7,272.8,9,0.0,3,77,2022,1.0,6.123233995736766e-17,0.970063921851507,0.2428497220959356,12.059722222222222,0,29.000000000000007,69.6,66.8,68.28571428571429
2022-03-19,84.1,58.9,71.3,53.2,56.2,0,0.0,20.6,13.9,272.5,1014.0,25.0,4.2,260.9,8,0.0,3,78,2022,1.0,6.123233995736766e-17,0.9741004551724205,0.22611568550828828,12.087222222222222,0,25.199999999999996,70.7,63.4,69.15714285714286
2022-03-20,82.3,58.9,70.6,52.7,55.9,0,0.0,18.6,11.4,216.5,1012.7,26.8,4.1,251.2,9,0.0,3,79,2022,1.0,6.123233995736766e-17,0.9778483415056568,0.20931464596304847,12.115,0,23.4,71.3,56.2,69.75714285714285
2022-03-21,82.3,55.7,69.1,54.8,63.0,0,0.0,19.2,22.4,199.8,1012.4,32.0,3.4,228.2,8,0.0,3,80,2022,1.0,6.123233995736766e-17,0.9813064702716093,0.19245158197082998,12.1425,0,26.599999999999994,70.6,55.9,69.87142857142857
2022-03-22,82.3,58.9,68.5,55.0,64.8,0,0.0,18.1,13.9,146.8,1014.3,38.9,3.6,236.2,8,0.0,3,81,2022,1.0,6.123233995736766e-17,0.9844738167520922,0.1755314904214282,12.170277777777779,0,23.4,69.1,63.0,69.74285714285715
2022-03-23,80.5,60.7,69.2,53.1,60.5,0,0.0,15.7,15.0,192.3,1014.8,53.3,3.6,236.0,8,0.0,3,82,2022,1.0,6.123233995736766e-17,0.9873494423939864,0.15855938510313478,12.198055555555555,0,19.799999999999997,68.5,64.8,69.85714285714286
2022-03-24,78.7,57.1,67.3,53.5,64.9,0,0.0,19.5,13.9,292.0,1012.0,48.3,3.7,236.9,8,0.0,3,83,2022,1.0,6.123233995736766e-17,0.989932495087353,0.141540295217043,12.225833333333334,0,21.6,69.2,60.5,69.52857142857142
2022-03-25,80.5,55.5,67.9,46.7,55.3,100,8.33,30.0,22.4,315.0,1011.3,26.7,4.5,277.6,10,0.3,3,84,2022,1.0,6.123233995736766e-17,0.9922222094179323,0.12447926388678915,12.253055555555555,1,25.0,67.3,64.9,69.12857142857143
2022-03-26,80.5,57.1,68.7,44.4,46.1,0,0.0,17.2,10.3,217.2,1013.5,37.0,4.1,243.2,8,0.0,3,85,2022,1.0,6.123233995736766e-17,0.994217906893952,0.10738134666416309,12.280833333333334,0,23.4,67.9,55.3,68.75714285714285
2022-03-27,80.5,55.3,67.7,47.3,50.1,0,0.0,15.4,15.0,185.0,1016.3,42.0,3.5,285.5,10,0.0,3,86,2022,1.0,6.123233995736766e-17,0.995918996147179,0.09025161003104117,12.308333333333334,0,25.200000000000003,68.7,46.1,68.34285714285714
2022-03-28,78.7,60.7,68.7,54.6,62.1,0,0.0,18.3,16.1,213.0,1015.2,73.5,3.0,205.1,8,0.0,3,87,2022,1.0,6.123233995736766e-17,0.9973249731081555,0.07309512989807777,12.335833333333333,0,18.0,67.7,50.1,68.28571428571429
2022-03-29,76.9,62.5,68.3,58.8,72.8,0,0.0,16.6,13.9,203.6,1014.0,83.3,2.9,228.3,7,0.0,3,88,2022,1.0,6.123233995736766e-17,0.9984354211555643,0.055916990100603484,12.363333333333333,0,14.400000000000006,68.7,62.1,68.25714285714285
2022-03-30,75.1,58.9,68.1,62.4,82.7,0,0.0,17.7,8.1,284.0,1014.4,77.3,2.4,193.9,8,0.0,3,89,2022,1.0,6.123233995736766e-17,0.9992500112396835,0.03872228089217446,12.390833333333333,0,16.199999999999996,68.3,72.8,68.10000000000001
2022-03-31,76.9,64.3,69.8,61.8,77.0,0,0.0,16.3,12.8,230.1,1014.6,69.0,2.7,145.9,6,0.0,3,90,2022,1.0,6.123233995736766e-17,0.9997685019798909,0.021516097436222254,12.418055555555556,0,12.600000000000009,68.1,82.7,68.45714285714287
2022-04-01,76.9,62.5,69.6,62.9,80.2,0,0.0,18.6,10.3,281.7,1014.4,73.8,2.7,191.6,7,0.0,4,91,2022,0.8660254037844387,-0.49999999999999983,0.9999907397361901,0.004303538296244289,12.445277777777777,0,14.400000000000006,69.8,77.0,68.7
2022-04-02,80.5,64.3,71.5,64.1,78.6,100,4.17,16.6,15.0,222.3,1017.0,72.2,2.7,202.6,8,0.0,4,92,2022,0.8660254037844387,-0.49999999999999983,0.9999166586547379,-0.01291029607500882,12.472777777777777,0,16.200000000000003,69.6,80.2,69.1
2022-04-03,80.5,66.1,72.7,60.7,68.5,0,0.0,20.8,12.8,255.2,1015.6,73.8,3.3,203.8,7,0.0,4,93,2022,0.8660254037844387,-0.49999999999999983,0.9995462806873573,-0.030120304846908114,12.5,0,14.400000000000006,71.5,78.6,69.81428571428572
2022-04-04,82.3,64.3,72.3,58.2,63.0,0,0.0,17.7,15.0,207.4,1014.9,47.5,3.6,250.4,9,0.0,4,94,2022,0.8660254037844387,-0.49999999999999983,0.9988797155850336,-0.04732138832243185,12.526944444444444,0,18.0,72.7,68.5,70.32857142857144
2022-04-05,84.1,62.5,73.8,56.6,59.2,0,0.0,20.8,13.9,217.3,1018.3,25.0,3.8,268.1,9,0.0,4,95,2022,0.8660254037844387,-0.49999999999999983,0.9979171608653922,-0.06450844944931623,12.554166666666667,0,21.599999999999994,72.3,63.0,71.11428571428571
2022-04-06,82.3,62.5,72.7,55.9,57.2,0,0.0,20.1,16.1,214.0,1018.6,39.1,3.6,272.9,10,0.0,4,96,2022,0.8660254037844387,-0.49999999999999983,0.9966589017541702,-0.08167639533042241,12.581111111111111,0,19.799999999999997,73.8,59.2,71.77142857142857
2022-04-07,82.3,62.5,71.7,58.3,64.2,0,0.0,20.1,17.2,207.8,1017.9,42.5,3.8,247.4,8,0.0,4,97,2022,0.8660254037844387,-0.49999999999999983,0.9951053111006976,-0.09882013873287143,12.608055555555556,0,19.799999999999997,72.7,57.2,72.04285714285714
2022-04-08,82.3,62.5,72.0,56.3,60.1,0,0.0,22.4,11.4,257.5,1015.9,36.5,3.8,244.6,9,0.0,4,98,2022,0.8660254037844387,-0.49999999999999983,0.9932568492674143,-0.11593459959550041,12.635,0,19.799999999999997,71.7,64.2,72.38571428571429
2022-04-09,78.7,64.3,69.2,60.0,73.8,100,8.33,23.0,8.1,87.8,1014.8,75.1,2.9,230.1,8,1.0,4,99,2022,0.8660254037844387,-0.49999999999999983,0.9911140639934547,-0.1330147065341959,12.661666666666667,1,14.400000000000006,72.0,60.1,72.05714285714285
2022-04-10,78.7,62.5,69.6,61.5,77.1,100,8.33,21.3,12.8,296.4,1013.6,78.5,2.9,206.5,8,1.3,4,100,2022,0.8660254037844387,-0.49999999999999983,0.9886775902323405,-0.1500553983446526,12.688333333333333,1,16.200000000000003,69.2,73.8,71.61428571428571
2022-04-11,82.3,60.7,71.2,61.5,73.4,100,8.33,19.9,10.3,242.9,1013.1,42.8,3.9,151.8,6,0.8,4,101,2022,0.8660254037844387,-0.49999999999999983,0.9859481499638304,-0.16705162550211924,12.714722222222223,1,21.599999999999994,69.6,77.1,71.45714285714286
2022-04-12,84.1,66.1,72.5,64.6,77.4,100,8.33,15.9,15.0,219.0,1013.6,68.0,3.8,201.0,7,0.0,4,102,2022,0.8660254037844387,-0.49999999999999983,0.9829265519799822,-0.18399835165768005,12.741388888888888,0,18.0,71.2,73.4,71.27142857142857
2022-04-13,82.3,66.1,73.5,64.0,74.4,0,0.0,21.7,13.9,235.6,1012.0,56.4,3.7,201.7,7,0.0,4,103,2022,0.8660254037844387,-0.49999999999999983,0.9796136916454901,-0.20089055513063506,12.7675,0,16.200000000000003,72.5,77.4,71.38571428571429
2022-04-14,85.9,62.5,73.7,51.2,54.7,100,8.33,29.5,16.1,298.3,1011.3,37.0,4.6,291.3,10,3.0,4,104,2022,0.8660254037844387,-0.49999999999999983,0.9760105506323683,-0.21772323039653177,12.793888888888889,1,23.400000000000006,73.5,74.4,71.67142857142858
2022-04-15,85.9,60.7,73.5,42.8,37.0,0,0.0,26.8,13.9,330.1,1010.8,25.0,4.8,282.7,10,0.0,4,105,2022,0.8660254037844387,-0.49999999999999983,0.9721181966290613,-0.23449138957040985,12.82,0,25.200000000000003,73.7,54.7,71.88571428571429
2022-04-16,85.9,58.9,72.4,41.0,36.5,0,0.0,24.2,13.9,308.7,1010.8,26.5,4.7,296.6,10,0.0,4,106,2022,0.8660254037844387,-0.49999999999999983,0.9679377830240642,-0.25119006388481935,12.845833333333333,0,27.000000000000007,73.5,37.0,72.34285714285714
2022-04-17,84.1,58.9,72.2,38.4,34.0,0,0.0,22.6,16.1,311.9,1012.5,25.0,4.6,296.0,10,0.0,4,107,2022,0.8660254037844387,-0.49999999999999983,0.9634705485641488,-0.2678143051621742,12.871944444444445,0,25.199999999999996,72.4,36.5,72.71428571428571
2022-04-18,87.7,58.9,72.1,49.4,47.5,0,0.0,21.3,12.8,199.9,1014.7,27.1,3.7,312.8,10,0.0,4,108,2022,0.8660254037844387,-0.49999999999999983,0.9587178169872964,-0.2843591872810034,12.8975,0,28.800000000000004,72.2,34.0,72.84285714285714
2022-04-19,82.3,64.3,71.3,59.4,67.9,0,0.0,21.0,12.8,124.4,1015.8,63.3,2.8,276.7,10,0.0,4,109,2022,0.8660254037844387,-0.49999999999999983,0.9536809966304457,-0.30081980763566735,12.923055555555555,0,18.0,72.1,47.5,72.67142857142858
2022-04-20,78.7,60.7,67.5,60.4,79.8,100,16.67,14.8,10.3,110.7,1015.0,71.7,3.2,196.2,7,2.3,4,110,2022,0.8660254037844387,-0.49999999999999983,0.9483615800121715,-0.3171912885891061,12.948611111111111,1,18.0,71.3,67.9,71.81428571428572
2022-04-21,84.1,64.3,72.0,61.2,71.0,100,8.33,15.7,10.3,230.4,1015.2,60.1,4.1,232.5,8,0.3,4,111,2022,0.8660254037844387,-0.49999999999999983,0.9427611433904207,-0.3334687789181868,12.973611111111111,1,19.799999999999997,67.5,79.8,71.57142857142857
2022-04-22,82.3,60.7,70.9,59.0,68.4,0,0.0,21.3,16.1,283.4,1015.2,51.2,4.0,227.7,9,0.0,4,112,2022,0.8660254037844387,-0.49999999999999983,0.9368813462954315,-0.3496474552512284,12.998611111111112,0,21.599999999999994,72.0,71.0,71.2
2022-04-23,84.1,58.9,71.6,52.2,54.3,100,8.33,27.3,13.9,297.2,1014.5,25.0,4.6,304.1,10,1.0,4,113,2022,0.8660254037844387,-0.49999999999999983,0.9307239310379795,-0.36572252349726897,13.023888888888889,1,25.199999999999996,70.9,68.4,71.08571428571429
2022-04-24,85.9,60.7,73.5,48.7,45.5,0,0.0,25.9,15.0,291.2,1012.2,25.0,3.8,307.0,10,0.0,4,114,2022,0.8660254037844387,-0.49999999999999983,0.9242907221930934,-0.3816892202666588,13.048333333333334,0,25.200000000000003,71.6,54.3,71.27142857142857
2022-04-25,87.7,60.7,73.7,48.7,44.5,0,0.0,20.8,10.3,259.8,1012.3,25.2,3.3,318.7,10,0.0,4,115,2022,0.8660254037844387,-0.49999999999999983,0.9175836260593937,-0.39754281428255595,13.073055555555555,0,27.0,73.5,45.5,71.5
2022-04-26,89.9,60.7,74.3,51.8,48.8,0,0.0,25.3,15.0,273.5,1012.7,30.0,3.4,289.5,10,0.0,4,116,2022,0.8660254037844387,-0.49999999999999983,0.9106046300942163,-0.4132786077829042,13.0975,0,29.200000000000003,73.7,44.5,71.92857142857143
2022-04-27,84.1,62.5,74.0,53.1,50.2,0,0.0,22.8,13.9,274.1,1013.3,25.1,3.7,320.7,10,0.0,4,117,2022,0.8660254037844387,-0.49999999999999983,0.9033558023246845,-0.4288919379124835,13.121666666666666,0,21.599999999999994,74.3,48.8,72.85714285714286
2022-04-28,84.1,64.3,74.5,59.9,62.1,0,0.0,19.5,11.4,265.7,1015.1,39.6,3.4,302.6,10,0.0,4,118,2022,0.8660254037844387,-0.49999999999999983,0.895839290734909,-0.4443781781046132,13.145833333333334,0,19.799999999999997,74.0,50.2,73.21428571428571
2022-04-29,80.5,64.3,69.9,59.3,70.6,0,0.0,20.8,12.8,164.9,1014.2,59.1,3.6,248.7,8,1.5,4,119,2022,0.8660254037844387,-0.49999999999999983,0.8880573226294932,-0.45973273945210397,13.169444444444444,1,16.200000000000003,74.5,62.1,73.07142857142857
2022-04-30,71.5,62.5,65.3,60.0,83.3,100,16.67,30.0,16.1,57.9,1013.1,78.5,3.8,228.2,9,3.0,4,120,2022,0.8660254037844387,-0.49999999999999983,0.8800122039735357,-0.47495107206704995,13.192777777777778,1,9.0,69.9,70.6,72.17142857142856
2022-05-01,82.3,60.7,70.1,59.7,72.0,100,8.33,15.7,9.2,243.5,1012.5,58.5,4.1,230.1,8,0.5,5,121,2022,0.49999999999999994,-0.8660254037844387,0.8717063187093218,-0.49002866642905923,13.216111111111111,1,21.599999999999994,65.3,83.3,71.68571428571428
2022-05-02,80.5,60.7,66.3,61.2,85.8,0,0.0,14.3,13.9,100.4,1013.2,82.7,3.2,174.3,8,0.2032,5,122,2022,0.49999999999999994,-0.8660254037844387,0.8631421280499114,-0.5049610547215204,13.239166666666666,1,19.799999999999997,70.1,72.0,70.62857142857142
2022-05-03,78.7,57.1,68.4,60.0,77.4,100,8.33,15.7,12.8,208.7,1013.5,57.0,4.7,251.2,9,5.1,5,123,2022,0.49999999999999994,-0.8660254037844387,0.854322169749827,-0.5197438121555155,13.262222222222222,1,21.6,66.3,85.8,69.78571428571429
2022-05-04,80.5,66.1,69.9,62.4,77.9,0,0.0,16.3,10.3,252.0,1015.3,83.8,4.3,202.4,7,0.0,5,124,2022,0.49999999999999994,-0.8660254037844387,0.8452490573530633,-0.5343725582809787,13.284722222222221,0,14.400000000000006,68.4,77.4,69.2
2022-05-05,78.7,58.7,69.5,60.7,75.7,100,8.33,14.3,10.3,247.0,1014.3,77.0,5.2,165.8,6,25.9,5,125,2022,0.49999999999999994,-0.8660254037844387,0.835925479418637,-0.548842958284719,13.306944444444444,1,20.0,69.9,77.9,68.48571428571428
2022-05-06,75.1,60.9,68.8,61.9,79.5,100,8.33,18.6,11.4,115.8,1014.9,80.1,4.7,126.3,5,0.8,5,126,2022,0.49999999999999994,-0.8660254037844387,0.8263541987239096,-0.5631507242749186,13.329166666666667,1,14.199999999999996,69.5,75.7,68.32857142857144
2022-05-07,80.5,62.5,69.0,61.5,79.5,0,0.0,17.2,15.0,196.1,1015.3,71.7,4.4,265.2,9,0.7111999999999999,5,127,2022,0.49999999999999994,-0.8660254037844387,0.8165380514459161,-0.5772916165517272,13.350833333333334,1,18.0,68.8,79.5,68.85714285714286
2022-05-08,80.5,64.3,69.3,62.7,81.5,100,8.33,16.8,16.1,168.7,1014.8,84.8,4.4,236.0,8,1.3,5,128,2022,0.49999999999999994,-0.8660254037844387,0.8064799463209448,-0.5912614448635781,13.371944444444445,1,16.200000000000003,69.0,79.5,68.74285714285715
2022-05-09,80.5,62.5,70.9,60.9,73.5,100,8.33,16.1,9.2,169.7,1014.5,74.8,4.2,280.7,9,0.0,5,129,2022,0.49999999999999994,-0.8660254037844387,0.7961828637826158,-0.6050560696488488,13.393333333333333,0,18.0,69.3,81.5,69.4
2022-05-10,80.5,66.1,72.9,63.2,72.7,100,8.33,15.9,9.2,260.1,1013.9,71.1,4.0,253.5,8,23.4,5,130,2022,0.49999999999999994,-0.8660254037844387,0.7856498550787145,-0.6186714032625031,13.414166666666667,1,14.400000000000006,70.9,73.5,70.04285714285713
2022-05-11,80.5,64.3,70.5,64.7,83.2,100,16.67,15.7,12.8,84.0,1012.5,73.8,4.5,252.4,8,8.9,5,131,2022,0.49999999999999994,-0.8660254037844387,0.7748840413670407,-0.6321034111873487,13.434722222222222,1,16.200000000000003,72.9,72.7,70.12857142857142
2022-05-12,82.3,64.3,72.6,64.5,77.6,100,8.33,16.6,10.3,146.0,1011.4,54.8,4.6,209.5,8,0.3,5,132,2022,0.49999999999999994,-0.8660254037844387,0.7638886127905428,-0.6453481132295501,13.455,1,18.0,70.5,83.2,70.57142857142857
2022-05-13,80.5,67.9,74.4,65.7,75.4,100,8.33,18.1,9.2,263.6,1007.5,65.0,4.5,252.0,8,1.5,5,133,2022,0.49999999999999994,-0.8660254037844387,0.7526668275320084,-0.6584015846980488,13.474722222222223,1,12.599999999999994,72.6,77.6,71.37142857142858
2022-05-14,82.3,66.1,73.6,66.3,79.0,100,8.33,18.1,15.0,166.6,1008.4,75.3,3.9,248.7,9,5.206999999999999,5,134,2022,0.49999999999999994,-0.8660254037844387,0.741222010848596,-0.6712599575675313,13.494444444444444,1,16.200000000000003,74.4,75.4,72.02857142857142
2022-05-15,76.9,69.7,72.6,68.9,88.4,100,4.17,17.2,8.1,176.3,1010.9,86.9,3.0,206.7,6,0.0,5,135,2022,0.49999999999999994,-0.8660254037844387,0.7295575540864875,-0.6839194216246106,13.51361111111111,0,7.200000000000003,73.6,79.0,72.5
2022-05-16,84.1,66.1,72.6,67.1,84.1,100,8.33,21.0,10.3,280.1,1010.8,80.6,3.7,253.2,9,0.0,5,136,2022,0.49999999999999994,-0.8660254037844387,0.717676913675962,-0.6963762255968722,13.532222222222222,0,18.0,72.6,88.4,72.74285714285715
2022-05-17,85.9,62.5,74.7,60.6,66.1,100,8.33,23.9,12.8,308.2,1010.3,31.8,4.6,302.2,9,4.3,5,137,2022,0.49999999999999994,-0.8660254037844387,0.705583610107178,-0.7086266782644596,13.550833333333333,1,23.400000000000006,72.6,84.1,72.99999999999999
2022-05-18,85.9,66.1,75.3,57.5,55.9,0,0.0,20.4,15.0,327.5,1011.8,47.2,4.7,288.5,9,0.0,5,138,2022,0.49999999999999994,-0.8660254037844387,0.6932812268869777,-0.7206671495538609,13.568888888888889,0,19.80000000000001,74.7,66.1,73.68571428571428
2022-05-19,84.1,62.5,74.1,60.4,64.5,0,0.0,24.4,15.0,284.9,1011.5,41.7,4.2,272.0,8,0.0,5,139,2022,0.49999999999999994,-0.8660254037844387,0.6807734094770161,-0.7324940716135789,13.586388888888889,0,21.599999999999994,75.3,55.9,73.89999999999999
2022-05-20,82.3,62.5,71.2,62.4,75.6,100,8.33,35.8,21.9,117.0,1010.7,73.8,4.4,250.6,8,6.6,5,140,2022,0.49999999999999994,-0.8660254037844387,0.6680638642135335,-0.7441039398713607,13.60388888888889,1,19.799999999999997,74.1,64.5,73.44285714285715
2022-05-21,82.3,62.5,71.3,61.3,73.4,100,8.33,19.9,11.4,261.2,1006.5,47.5,4.9,222.8,8,8.4,5,141,2022,0.49999999999999994,-0.8660254037844387,0.6551563572090853,-0.7554933140726803,13.620555555555555,1,19.799999999999997,71.2,75.6,73.11428571428571
2022-05-22,76.9,60.7,68.3,60.6,78.2,100,16.67,18.6,10.3,85.7,1006.7,74.8,4.8,243.4,9,7.6,5,142,2022,0.49999999999999994,-0.8660254037844387,0.6420547132365637,-0.766658819300159,13.637222222222222,1,16.200000000000003,71.3,73.4,72.49999999999999
2022-05-23,78.7,60.7,68.4,60.6,77.8,100,16.67,18.6,11.4,81.0,1009.1,61.7,4.9,248.7,8,16.5,5,143,2022,0.49999999999999994,-0.8660254037844387,0.6287628145958344,-0.777597146973627,13.653055555555556,1,18.0,68.3,78.2,71.9
2022-05-24,76.9,64.3,70.5,61.3,73.7,100,4.17,15.4,8.1,140.7,1012.3,75.3,4.6,278.8,9,0.0,5,144,2022,0.49999999999999994,-0.8660254037844387,0.6152845999633276,-0.7883050558305255,13.668611111111112,0,12.600000000000009,68.4,77.8,71.3
2022-05-25,76.9,60.7,67.3,62.4,85.2,0,0.0,12.1,13.9,297.1,1013.5,81.7,3.9,196.2,7,49.8,5,145,2022,0.49999999999999994,-0.8660254037844387,0.6016240632249226,-0.7987793728863649,13.68388888888889,1,16.200000000000003,70.5,73.7,70.15714285714286
2022-05-26,78.7,60.5,67.6,60.5,80.8,100,12.5,19.7,10.3,209.9,1011.2,65.5,4.3,274.1,8,41.9,5,146,2022,0.49999999999999994,-0.8660254037844387,0.5877852522924732,-0.8090169943749473,13.698611111111111,1,18.200000000000003,67.3,85.2,69.22857142857143
2022-05-27,80.5,58.9,68.6,61.8,80.7,100,8.33,19.5,12.8,186.6,1009.5,50.1,4.5,263.1,9,1.5,5,147,2022,0.49999999999999994,-0.8660254037844387,0.5737722679043246,-0.8190148866680801,13.712777777777777,1,21.6,67.6,80.8,68.85714285714286
2022-05-28,76.9,66.1,69.0,65.0,87.8,0,0.0,17.4,5.8,346.0,1009.2,71.2,3.7,211.2,8,3.6,5,148,2022,0.49999999999999994,-0.8660254037844387,0.5595892624101765,-0.8287700871745037,13.72638888888889,1,10.800000000000011,68.6,80.7,68.52857142857144
2022-05-29,78.5,66.1,71.0,66.1,85.2,100,8.33,19.0,12.8,181.6,1008.8,80.9,3.6,191.9,7,13.6,5,149,2022,0.49999999999999994,-0.8660254037844387,0.545240438540651,-0.8382797052177743,13.739722222222222,1,12.400000000000006,69.0,87.8,68.91428571428571
2022-05-30,80.5,67.9,73.2,67.6,83.6,100,8.33,17.0,10.2,136.4,1009.9,80.1,3.7,192.9,8,1.5,5,150,2022,0.49999999999999994,-0.8660254037844387,0.5307300481619334,-0.8475409228928311,13.7525,1,12.599999999999994,71.0,85.2,69.6
2022-05-31,78.7,69.7,72.1,67.8,86.8,100,8.33,20.1,10.3,112.8,1010.0,77.0,3.8,226.5,7,6.9,5,151,2022,0.49999999999999994,-0.8660254037844387,0.5160623910158528,-0.8565509959010036,13.764722222222222,1,9.0,73.2,83.6,69.82857142857142
2022-06-01,80.5,66.1,73.2,67.1,82.3,100,4.17,17.9,8.1,256.6,1010.0,64.5,3.9,204.2,7,0.0,6,152,2022,1.2246467991473532e-16,-1.0,0.5012418134457758,-0.865307254363206,13.776666666666667,0,14.400000000000006,72.1,86.8,70.67142857142858
2022-06-02,82.3,66.1,74.6,67.4,79.6,0,0.0,15.2,12.8,192.1,1009.8,65.9,3.5,187.1,8,0.0,6,153,2022,1.2246467991473532e-16,-1.0,0.48627270710869,-0.8738071036110808,13.787777777777778,0,16.200000000000003,73.2,82.3,71.67142857142856
2022-06-03,80.5,69.7,74.6,67.8,80.2,0,0.0,18.1,12.8,283.2,1009.1,80.1,4.1,220.6,7,8.9,6,154,2022,1.2246467991473532e-16,-1.0,0.4711595076738638,-0.8820480249558537,13.79861111111111,1,10.799999999999997,74.6,79.6,72.52857142857144
2022-06-04,80.5,68.6,73.5,68.0,83.4,100,16.67,17.7,9.2,81.0,1009.8,83.3,3.6,266.1,8,1.0,6,155,2022,1.2246467991473532e-16,-1.0,0.4559066935084588,-0.8900275764346767,13.80861111111111,1,11.900000000000006,74.6,80.2,73.17142857142858
2022-06-05,80.5,69.7,71.8,69.9,94.1,100,8.33,16.3,13.9,67.3,1010.4,82.7,3.1,225.4,8,17.0,6,156,2022,1.2246467991473532e-16,-1.0,0.440518784350495,-0.8977433935342337,13.818055555555556,1,10.799999999999997,73.5,83.4,73.28571428571429
2022-06-06,80.5,69.7,74.3,70.3,88.2,0,0.0,15.2,8.1,237.1,1009.7,84.8,3.0,200.8,7,0.0,6,157,2022,1.2246467991473532e-16,-1.0,0.42500033996955416,-0.9051931898913974,13.827222222222222,0,10.799999999999997,71.8,94.1,73.44285714285714
2022-06-07,80.5,69.7,74.6,69.6,85.3,100,8.33,17.7,8.1,351.5,1009.3,83.3,3.5,190.1,7,0.5,6,158,2022,1.2246467991473532e-16,-1.0,0.4093559588156213,-0.9123747579707273,13.835833333333333,1,10.799999999999997,74.3,88.2,73.8
2022-06-08,78.7,67.9,73.0,69.8,90.4,100,16.67,16.3,10.3,234.5,1008.8,83.8,3.3,181.4,8,32.5,6,159,2022,1.2246467991473532e-16,-1.0,0.39359027665646673,-0.9192859697186104,13.84388888888889,1,10.799999999999997,74.6,85.3,73.77142857142857
2022-06-09,76.9,67.9,72.3,70.0,92.7,100,16.67,23.7,6.9,160.3,1008.1,88.5,3.2,152.5,6,8.4,6,160,2022,1.2246467991473532e-16,-1.0,0.3777079652039649,-0.9259247771938498,13.851111111111111,1,9.0,73.0,90.4,73.44285714285715
2022-06-10,84.1,69.2,75.7,68.6,79.9,100,8.33,21.9,10.3,272.8,1008.2,88.5,3.5,216.4,7,1.0,6,161,2022,1.2246467991473532e-16,-1.0,0.36171373072976765,-0.9322892131745133,13.858055555555556,1,14.899999999999991,72.3,92.7,73.6
2022-06-11,84.1,69.7,76.4,69.0,78.6,0,0.0,17.9,8.1,258.9,1008.7,74.8,3.7,217.5,8,0.0,6,162,2022,1.2246467991473532e-16,-1.0,0.3456123126707335,-0.9383773917408641,13.864166666666666,0,14.399999999999991,75.7,79.9,74.0142857142857
2022-06-12,82.3,69.7,75.3,68.1,79.3,100,4.17,16.6,9.2,98.8,1009.8,76.6,4.1,197.9,7,0.0,6,163,2022,1.2246467991473532e-16,-1.0,0.3294084822245304,-0.9441875088341993,13.870277777777778,0,12.599999999999994,76.4,78.6,74.51428571428572
2022-06-13,84.1,67.9,74.0,68.9,85.2,100,8.33,19.5,9.2,88.3,1011.2,80.1,4.1,217.3,7,5.1,6,164,2022,1.2246467991473532e-16,-1.0,0.3131070409358269,-0.9497178427914316,13.875277777777777,1,16.19999999999999,75.3,79.3,74.47142857142856
2022-06-14,84.1,67.9,74.5,70.7,89.3,100,16.67,25.9,9.2,182.0,1009.6,90.5,3.2,215.5,8,51.6,6,165,2022,1.2246467991473532e-16,-1.0,0.29671281927349075,-0.9549667548552551,13.879722222222222,1,16.19999999999999,74.0,85.2,74.45714285714284
2022-06-15,80.5,67.9,73.2,70.1,90.7,100,16.67,25.9,5.8,242.1,1009.0,86.4,3.4,126.0,5,54.9,6,166,2022,1.2246467991473532e-16,-1.0,0.28023067519921585,-0.9599326896597447,13.883611111111112,1,12.599999999999994,74.5,89.3,74.48571428571428
2022-06-16,82.3,69.7,75.6,69.9,83.4,100,8.33,27.3,13.9,232.1,1009.6,83.3,3.9,100.5,4,12.7,6,167,2022,1.2246467991473532e-16,-1.0,0.26366549272800704,-0.9646141756912435,13.887222222222222,1,12.599999999999994,73.2,90.7,74.95714285714287
2022-06-17,84.1,67.9,74.9,66.3,76.4,100,8.33,26.6,11.4,268.1,1009.3,65.3,5.1,159.2,6,6.4,6,168,2022,1.2246467991473532e-16,-1.0,0.24702218048093552,-0.9690098257244062,13.889722222222222,1,16.19999999999999,75.6,83.4,74.84285714285714
2022-06-18,82.3,66.1,74.1,66.6,78.9,100,8.33,23.9,11.4,245.3,1009.6,74.3,4.3,122.3,4,14.5,6,169,2022,1.2246467991473532e-16,-1.0,0.23030567023061221,-0.9731183372332619,13.891944444444444,1,16.200000000000003,74.9,76.4,74.51428571428572
2022-06-19,82.3,66.1,74.6,66.2,76.5,100,8.33,21.7,9.2,261.1,1009.2,72.1,4.8,220.0,9,26.2,6,170,2022,1.2246467991473532e-16,-1.0,0.21352091543979612,-0.9769384927771817,13.893333333333333,1,16.200000000000003,74.1,78.9,74.41428571428571
2022-06-20,80.5,69.7,73.5,64.8,74.9,0,0.0,19.2,9.2,239.9,1007.8,81.7,4.3,202.7,7,0.0,6,171,2022,1.2246467991473532e-16,-1.0,0.19667288979357647,-0.980469160361632,13.894444444444444,0,10.799999999999997,74.6,76.5,74.34285714285714
2022-06-21,80.5,67.9,72.3,66.6,82.7,100,8.33,15.0,12.8,157.1,1011.9,84.8,4.1,221.1,8,25.4,6,172,2022,1.2246467991473532e-16,-1.0,0.1797665857255624,-0.9837092937736097,13.894722222222223,1,12.599999999999994,73.5,74.9,74.02857142857142
2022-06-22,84.1,67.9,74.6,68.5,82.5,100,8.33,13.4,10.3,179.6,1011.9,82.9,4.5,210.8,7,7.6,6,173,2022,1.2246467991473532e-16,-1.0,0.16280701293851715,-0.986657932891657,13.894722222222223,1,16.19999999999999,72.3,82.7,74.22857142857143
2022-06-23,84.1,69.7,75.9,68.6,79.1,0,0.0,17.2,9.2,251.9,1012.5,88.0,4.6,195.4,6,6.3,6,174,2022,1.2246467991473532e-16,-1.0,0.1457991969198751,-0.9893142039703663,13.893888888888888,1,14.399999999999991,74.6,82.5,74.27142857142857
2022-06-24,82.3,69.7,74.5,69.5,85.2,100,16.67,15.4,11.4,216.6,1010.9,88.5,3.5,204.0,7,19.1,6,175,2022,1.2246467991473532e-16,-1.0,0.12874817745258132,-0.99167731989929,13.8925,1,12.599999999999994,75.9,79.1,74.21428571428571
2022-06-25,82.3,69.7,74.7,68.2,81.0,100,16.67,16.3,11.4,213.9,1010.1,88.0,4.0,106.0,4,3.8,6,176,2022,1.2246467991473532e-16,-1.0,0.11165900712169512,-0.993746580436178,13.890555555555556,1,12.599999999999994,74.5,85.2,74.29999999999998
2022-06-26,82.3,69.7,74.6,69.6,84.9,100,16.67,19.2,9.2,191.2,1012.1,84.8,3.9,156.4,7,24.1,6,177,2022,1.2246467991473532e-16,-1.0,0.09453674981719912,-0.9955213724144752,13.887777777777778,1,12.599999999999994,74.7,81.0,74.3
2022-06-27,80.5,69.7,73.9,68.9,85.1,100,8.33,11.6,9.2,248.0,1012.3,88.5,4.1,99.5,3,13.7,6,178,2022,1.2246467991473532e-16,-1.0,0.07738647923346301,-0.9970011699250151,13.884722222222223,1,10.799999999999997,74.6,84.9,74.35714285714286
2022-06-28,78.7,69.7,73.3,69.3,87.8,100,16.67,15.7,10.3,234.5,1009.8,88.5,3.9,106.8,6,4.1,6,179,2022,1.2246467991473532e-16,-1.0,0.06021327736579302,-0.9981855344718586,13.880833333333333,1,9.0,73.9,85.1,74.5
2022-06-29,73.3,67.9,70.4,68.9,95.0,100,8.33,22.6,6.9,124.6,1008.7,86.9,3.9,39.9,2,89.9,6,180,2022,1.2246467991473532e-16,-1.0,0.04302223300453059,-0.99907411510223,13.876388888888888,1,5.3999999999999915,73.3,87.8,73.9
2022-06-30,82.3,67.9,74.4,67.7,80.5,0,0.0,14.1,12.8,197.2,1009.6,83.3,4.9,99.9,3,2.4,6,181,2022,1.2246467991473532e-16,-1.0,0.02581844022713308,-0.9996666485105112,13.87138888888889,1,14.399999999999991,70.4,95.0,73.68571428571428
2022-07-01,84.1,69.5,77.0,68.3,75.5,100,4.17,15.0,9.2,255.2,1008.6,68.5,4.8,218.9,7,10.5,7,182,2022,-0.4999999999999998,-0.8660254037844388,0.008606996888688698,-0.9999629591162655,13.865833333333333,1,14.599999999999994,74.4,80.5,74.04285714285713
2022-07-02,82.3,69.7,74.6,69.7,85.2,100,4.17,17.4,11.4,212.7,1008.3,85.3,4.6,118.9,5,25.2,7,183,2022,-0.4999999999999998,-0.8660254037844388,-0.008606996888688009,-0.9999629591162655,13.859722222222222,1,12.599999999999994,77.0,75.5,74.02857142857144
2022-07-03,80.5,71.5,74.9,69.6,84.1,0,0.0,13.9,8.1,197.9,1009.1,88.0,4.5,154.8,6,32.2,7,184,2022,-0.4999999999999998,-0.8660254037844388,-0.02581844022713239,-0.9996666485105112,13.853055555555555,1,9.0,74.6,85.2,74.07142857142857
2022-07-04,82.3,71.5,75.9,70.6,84.3,100,8.33,14.1,9.2,225.9,1009.0,81.7,4.4,197.6,7,0.5,7,185,2022,-0.4999999999999998,-0.8660254037844388,-0.04302223300453034,-0.99907411510223,13.845833333333333,1,10.799999999999997,74.9,84.1,74.35714285714286
2022-07-05,85.9,71.5,76.3,70.7,83.4,100,16.67,14.3,15.0,199.8,1009.8,80.1,4.7,212.5,7,0.3,7,186,2022,-0.4999999999999998,-0.8660254037844388,-0.060213277365792774,-0.9981855344718586,13.838055555555556,1,14.400000000000006,75.9,84.3,74.78571428571429
2022-07-06,84.1,71.5,75.6,71.4,87.9,100,8.33,13.4,12.8,173.1,1013.1,83.8,4.1,179.9,7,13.0,7,187,2022,-0.4999999999999998,-0.8660254037844388,-0.07738647923346322,-0.9970011699250151,13.829722222222221,1,12.599999999999994,76.3,83.4,75.52857142857144
2022-07-07,84.1,70.6,76.9,71.3,83.3,100,16.67,15.0,12.8,225.5,1013.3,81.6,4.4,218.8,7,11.4,7,188,2022,-0.4999999999999998,-0.8660254037844388,-0.09453674981719933,-0.9955213724144752,13.820833333333333,1,13.5,75.6,87.9,75.88571428571429
2022-07-08,80.5,69.7,74.3,70.3,87.9,100,8.33,13.6,10.3,113.4,1011.5,87.1,3.9,171.2,7,48.3,7,189,2022,-0.4999999999999998,-0.8660254037844388,-0.11165900712169444,-0.9937465804361781,13.811388888888889,1,10.799999999999997,76.9,83.3,75.5
2022-07-09,78.7,69.7,73.2,68.8,86.9,100,16.67,18.3,10.3,269.5,1010.5,88.0,4.3,99.7,5,8.4,7,190,2022,-0.4999999999999998,-0.8660254037844388,-0.12874817745258066,-0.99167731989929,13.801388888888889,1,9.0,74.3,87.9,75.3
2022-07-10,84.1,67.9,75.2,68.4,80.4,100,8.33,15.9,11.4,255.0,1010.3,79.6,5.0,225.4,8,13.2,7,191,2022,-0.4999999999999998,-0.8660254037844388,-0.14579919691987442,-0.9893142039703664,13.790833333333333,1,16.19999999999999,73.2,86.9,75.34285714285714
2022-07-11,85.9,69.7,75.9,69.4,81.1,100,16.67,16.6,12.8,183.9,1010.7,84.8,4.6,197.5,7,2.3,7,192,2022,-0.4999999999999998,-0.8660254037844388,-0.16280701293851646,-0.9866579328916572,13.779722222222222,1,16.200000000000003,75.2,80.4,75.34285714285714
2022-07-12,84.1,71.5,75.9,69.2,80.4,100,8.33,14.5,11.4,231.0,1010.2,81.3,4.5,229.5,8,1.5,7,193,2022,-0.4999999999999998,-0.8660254037844388,-0.17976658572556214,-0.9837092937736098,13.768333333333333,1,12.599999999999994,75.9,81.1,75.28571428571429
2022-07-13,84.1,69.7,75.7,70.0,83.5,100,8.33,14.1,11.4,241.3,1009.0,84.8,4.8,215.6,7,4.1,7,194,2022,-0.4999999999999998,-0.8660254037844388,-0.19667288979357622,-0.9804691603616321,13.756388888888889,1,14.399999999999991,75.9,80.4,75.3
2022-07-14,85.9,71.5,76.5,69.7,80.7,100,8.33,27.7,13.9,132.4,1009.4,79.0,4.4,213.1,7,0.8,7,195,2022,-0.4999999999999998,-0.8660254037844388,-0.2135209154397959,-0.9769384927771817,13.74388888888889,1,14.400000000000006,75.7,83.5,75.24285714285715
2022-07-15,87.7,69.7,78.2,68.7,74.3,0,0.0,14.3,9.2,91.5,1011.3,55.3,5.1,238.3,8,5.2,7,196,2022,-0.4999999999999998,-0.8660254037844388,-0.23030567023061196,-0.973118337233262,13.730555555555556,1,18.0,76.5,80.7,75.8
2022-07-16,85.9,71.5,78.2,70.1,77.0,100,4.17,16.6,12.8,220.9,1011.6,73.8,4.9,238.8,8,10.2,7,197,2022,-0.4999999999999998,-0.8660254037844388,-0.24702218048093527,-0.9690098257244063,13.717222222222222,1,14.400000000000006,78.2,74.3,76.51428571428572
2022-07-17,85.9,71.5,78.0,69.5,76.0,0,0.0,15.4,13.9,176.7,1013.2,54.3,5.3,242.0,8,6.1,7,198,2022,-0.4999999999999998,-0.8660254037844388,-0.2636654927280072,-0.9646141756912435,13.703333333333333,1,14.400000000000006,78.2,77.0,76.91428571428573
2022-07-18,80.5,71.3,75.6,69.7,82.3,100,8.33,16.3,11.4,196.1,1011.4,89.0,4.5,186.4,8,3.8,7,199,2022,-0.4999999999999998,-0.8660254037844388,-0.2802306751992161,-0.9599326896597445,13.688888888888888,1,9.200000000000003,78.0,76.0,76.87142857142858
2022-07-19,82.3,69.7,74.3,68.4,82.8,100,8.33,11.6,8.1,38.3,1010.0,83.7,4.3,73.5,4,3.3,7,200,2022,-0.4999999999999998,-0.8660254037844388,-0.2967128192734901,-0.9549667548552553,13.674166666666666,1,12.599999999999994,75.6,82.3,76.64285714285714
2022-07-20,80.5,71.5,74.2,69.7,86.2,100,8.33,12.1,10.3,201.3,1010.1,88.0,4.2,113.2,5,3.0,7,201,2022,-0.4999999999999998,-0.8660254037844388,-0.3131070409358267,-0.9497178427914317,13.658888888888889,1,9.0,74.3,82.8,76.42857142857143
2022-07-21,80.5,69.7,72.9,70.1,91.3,100,8.33,15.7,10.3,183.2,1011.9,88.0,3.9,97.6,6,45.5,7,202,2022,-0.4999999999999998,-0.8660254037844388,-0.3294084822245302,-0.9441875088341994,13.642777777777777,1,10.799999999999997,74.2,86.2,75.91428571428571
2022-07-22,78.7,68.4,72.8,69.6,90.3,100,8.33,17.4,9.2,179.3,1013.5,89.0,4.1,105.8,4,14.7,7,203,2022,-0.4999999999999998,-0.8660254037844388,-0.3456123126707333,-0.9383773917408642,13.626944444444444,1,10.299999999999997,72.9,91.3,75.14285714285714
2022-07-23,84.1,67.9,73.6,68.6,85.6,100,16.67,15.2,12.8,110.4,1013.7,89.0,4.9,98.4,4,25.4,7,204,2022,-0.4999999999999998,-0.8660254037844388,-0.3617137307297674,-0.9322892131745134,13.610277777777778,1,16.19999999999999,72.8,90.3,74.48571428571428
2022-07-24,82.3,67.9,73.4,68.8,86.6,100,16.67,15.7,10.3,179.7,1013.6,90.5,4.9,115.8,4,25.1,7,205,2022,-0.4999999999999998,-0.8660254037844388,-0.37770796520396466,-0.9259247771938499,13.593055555555555,1,14.399999999999991,73.6,85.6,73.82857142857142
2022-07-25,80.5,67.9,73.6,68.4,84.6,100,8.33,19.9,17.2,203.8,1015.2,88.5,4.9,160.7,6,6.9,7,206,2022,-0.4999999999999998,-0.8660254037844388,-0.39359027665646645,-0.9192859697186105,13.575833333333334,1,12.599999999999994,73.4,86.6,73.54285714285713
2022-07-26,78.7,67.7,72.3,68.7,89.0,100,8.33,14.5,6.9,124.6,1015.8,88.2,4.4,106.5,4,20.6,7,207,2022,-0.4999999999999998,-0.8660254037844388,-0.4093559588156211,-0.9123747579707274,13.558055555555555,1,11.0,73.6,84.6,73.25714285714285
2022-07-27,80.5,67.9,72.9,68.7,87.7,100,16.67,13.6,8.1,174.5,1015.1,87.4,4.1,168.8,6,43.4,7,208,2022,-0.4999999999999998,-0.8660254037844388,-0.42500033996955394,-0.9051931898913975,13.54,1,12.599999999999994,72.3,89.0,73.07142857142857
2022-07-28,82.3,67.9,73.4,68.1,84.7,100,16.67,15.2,9.2,217.0,1015.7,90.4,4.1,152.6,7,11.7,7,209,2022,-0.4999999999999998,-0.8660254037844388,-0.4405187843504952,-0.8977433935342336,13.52138888888889,1,14.399999999999991,72.9,87.7,73.14285714285714
2022-07-29,82.3,69.7,73.8,69.0,85.9,0,0.0,15.4,11.4,141.8,1014.3,88.0,4.5,174.0,7,22.5,7,210,2022,-0.4999999999999998,-0.8660254037844388,-0.455906693508459,-0.8900275764346766,13.502777777777778,1,12.599999999999994,73.4,84.7,73.28571428571429
2022-07-30,80.5,69.7,73.8,68.9,85.3,0,0.0,14.5,12.8,180.3,1012.2,88.0,4.3,153.1,6,7.4,7,211,2022,-0.4999999999999998,-0.8660254037844388,-0.47115950767386394,-0.8820480249558535,13.483611111111111,1,10.799999999999997,73.8,85.9,73.31428571428572
2022-07-31,76.9,69.7,71.7,70.0,94.5,100,8.33,16.3,8.1,87.5,1009.2,88.0,3.9,59.8,2,37.1,7,212,2022,-0.4999999999999998,-0.8660254037844388,-0.4862727071086902,-0.8738071036110807,13.463888888888889,1,7.200000000000003,73.8,85.3,73.07142857142857
2022-08-01,76.9,69.7,72.3,69.7,91.5,100,8.33,15.0,6.9,240.3,1009.3,88.1,3.8,127.3,6,24.1,8,213,2022,-0.8660254037844384,-0.5000000000000004,-0.5012418134457756,-0.8653072543632061,13.443888888888889,1,7.200000000000003,71.7,94.5,72.88571428571429
2022-08-02,78.7,67.9,72.9,69.6,89.9,100,8.33,22.1,6.9,159.0,1009.9,89.0,4.6,64.0,3,9.4,8,214,2022,-0.8660254037844384,-0.5000000000000004,-0.5160623910158526,-0.8565509959010037,13.42388888888889,1,10.799999999999997,72.3,91.5,72.97142857142858
2022-08-03,78.7,69.7,73.7,69.7,87.8,100,4.17,15.2,9.2,199.5,1012.5,88.0,4.3,184.0,7,5.1,8,215,2022,-0.8660254037844384,-0.5000000000000004,-0.5307300481619331,-0.8475409228928312,13.403333333333334,1,9.0,72.9,89.9,73.08571428571427
2022-08-04,78.7,69.7,73.2,69.5,88.3,100,4.17,12.5,10.3,210.0,1013.4,84.8,4.0,73.1,4,3.3,8,216,2022,-0.8660254037844384,-0.5000000000000004,-0.5452404385406507,-0.8382797052177745,13.382222222222222,1,9.0,73.7,87.8,73.05714285714285
2022-08-05,84.1,69.7,75.7,69.9,83.4,0,0.0,15.9,13.9,245.7,1011.2,81.7,4.4,216.0,8,0.0,8,217,2022,-0.8660254037844384,-0.5000000000000004,-0.5595892624101763,-0.828770087174504,13.36138888888889,0,14.399999999999991,73.2,88.3,73.32857142857142
2022-08-06,82.3,67.9,74.0,69.2,85.8,100,8.33,14.5,9.2,201.4,1009.1,88.9,4.3,197.1,7,38.1,8,218,2022,-0.8660254037844384,-0.5000000000000004,-0.5737722679043243,-0.8190148866680802,13.34,1,14.399999999999991,75.7,83.4,73.35714285714286
2022-08-07,84.1,71.5,76.0,70.3,83.5,100,4.17,14.8,12.8,232.7,1009.7,77.5,4.7,176.7,9,1.3,8,219,2022,-0.8660254037844384,-0.5000000000000004,-0.5877852522924734,-0.8090169943749472,13.31861111111111,1,12.599999999999994,74.0,85.8,73.97142857142856
2022-08-08,85.9,69.7,76.3,70.3,82.6,0,0.0,15.7,12.8,197.9,1008.6,68.1,4.7,199.2,8,2.8,8,220,2022,-0.8660254037844384,-0.5000000000000004,-0.6016240632249227,-0.7987793728863648,13.296388888888888,1,16.200000000000003,76.0,83.5,74.54285714285716
2022-08-09,85.9,69.7,76.9,70.2,81.3,100,4.17,13.6,12.8,221.9,1008.9,74.8,4.7,200.1,8,5.3,8,221,2022,-0.8660254037844384,-0.5000000000000004,-0.6152845999633277,-0.7883050558305253,13.274166666666666,1,16.200000000000003,76.3,82.6,75.11428571428571
2022-08-10,82.3,69.7,75.4,70.8,86.5,100,4.17,18.8,15.0,213.7,1007.7,87.4,5.0,146.0,6,76.2,8,222,2022,-0.8660254037844384,-0.5000000000000004,-0.6287628145958345,-0.7775971469736268,13.251944444444444,1,12.599999999999994,76.9,81.3,75.35714285714286
2022-08-11,84.1,69.7,76.6,69.8,80.7,100,4.17,20.8,13.9,219.3,1010.0,67.0,4.8,205.3,8,0.5,8,223,2022,-0.8660254037844384,-0.5000000000000004,-0.6420547132365636,-0.7666588193001592,13.229166666666666,1,14.399999999999991,75.4,86.5,75.84285714285714
2022-08-12,84.1,69.7,76.8,69.0,77.6,0,0.0,14.5,12.8,205.6,1010.0,60.1,5.1,219.7,7,0.0,8,224,2022,-0.8660254037844384,-0.5000000000000004,-0.655156357209085,-0.7554933140726804,13.206388888888888,0,14.399999999999991,76.6,80.7,76.0
2022-08-13,85.9,71.5,76.7,70.2,81.7,100,4.17,15.0,15.0,211.6,1009.5,80.1,4.5,189.7,8,4.1,8,225,2022,-0.8660254037844384,-0.5000000000000004,-0.6680638642135333,-0.7441039398713608,13.183333333333334,1,14.400000000000006,76.8,77.6,76.38571428571429
2022-08-14,82.3,67.9,74.3,69.9,86.9,100,4.17,13.6,6.9,58.2,1011.9,86.4,4.3,105.7,4,32.0,8,226,2022,-0.8660254037844384,-0.5000000000000004,-0.6807734094770159,-0.7324940716135792,13.159722222222221,1,14.399999999999991,76.7,81.7,76.14285714285714
2022-08-15,84.1,68.1,76.0,67.2,75.2,100,4.17,29.5,12.8,129.2,1013.1,50.3,5.8,203.4,7,1.0,8,227,2022,-0.8660254037844384,-0.5000000000000004,-0.6932812268869771,-0.7206671495538615,13.136111111111111,1,16.0,74.3,86.9,76.10000000000001
2022-08-16,84.1,68.1,76.2,68.1,77.2,100,8.33,14.5,10.3,218.3,1013.5,67.1,5.3,194.5,7,0.0,8,228,2022,-0.8660254037844384,-0.5000000000000004,-0.7055836101071774,-0.7086266782644601,13.1125,0,16.0,76.0,75.2,76.0
2022-08-17,84.1,67.4,76.4,68.8,78.4,100,4.17,16.8,12.8,265.0,1012.2,79.4,4.7,210.0,7,0.0,8,229,2022,-0.8660254037844384,-0.5000000000000004,-0.7176769136759615,-0.6963762255968726,13.088611111111112,0,16.69999999999999,76.2,77.2,76.14285714285714
2022-08-18,85.9,71.5,77.6,70.2,79.3,100,4.17,15.9,12.8,244.0,1009.6,75.8,4.8,244.4,9,1.5,8,230,2022,-0.8660254037844384,-0.5000000000000004,-0.7295575540864876,-0.6839194216246105,13.064444444444444,1,14.400000000000006,76.4,78.4,76.28571428571429
2022-08-19,84.1,69.7,74.6,68.8,83.3,100,8.33,14.8,13.9,146.8,1011.1,88.0,4.9,103.3,4,24.9,8,231,2022,-0.8660254037844384,-0.5000000000000004,-0.7412220108485957,-0.6712599575675315,13.04,1,14.399999999999991,77.6,79.3,75.97142857142856
2022-08-20,84.1,67.9,74.0,68.5,84.2,100,4.17,14.3,10.3,226.5,1011.5,88.0,4.8,194.0,8,37.1,8,232,2022,-0.8660254037844384,-0.5000000000000004,-0.7526668275320083,-0.6584015846980489,13.015555555555556,1,16.19999999999999,74.6,83.3,75.58571428571429
2022-08-21,84.1,68.1,76.5,68.4,76.8,100,4.17,20.1,13.9,195.4,1010.2,66.4,5.4,225.4,8,0.0,8,233,2022,-0.8660254037844384,-0.5000000000000004,-0.7638886127905429,-0.64534811322955,12.991111111111111,0,16.0,74.0,84.2,75.89999999999999
2022-08-22,84.1,67.9,76.3,67.4,75.0,0,0.0,19.0,15.0,202.2,1009.9,50.8,5.6,210.5,8,0.0,8,234,2022,-0.8660254037844384,-0.5000000000000004,-0.7748840413670406,-0.6321034111873488,12.966111111111111,0,16.19999999999999,76.5,76.8,75.94285714285715
2022-08-23,85.9,70.8,75.1,69.0,82.8,100,4.17,15.7,9.2,233.7,1012.0,73.8,4.3,181.9,8,29.2,8,235,2022,-0.8660254037844384,-0.5000000000000004,-0.7856498550787144,-0.6186714032625032,12.94138888888889,1,15.100000000000009,76.3,75.0,75.78571428571429
2022-08-24,84.1,69.7,75.6,69.3,82.0,100,4.17,14.3,16.1,225.7,1015.3,69.6,4.9,188.4,7,3.3,8,236,2022,-0.8660254037844384,-0.5000000000000004,-0.7961828637826154,-0.6050560696488494,12.91611111111111,1,14.399999999999991,75.1,82.8,75.67142857142858
2022-08-25,85.9,69.7,76.6,68.9,78.1,0,0.0,14.1,12.8,231.0,1013.1,62.2,5.4,210.9,7,0.0,8,237,2022,-0.8660254037844384,-0.5000000000000004,-0.8064799463209447,-0.5912614448635782,12.890833333333333,0,16.200000000000003,75.6,82.0,75.52857142857142
2022-08-26,80.5,69.2,75.4,68.9,80.8,100,4.17,15.7,9.2,256.2,1011.5,83.2,4.9,190.1,8,0.3,8,238,2022,-0.8660254037844384,-0.5000000000000004,-0.8165380514459157,-0.5772916165517278,12.865277777777777,1,11.299999999999997,76.6,78.1,75.64285714285714
2022-08-27,84.1,73.3,75.7,69.0,80.4,0,0.0,14.1,15.0,262.1,1010.9,88.0,4.3,129.9,5,0.0,8,239,2022,-0.8660254037844384,-0.5000000000000004,-0.8263541987239095,-0.5631507242749187,12.839722222222223,0,10.799999999999997,75.4,80.8,75.88571428571427
2022-08-28,78.7,69.5,72.9,68.7,87.0,100,8.33,14.8,6.9,131.1,1012.2,88.6,4.2,82.4,5,30.5,8,240,2022,-0.8660254037844384,-0.5000000000000004,-0.8359254794186365,-0.5488429582847199,12.814444444444444,1,9.200000000000003,75.7,80.4,75.37142857142855
2022-08-29,82.3,67.9,75.0,67.2,78.1,100,4.17,14.3,9.2,222.9,1016.0,62.1,5.0,91.1,5,3.6,8,241,2022,-0.8660254037844384,-0.5000000000000004,-0.8452490573530634,-0.5343725582809785,12.788333333333334,1,14.399999999999991,72.9,87.0,75.18571428571428
2022-08-30,82.3,67.9,75.9,68.8,79.8,100,8.33,14.5,9.2,239.2,1015.5,87.4,5.2,154.5,6,0.0,8,242,2022,-0.8660254037844384,-0.5000000000000004,-0.8543221697498269,-0.5197438121555157,12.762777777777778,0,14.399999999999991,75.0,78.1,75.3
2022-08-31,76.9,69.7,73.6,68.7,85.0,100,4.17,13.9,9.2,271.4,1014.3,88.0,4.3,137.3,5,1.8,8,243,2022,-0.8660254037844384,-0.5000000000000004,-0.8631421280499115,-0.5049610547215202,12.73638888888889,1,7.200000000000003,75.9,79.8,75.01428571428572
2022-09-01,80.5,69.7,73.5,68.1,84.2,100,4.17,14.5,8.1,261.8,1015.0,84.8,4.3,35.7,1,0.0,9,244,2022,-1.0,-1.8369701987210297e-16,-0.8717063187093218,-0.4900286664290594,12.710555555555555,0,10.799999999999997,73.6,85.0,74.57142857142857
2022-09-02,78.7,67.9,73.1,67.3,82.5,100,4.17,12.8,10.3,276.5,1015.3,85.3,4.7,71.3,3,1.0,9,245,2022,-1.0,-1.8369701987210297e-16,-0.8800122039735356,-0.4749510720670502,12.684166666666666,1,10.799999999999997,73.5,84.2,74.24285714285715
2022-09-03,83.6,67.7,74.5,67.7,80.3,100,4.17,19.2,9.2,251.3,1011.2,87.3,4.7,168.5,7,0.5,9,246,2022,-1.0,-1.8369701987210297e-16,-0.888057322629493,-0.4597327394521046,12.658055555555556,1,15.899999999999991,73.1,82.5,74.07142857142857
2022-09-04,82.3,68.3,74.2,67.8,81.5,100,8.33,16.3,12.8,208.0,1011.1,85.8,4.1,152.2,6,16.5,9,247,2022,-1.0,-1.8369701987210297e-16,-0.8958392907349089,-0.44437817810461344,12.631666666666666,1,14.0,74.5,80.3,74.25714285714285
2022-09-05,82.3,69.7,75.0,68.2,80.1,100,4.17,16.6,11.4,223.5,1012.8,84.8,4.3,184.5,7,0.3,9,248,2022,-1.0,-1.8369701987210297e-16,-0.9033558023246842,-0.4288919379124841,12.605277777777777,1,12.599999999999994,74.2,81.5,74.25714285714285
2022-09-06,84.1,69.7,75.0,68.0,79.9,100,4.17,14.8,11.4,216.4,1014.3,88.0,4.5,194.7,7,3.0,9,249,2022,-1.0,-1.8369701987210297e-16,-0.9106046300942162,-0.41327860778290443,12.578611111111112,1,14.399999999999991,75.0,80.1,74.12857142857142
2022-09-07,80.5,67.9,72.2,68.8,89.6,100,8.33,15.7,9.2,91.7,1016.4,89.5,4.0,142.7,6,40.4,9,250,2022,-1.0,-1.8369701987210297e-16,-0.9175836260593934,-0.3975428142825566,12.552222222222222,1,12.599999999999994,75.0,79.9,73.92857142857143
2022-09-08,76.9,67.6,71.4,68.1,89.7,100,4.17,14.1,8.1,52.1,1017.8,82.9,3.7,152.4,6,1.5,9,251,2022,-1.0,-1.8369701987210297e-16,-0.9242907221930934,-0.3816892202666586,12.525277777777777,1,9.300000000000011,72.2,89.6,73.62857142857142
2022-09-09,80.5,67.9,71.5,67.8,88.9,0,0.0,12.3,8.1,107.6,1018.1,81.2,3.8,138.8,6,9.9,9,252,2022,-1.0,-1.8369701987210297e-16,-0.9307239310379793,-0.3657225234972692,12.498611111111112,1,12.599999999999994,71.4,89.7,73.39999999999999
2022-09-10,80.5,65.7,71.9,66.8,84.8,100,8.33,15.4,8.1,57.8,1017.1,88.0,4.7,169.4,7,14.5,9,253,2022,-1.0,-1.8369701987210297e-16,-0.9368813462954315,-0.34964745525122826,12.471666666666666,1,14.799999999999997,71.5,88.9,73.02857142857142
2022-09-11,80.5,67.6,71.6,67.8,88.7,100,4.17,14.8,11.4,81.1,1014.3,85.0,4.2,198.8,7,5.3,9,254,2022,-1.0,-1.8369701987210297e-16,-0.9427611433904206,-0.33346877891818705,12.445,1,12.900000000000006,71.9,84.8,72.65714285714286
2022-09-12,82.3,66.5,73.2,67.0,82.0,100,4.17,20.4,11.4,201.4,1012.4,79.4,4.3,137.9,7,0.3,9,255,2022,-1.0,-1.8369701987210297e-16,-0.9483615800121716,-0.31719128858910595,12.418333333333333,1,15.799999999999997,71.6,88.7,72.4
2022-09-13,76.9,67.9,72.0,66.7,83.7,100,4.17,17.0,9.2,156.9,1013.9,88.0,4.4,100.9,5,5.1,9,256,2022,-1.0,-1.8369701987210297e-16,-0.9536809966304455,-0.300819807635668,12.391111111111112,1,9.0,73.2,82.0,71.97142857142858
2022-09-14,76.9,66.1,71.1,66.8,86.8,100,8.33,17.9,17.9,187.2,1015.1,86.4,4.8,114.6,4,9.4,9,257,2022,-1.0,-1.8369701987210297e-16,-0.9587178169872964,-0.2843591872810036,12.364166666666666,1,10.800000000000011,72.0,83.7,71.81428571428572
2022-09-15,76.9,66.8,71.0,67.7,89.5,100,8.33,13.9,6.9,150.4,1013.2,88.9,4.5,93.8,7,20.1,9,258,2022,-1.0,-1.8369701987210297e-16,-0.9634705485641486,-0.26781430516217486,12.337222222222222,1,10.100000000000009,71.1,86.8,71.75714285714285
2022-09-16,78.7,66.3,71.1,67.7,89.5,100,4.17,13.4,11.4,171.5,1010.2,89.0,4.7,84.0,5,3.3,9,259,2022,-1.0,-1.8369701987210297e-16,-0.9679377830240642,-0.25119006388481957,12.31,1,12.400000000000006,71.0,89.5,71.7
2022-09-17,75.1,66.6,70.9,67.9,90.5,100,4.17,18.3,11.2,153.9,1011.4,89.0,4.3,69.5,3,7.6,9,260,2022,-1.0,-1.8369701987210297e-16,-0.9721181966290612,-0.23449138957041052,12.283055555555556,1,8.5,71.1,89.5,71.55714285714285
2022-09-18,80.5,67.4,73.6,68.3,84.4,100,8.33,17.9,13.4,230.5,1013.3,81.1,4.6,134.9,7,0.0,9,261,2022,-1.0,-1.8369701987210297e-16,-0.9760105506323682,-0.21772323039653224,12.255555555555556,0,13.099999999999994,70.9,90.5,71.84285714285714
2022-09-19,82.3,67.9,73.2,68.1,84.9,100,4.17,15.9,13.4,190.1,1014.8,78.0,4.4,190.9,8,0.3,9,262,2022,-1.0,-1.8369701987210297e-16,-0.9796136916454901,-0.20089055513063528,12.22861111111111,1,14.399999999999991,73.6,84.4,71.84285714285714
2022-09-20,82.3,65.7,72.8,68.1,85.9,100,4.17,15.0,11.4,212.0,1014.0,84.6,4.3,193.7,7,0.3,9,263,2022,-1.0,-1.8369701987210297e-16,-0.9829265519799822,-0.18399835165767986,12.20138888888889,1,16.599999999999994,73.2,84.9,71.95714285714286
2022-09-21,82.3,69.7,74.0,68.4,83.7,100,4.17,17.0,13.9,201.9,1014.5,74.0,4.5,177.8,8,0.3,9,264,2022,-1.0,-1.8369701987210297e-16,-0.9859481499638303,-0.1670516255021195,12.174166666666666,1,12.599999999999994,72.8,85.9,72.37142857142858
2022-09-22,82.3,67.9,73.7,67.4,81.4,0,0.0,15.4,12.8,184.4,1014.5,68.5,5.0,205.5,8,6.6,9,265,2022,-1.0,-1.8369701987210297e-16,-0.9886775902323404,-0.15005539834465262,12.146944444444445,1,14.399999999999991,74.0,83.7,72.75714285714285
2022-09-23,80.5,67.9,73.7,68.1,83.6,100,8.33,13.9,11.4,183.1,1013.7,86.1,4.3,153.1,6,16.3,9,266,2022,-1.0,-1.8369701987210297e-16,-0.9911140639934546,-0.13301470653419636,12.119722222222222,1,12.599999999999994,73.7,81.4,73.12857142857142
2022-09-24,80.5,67.6,73.1,66.4,80.4,100,8.33,13.0,12.8,197.3,1013.6,85.1,4.2,144.7,6,6.8,9,267,2022,-1.0,-1.8369701987210297e-16,-0.9932568492674143,-0.11593459959550066,12.0925,1,12.900000000000006,73.7,83.6,73.44285714285715
2022-09-25,78.7,66.8,72.0,66.6,83.5,100,8.33,15.2,15.0,270.4,1014.7,87.2,4.5,166.3,6,20.8,9,268,2022,-1.0,-1.8369701987210297e-16,-0.9951053111006974,-0.09882013873287211,12.065277777777778,1,11.900000000000006,73.1,80.4,73.21428571428571
2022-09-26,76.9,67.9,72.0,65.7,81.3,0,0.0,16.8,10.3,253.6,1015.9,80.6,4.3,126.9,5,5.8,9,269,2022,-1.0,-1.8369701987210297e-16,-0.99665890175417,-0.08167639533042288,12.037777777777778,1,9.0,72.0,83.5,73.04285714285714
2022-09-27,80.5,64.3,72.1,65.0,79.4,100,4.17,14.8,12.8,214.9,1013.9,71.3,4.3,201.1,7,0.0,9,270,2022,-1.0,-1.8369701987210297e-16,-0.9979171608653922,-0.06450844944931625,12.010833333333334,0,16.200000000000003,72.0,81.3,72.94285714285714
2022-09-28,80.5,64.3,72.1,65.7,81.6,100,8.33,15.4,10.3,257.6,1013.3,53.6,4.8,175.1,7,1.4,9,271,2022,-1.0,-1.8369701987210297e-16,-0.9988797155850335,-0.04732138832243232,11.983333333333333,1,16.200000000000003,72.1,79.4,72.67142857142856
2022-09-29,82.3,66.1,72.8,65.2,78.3,100,4.17,14.3,12.8,198.7,1013.6,64.6,4.8,200.9,7,0.7,9,272,2022,-1.0,-1.8369701987210297e-16,-0.9995462806873573,-0.03012030484690836,11.956111111111111,1,16.200000000000003,72.1,81.6,72.54285714285713
2022-09-30,80.5,63.2,72.4,65.7,80.7,0,0.0,17.4,11.4,203.0,1014.0,80.4,4.4,214.7,8,12.6,9,273,2022,-1.0,-1.8369701987210297e-16,-0.9999166586547379,-0.012910296075008843,11.928888888888888,1,17.299999999999997,72.8,78.3,72.35714285714286
2022-10-01,80.5,65.6,72.7,65.9,79.9,0,0.0,15.7,8.9,123.4,1013.3,76.1,4.3,203.4,7,0.0,10,274,2022,-0.8660254037844386,0.5000000000000001,-0.9999907397361901,0.004303538296243821,11.901944444444444,0,14.900000000000006,72.4,80.7,72.3
2022-10-02,84.1,67.9,73.8,64.4,74.3,0,0.0,15.7,12.8,175.2,1013.3,64.5,4.9,224.5,8,0.0,10,275,2022,-0.8660254037844386,0.5000000000000001,-0.9997685019798909,0.021516097436222233,11.874722222222223,0,16.19999999999999,72.7,79.9,72.55714285714285
2022-10-03,84.1,66.1,72.6,65.1,79.2,100,4.17,26.4,13.9,213.2,1014.8,48.1,4.5,201.3,8,34.0,10,276,2022,-0.8660254037844386,0.5000000000000001,-0.9992500112396835,0.03872228089217399,11.8475,1,18.0,73.8,74.3,72.64285714285714
2022-10-04,73.3,66.3,69.3,66.3,90.6,100,4.17,16.8,8.1,129.9,1016.8,90.0,4.2,64.2,4,16.8,10,277,2022,-0.8660254037844386,0.5000000000000001,-0.9984354211555643,0.05591699010060302,11.820277777777777,1,7.0,72.6,79.2,72.24285714285715
2022-10-05,73.3,65.6,68.2,65.0,90.0,100,8.33,20.4,10.3,99.9,1018.2,91.5,4.2,47.3,2,53.2,10,278,2022,-0.8660254037844386,0.5000000000000001,-0.9973249731081555,0.07309512989807776,11.793333333333333,1,7.700000000000003,69.3,90.6,71.68571428571428
2022-10-06,66.1,64.3,65.3,64.5,97.2,100,8.33,12.5,8.1,71.7,1019.0,95.5,3.7,40.9,2,47.8,10,279,2022,-0.8660254037844386,0.5000000000000001,-0.9959189961471792,0.0902516100310407,11.766388888888889,1,1.7999999999999972,68.2,90.0,70.61428571428571
2022-10-07,78.7,64.3,67.5,64.8,91.7,100,8.33,16.6,9.2,214.9,1019.0,86.3,4.5,138.6,6,9.4,10,280,2022,-0.8660254037844386,0.5000000000000001,-0.994217906893952,0.10738134666416306,11.739166666666666,1,14.400000000000006,65.3,97.2,69.91428571428571
2022-10-08,78.7,64.3,70.1,64.0,82.7,100,4.17,17.4,12.8,278.8,1018.5,65.0,4.8,131.6,6,1.3,10,281,2022,-0.8660254037844386,0.5000000000000001,-0.9922222094179324,0.12447926388678869,11.7125,1,14.400000000000006,67.5,91.7,69.54285714285714
2022-10-09,80.5,62.7,70.2,63.9,81.5,0,0.0,19.5,10.3,288.5,1018.8,73.8,5.2,202.2,8,0.0,10,282,2022,-0.8660254037844386,0.5000000000000001,-0.989932495087353,0.141540295217043,11.685555555555556,0,17.799999999999997,70.1,82.7,69.02857142857142
2022-10-10,76.9,66.1,70.4,64.4,82.1,0,0.0,17.4,11.4,263.7,1019.8,86.4,4.6,157.9,7,0.0,10,283,2022,-0.8660254037844386,0.5000000000000001,-0.9873494423939864,0.15855938510313475,11.658888888888889,0,10.800000000000011,70.2,81.5,68.71428571428571
2022-10-11,75.1,62.5,67.9,62.4,83.5,100,4.17,16.8,9.2,236.0,1017.3,74.3,4.4,185.4,7,0.3,10,284,2022,-0.8660254037844386,0.5000000000000001,-0.9844738167520923,0.17553149042142777,11.631944444444445,1,12.599999999999994,70.4,82.1,68.51428571428572
2022-10-12,78.7,61.4,69.1,63.1,82.3,100,4.17,16.1,10.3,247.2,1016.8,67.8,5.2,117.8,5,6.0,10,285,2022,-0.8660254037844386,0.5000000000000001,-0.9813064702716093,0.19245158197082995,11.605277777777777,1,17.300000000000004,67.9,83.5,68.64285714285714
2022-10-13,78.7,62.5,69.6,62.0,78.0,100,4.17,15.2,10.3,211.0,1017.9,80.0,4.9,155.6,6,0.5,10,286,2022,-0.8660254037844386,0.5000000000000001,-0.9778483415056568,0.20931464596304888,11.578888888888889,1,16.200000000000003,69.1,82.3,69.25714285714285
2022-10-14,76.9,62.5,68.5,60.5,76.8,100,4.17,15.9,10.3,195.2,1018.1,50.1,5.2,197.1,8,0.5,10,287,2022,-0.8660254037844386,0.5000000000000001,-0.9741004551724206,0.22611568550828803,11.552222222222222,1,14.400000000000006,69.6,78.0,69.4
2022-10-15,78.7,62.5,68.7,61.1,78.1,0,0.0,15.0,8.1,231.8,1017.7,55.1,5.3,184.8,7,0.0,10,288,2022,-0.8660254037844386,0.5000000000000001,-0.970063921851507,0.2428497220959358,11.525555555555556,0,16.200000000000003,68.5,76.8,69.2
2022-10-16,78.7,60.7,68.6,56.6,69.2,0,0.0,16.3,11.4,171.7,1020.2,39.7,5.1,193.1,8,0.0,10,289,2022,-0.8660254037844386,0.5000000000000001,-0.965739937654855,0.25951179706979943,11.499166666666667,0,18.0,68.7,78.1,68.97142857142858
2022-10-17,78.7,57.1,66.6,50.3,58.9,0,0.0,15.4,8.1,124.3,1020.2,25.0,5.4,225.3,8,0.0,10,290,2022,-0.8660254037844386,0.5000000000000001,-0.9611297838723007,0.27609697309746883,11.473333333333333,0,21.6,68.6,69.2,68.42857142857142
2022-10-18,76.9,55.3,64.5,53.4,69.5,0,0.0,17.0,8.1,170.8,1018.6,28.7,5.2,219.7,8,0.0,10,291,2022,-0.8660254037844386,0.5000000000000001,-0.9562348265919058,0.2926003356333479,11.446944444444444,0,21.60000000000001,66.6,58.9,67.94285714285714
2022-10-19,73.3,55.3,63.9,54.2,73.3,0,0.0,14.3,10.3,180.1,1018.5,40.5,4.3,179.0,7,0.0,10,292,2022,-0.8660254037844386,0.5000000000000001,-0.9510565162951536,0.30901699437494723,11.420833333333333,0,18.0,64.5,69.5,67.2
2022-10-20,75.1,55.3,64.2,53.7,71.1,0,0.0,13.4,10.3,230.7,1021.0,33.3,4.7,187.6,6,0.0,10,293,2022,-0.8660254037844386,0.5000000000000001,-0.9455963874271428,0.3253420847119795,11.395,0,19.799999999999997,63.9,73.3,66.42857142857143
2022-10-21,77.3,55.3,64.8,54.5,71.8,0,0.0,14.3,9.2,260.9,1022.2,25.2,4.5,217.1,8,0.0,10,294,2022,-0.8660254037844386,0.5000000000000001,-0.9398560579418953,0.341570769167856,11.369166666666667,0,22.0,64.2,71.1,65.9
2022-10-22,76.9,55.3,64.9,51.2,65.2,0,0.0,14.8,13.9,146.9,1023.1,26.5,4.9,204.5,8,0.0,10,295,2022,-0.8660254037844386,0.5000000000000001,-0.9338372288229252,0.35769823883312546,11.343333333333334,0,21.60000000000001,64.8,71.8,65.35714285714286
2022-10-23,78.7,52.6,65.4,49.2,60.0,0,0.0,13.9,9.2,90.8,1022.0,32.9,5.2,212.7,8,0.0,10,296,2022,-0.8660254037844386,0.5000000000000001,-0.9275416835791965,0.3737197147904692,11.317777777777778,0,26.1,64.9,65.2,64.9
2022-10-24,78.7,51.9,65.2,51.2,64.3,0,0.0,18.1,10.3,267.2,1015.9,33.2,5.2,217.9,8,0.0,10,297,2022,-0.8660254037844386,0.5000000000000001,-0.9209712877166346,0.38963044953078774,11.2925,0,26.800000000000004,65.4,60.0,64.7
2022-10-25,75.1,55.3,64.8,52.1,66.4,0,0.0,17.2,13.9,288.1,1014.1,33.4,5.2,222.5,8,0.0,10,298,2022,-0.8660254037844386,0.5000000000000001,-0.9141279881853337,0.4054257283599973,11.2675,0,19.799999999999997,65.2,64.3,64.74285714285715
2022-10-26,75.1,55.3,64.0,51.8,65.7,0,0.0,16.1,9.2,211.3,1019.2,35.0,5.2,171.4,6,0.0,10,299,2022,-0.8660254037844386,0.5000000000000001,-0.9070138128026362,0.42110087079608916,11.242222222222223,0,19.799999999999997,64.8,66.4,64.75714285714285
2022-10-27,73.3,55.7,63.5,56.3,79.0,100,8.33,15.2,12.8,220.9,1019.3,61.7,4.4,146.0,6,0.0,10,300,2022,-0.8660254037844386,0.5000000000000001,-0.8996308696522434,0.4366512319560638,11.217222222222222,0,17.599999999999994,64.0,65.7,64.65714285714286
2022-10-28,73.3,53.3,63.4,55.4,77.1,100,8.33,14.8,9.2,249.3,1019.4,45.3,4.1,157.7,6,0.0,10,301,2022,-0.8660254037844386,0.5000000000000001,-0.8919813464595487,0.45207220393230374,11.1925,0,20.0,63.5,79.0,64.45714285714286
2022-10-29,75.1,54.6,63.8,54.5,74.0,0,0.0,12.8,9.2,248.6,1020.1,46.3,4.5,167.5,7,0.0,10,302,2022,-0.8660254037844386,0.5000000000000001,-0.8840675099433637,0.46735921715800205,11.168055555555556,0,20.499999999999993,63.4,77.1,64.3
2022-10-30,76.9,53.5,63.9,52.9,70.6,0,0.0,13.6,10.3,244.3,1020.6,25.0,5.0,186.0,7,0.0,10,303,2022,-0.8660254037844386,0.5000000000000001,-0.8758917051442433,0.48250774176121763,11.143611111111111,0,23.400000000000006,63.8,74.0,64.08571428571427
2022-10-31,75.1,53.5,63.4,53.5,72.0,0,0.0,14.5,9.2,230.7,1020.4,23.5,4.3,207.7,8,0.0,10,304,2022,-0.8660254037844386,0.5000000000000001,-0.867456354729597,0.4975132889071803,11.119444444444444,0,21.599999999999994,63.9,70.6,63.82857142857143
2022-11-01,75.1,53.5,63.2,53.3,72.5,0,0.0,15.7,9.2,251.8,1020.6,23.1,4.5,206.4,8,0.0,11,305,2022,-0.5000000000000004,0.8660254037844384,-0.858763958275803,0.5123714121284235,11.095277777777778,0,21.599999999999994,63.4,72.0,63.6
2022-11-02,73.3,53.5,62.4,52.4,72.3,0,0.0,16.1,9.2,251.5,1018.8,25.0,4.8,208.3,8,0.0,11,306,2022,-0.5000000000000004,0.8660254037844384,-0.8498170915275277,0.5270777086423724,11.071388888888889,0,19.799999999999997,63.2,72.5,63.37142857142857
2022-11-03,75.1,51.7,61.9,49.3,66.7,0,0.0,14.8,9.2,204.9,1018.3,24.1,5.1,187.8,7,0.0,11,307,2022,-0.5000000000000004,0.8660254037844384,-0.8406184056344783,0.5416278206559811,11.048055555555555,0,23.39999999999999,62.4,72.3,63.142857142857146
2022-11-04,73.3,53.5,62.3,52.2,71.8,0,0.0,13.6,8.9,155.2,1020.3,27.6,4.3,192.6,7,0.0,11,308,2022,-0.5000000000000004,0.8660254037844384,-0.8311706263658079,0.5560174366570446,11.024722222222222,0,19.799999999999997,61.9,66.7,62.98571428571428
2022-11-05,75.1,53.1,62.8,52.5,71.7,0,0.0,14.5,9.2,258.4,1022.5,23.0,4.4,200.3,7,0.0,11,309,2022,-0.5000000000000004,0.8660254037844384,-0.8214765533024145,0.5702422926917867,11.001666666666667,0,21.999999999999993,62.3,71.8,62.84285714285714
2022-11-06,73.3,53.5,62.2,53.6,75.2,0,0.0,14.5,9.2,257.0,1022.7,25.0,4.3,162.4,6,0.0,11,310,2022,-0.5000000000000004,0.8660254037844384,-0.8115390590073611,0.5842981736283683,10.97888888888889,0,19.799999999999997,62.8,71.7,62.6
2022-11-07,71.5,54.1,61.9,54.6,79.0,0,0.0,15.0,10.3,266.9,1021.4,44.5,4.5,175.4,6,0.0,11,311,2022,-0.5000000000000004,0.8660254037844384,-0.8013610881746769,0.5981809144059159,10.956111111111111,0,17.4,62.2,75.2,62.385714285714286
2022-11-08,71.5,53.7,61.8,53.2,75.3,0,0.0,14.5,8.1,233.3,1021.5,77.8,4.1,145.0,5,0.0,11,312,2022,-0.5000000000000004,0.8660254037844384,-0.7909456567567774,0.6118864012687242,10.93388888888889,0,17.799999999999997,61.9,79.0,62.185714285714276
2022-11-09,73.3,55.3,63.0,52.1,70.3,0,0.0,15.2,9.2,220.0,1021.5,60.1,4.1,136.2,6,0.0,11,313,2022,-0.5000000000000004,0.8660254037844384,-0.780295851070776,0.6254105729852457,10.911944444444444,0,18.0,61.8,75.3,62.271428571428565
2022-11-10,71.5,53.5,62.1,52.0,72.3,100,4.17,13.9,10.3,254.8,1021.4,45.3,4.1,129.3,6,0.0,11,314,2022,-0.5000000000000004,0.8660254037844384,-0.7694148268839381,0.6387494220515268,10.890277777777778,0,18.0,63.0,70.3,62.3
2022-11-11,73.3,53.5,61.2,51.7,73.5,0,0.0,15.4,9.2,219.4,1020.5,37.4,4.1,167.8,6,0.0,11,315,2022,-0.5000000000000004,0.8660254037844384,-0.7583058084785625,0.6518989958787125,10.869166666666667,0,19.799999999999997,62.1,72.3,62.142857142857146
2022-11-12,71.5,49.9,59.5,49.3,72.7,0,0.0,16.6,10.3,273.6,1019.9,25.0,4.3,182.5,7,0.0,11,316,2022,-0.5000000000000004,0.8660254037844384,-0.7469720876965551,0.6648553979642867,10.847777777777777,0,21.6,61.2,73.5,61.67142857142857
2022-11-13,69.7,48.1,57.7,48.2,73.0,0,0.0,15.0,9.2,195.7,1019.3,24.3,4.4,174.2,7,0.0,11,317,2022,-0.5000000000000004,0.8660254037844384,-0.7354170229639858,0.6776147890466887,10.827222222222222,0,21.6,59.5,72.7,61.02857142857143
2022-11-14,69.7,49.9,58.3,49.6,75.5,0,0.0,15.7,10.3,241.1,1020.4,37.2,3.6,173.3,7,0.0,11,318,2022,-0.5000000000000004,0.8660254037844384,-0.7236440382959123,0.690173388242972,10.806666666666667,0,19.800000000000004,57.7,73.0,60.51428571428571
2022-11-15,71.5,49.9,58.8,50.3,75.3,0,0.0,15.7,9.2,238.3,1019.2,32.3,3.4,172.1,7,0.0,11,319,2022,-0.5000000000000004,0.8660254037844384,-0.7116566222817751,0.7025274741691566,10.786666666666667,0,21.6,58.3,75.5,60.08571428571428
2022-11-16,71.5,51.7,59.1,50.9,76.8,0,0.0,14.3,6.9,203.5,1017.9,27.1,3.7,143.5,6,0.0,11,320,2022,-0.5000000000000004,0.8660254037844384,-0.6994583270516471,0.7146733860429608,10.766944444444444,0,19.799999999999997,58.8,75.3,59.52857142857143
2022-11-17,67.9,49.9,57.8,49.9,77.0,0,0.0,15.9,6.9,209.4,1017.1,42.2,3.6,151.0,6,0.0,11,321,2022,-0.5000000000000004,0.8660254037844384,-0.6870527672236675,0.726607524768565,10.7475,0,18.000000000000007,59.1,76.8,58.91428571428571
2022-11-18,67.9,51.7,58.7,50.7,76.7,0,0.0,14.1,9.2,182.7,1019.9,40.7,3.3,170.3,7,0.0,11,322,2022,-0.5000000000000004,0.8660254037844384,-0.6744436188329457,0.7383263540031063,10.72861111111111,0,16.200000000000003,57.8,77.0,58.557142857142864
2022-11-19,73.3,49.9,59.1,49.4,72.9,0,0.0,15.0,8.1,231.6,1020.6,24.1,3.5,176.8,7,0.0,11,323,2022,-0.5000000000000004,0.8660254037844384,-0.661634618242279,0.749826401204568,10.71,0,23.4,58.7,76.7,58.5
2022-11-20,71.5,49.9,59.0,49.8,73.9,0,0.0,16.8,9.2,254.0,1019.1,25.0,3.9,186.5,7,0.0,11,324,2022,-0.5000000000000004,0.8660254037844384,-0.6486295610349818,0.7611042586607742,10.691666666666666,0,21.6,59.1,72.9,58.685714285714276
2022-11-21,71.5,48.1,58.1,48.5,73.0,0,0.0,18.8,11.4,272.1,1017.1,23.0,4.5,187.2,7,0.0,11,325,2022,-0.5000000000000004,0.8660254037844384,-0.6354323008901775,0.7721565844991641,10.67388888888889,0,23.4,59.0,73.9,58.65714285714286
2022-11-22,71.5,48.1,57.4,47.5,72.3,0,0.0,16.1,9.2,224.4,1017.2,24.5,4.5,179.4,7,0.0,11,326,2022,-0.5000000000000004,0.8660254037844384,-0.622046748440868,0.7829801036770625,10.65638888888889,0,23.4,58.1,73.0,58.457142857142856
2022-11-23,69.7,46.1,56.9,48.4,75.2,0,0.0,16.3,8.1,198.3,1017.6,27.1,4.1,173.4,7,0.0,11,327,2022,-0.5000000000000004,0.8660254037844384,-0.6084768701151264,0.7935716089521472,10.639722222222222,0,23.6,57.4,72.3,58.142857142857146
2022-11-24,69.7,49.9,57.8,49.0,75.0,100,8.33,13.9,8.1,144.0,1018.4,38.0,4.2,168.3,7,0.0,11,328,2022,-0.5000000000000004,0.8660254037844384,-0.594726686960764,0.8039279618328208,10.623055555555556,0,19.800000000000004,56.9,75.2,58.142857142857146
2022-11-25,75.1,48.1,59.1,47.9,69.5,0,0.0,15.4,9.2,193.7,1020.6,23.1,4.2,184.0,7,0.0,11,329,2022,-0.5000000000000004,0.8660254037844384,-0.5808002734538014,0.8140460935082175,10.6075,0,26.999999999999993,57.8,75.0,58.199999999999996
2022-11-26,73.3,47.6,59.0,48.4,71.1,0,0.0,15.7,9.2,259.8,1017.7,24.2,4.7,184.5,7,0.0,11,330,2022,-0.5000000000000004,0.8660254037844384,-0.5667017562911184,0.8239230057575536,10.591666666666667,0,25.699999999999996,59.1,69.5,58.18571428571429
2022-11-27,71.5,49.9,58.4,48.6,72.3,0,0.0,13.6,8.1,237.5,1015.9,28.9,4.8,147.3,6,0.0,11,331,2022,-0.5000000000000004,0.8660254037844384,-0.5524353131676203,0.8335557718385695,10.576666666666666,0,21.6,59.0,71.1,58.10000000000001
2022-11-28,69.7,49.9,57.2,48.9,76.7,0,0.0,14.8,8.1,232.9,1017.6,31.3,3.8,152.0,6,0.0,11,332,2022,-0.5000000000000004,0.8660254037844384,-0.5380051715382992,0.8429415373547832,10.562222222222223,0,19.800000000000004,58.4,72.3,57.971428571428575
2022-11-29,69.7,48.1,57.9,49.0,74.7,0,0.0,15.9,9.2,231.5,1019.5,24.0,3.7,173.0,7,0.0,11,333,2022,-0.5000000000000004,0.8660254037844384,-0.5234156073655503,0.8520775211013093,10.548333333333334,0,21.6,57.2,76.7,58.042857142857144
2022-11-30,69.7,48.1,57.1,48.7,75.5,0,0.0,15.7,8.1,233.7,1020.4,39.0,4.0,170.5,7,0.0,11,334,2022,-0.5000000000000004,0.8660254037844384,-0.5086709438521042,0.8609610158889945,10.534722222222221,0,21.6,57.9,74.7,58.07142857142857
2022-12-01,69.7,46.3,56.6,46.6,72.2,0,0.0,15.2,8.1,174.7,1019.0,28.9,4.6,170.1,6,0.0,12,335,2022,-2.4492935982947064e-16,1.0,-0.4937755501599774,0.8695893893466109,10.521666666666667,0,23.400000000000006,57.1,75.5,57.9
2022-12-02,71.5,46.3,56.5,46.2,71.9,0,0.0,13.6,8.1,165.2,1019.0,25.0,4.6,160.2,6,0.0,12,336,2022,-2.4492935982947064e-16,1.0,-0.4787338401157883,0.8779600847008883,10.509166666666667,0,25.200000000000003,56.6,72.2,57.528571428571425
2022-12-03,69.7,46.3,56.2,46.2,72.6,0,0.0,14.5,8.1,196.0,1019.3,25.0,4.3,170.5,7,0.0,12,337,2022,-2.4492935982947064e-16,1.0,-0.4635502709028512,0.8860706215341377,10.497222222222222,0,23.400000000000006,56.5,71.9,57.12857142857143
2022-12-04,69.7,46.3,55.8,46.6,74.3,0,0.0,16.3,8.1,214.1,1019.4,25.0,4.1,174.4,7,0.0,12,338,2022,-2.4492935982947064e-16,1.0,-0.4482293417404106,0.893918596519257,10.48611111111111,0,23.400000000000006,56.2,72.6,56.75714285714285
2022-12-05,69.7,46.3,56.1,46.9,74.0,0,0.0,15.7,9.2,199.3,1020.3,31.2,4.8,144.7,6,0.0,12,339,2022,-2.4492935982947064e-16,1.0,-0.4327755925504317,0.9015016841318838,10.475277777777778,0,23.400000000000006,55.8,74.3,56.6
2022-12-06,69.7,44.5,55.3,45.1,72.1,0,0.0,15.7,6.9,173.1,1018.6,25.0,4.2,149.4,6,0.0,12,340,2022,-2.4492935982947064e-16,1.0,-0.41719360261231697,0.9088176373395028,10.465,0,25.200000000000003,56.1,74.0,56.228571428571435
2022-12-07,67.9,46.3,54.9,45.8,73.9,0,0.0,16.1,13.9,175.3,1017.7,33.9,4.3,155.5,7,0.0,12,341,2022,-2.4492935982947064e-16,1.0,-0.4014879892059737,0.9158642882672868,10.455277777777777,0,21.60000000000001,55.3,72.1,55.91428571428571
2022-12-08,69.7,44.5,55.3,45.1,71.6,0,0.0,14.1,8.1,198.8,1019.2,33.1,4.6,154.0,6,0.0,12,342,2022,-2.4492935982947064e-16,1.0,-0.38566340624360745,0.9226395488404875,10.446388888888889,0,25.200000000000003,54.9,73.9,55.728571428571435
2022-12-09,69.7,44.5,55.2,45.5,72.5,100,4.17,16.6,9.2,204.3,1018.6,29.3,4.4,158.1,6,0.0,12,343,2022,-2.4492935982947064e-16,1.0,-0.3697245428906732,0.9291414114031743,10.437777777777777,0,25.200000000000003,55.3,71.6,55.542857142857144
2022-12-10,67.9,44.5,54.6,45.3,73.6,0,0.0,16.1,6.9,192.7,1018.7,25.0,4.0,169.0,6,0.0,12,344,2022,-2.4492935982947064e-16,1.0,-0.3536761221763721,0.935367949313148,10.43,0,23.400000000000006,55.2,72.5,55.31428571428571
2022-12-11,69.7,44.5,54.9,43.8,69.6,0,0.0,16.1,10.3,230.3,1017.8,22.9,4.1,171.5,7,0.0,12,345,2022,-2.4492935982947064e-16,1.0,-0.33752289959411347,0.941317317512847,10.423055555555555,0,25.200000000000003,54.6,73.6,55.18571428571429
2022-12-12,69.7,42.7,54.6,43.5,70.1,0,0.0,16.3,6.9,161.5,1016.9,26.3,3.9,174.4,7,0.0,12,346,2022,-2.4492935982947064e-16,1.0,-0.32126966169236515,0.946987753076075,10.41638888888889,0,27.0,54.9,69.6,54.971428571428575
2022-12-13,71.5,42.7,54.2,44.2,72.1,0,0.0,17.7,10.3,258.9,1017.5,25.0,3.9,172.8,7,0.0,12,347,2022,-2.4492935982947064e-16,1.0,-0.3049212246562894,0.9523775757303973,10.410555555555556,0,28.799999999999997,54.6,70.1,54.81428571428571
2022-12-14,67.9,44.5,53.5,45.5,76.1,0,0.0,15.9,10.3,204.6,1017.5,37.6,3.3,150.7,6,0.0,12,348,2022,-2.4492935982947064e-16,1.0,-0.2884824328806098,0.9574851883550389,10.405277777777778,0,23.400000000000006,54.2,72.1,54.614285714285714
2022-12-15,64.3,48.1,54.8,46.0,73.9,100,4.17,14.8,9.2,244.8,1016.5,44.3,3.4,112.5,4,0.0,12,349,2022,-2.4492935982947064e-16,1.0,-0.27195815753410524,0.9623090774541487,10.400277777777777,0,16.199999999999996,53.5,76.1,54.542857142857144
2022-12-16,67.9,48.1,55.8,48.1,77.2,0,0.0,14.5,10.3,185.9,1016.3,53.1,3.3,127.8,5,0.0,12,350,2022,-2.4492935982947064e-16,1.0,-0.2553532951161881,0.9668478136052773,10.39638888888889,0,19.800000000000004,54.8,73.9,54.628571428571426
2022-12-17,67.9,46.3,55.2,47.0,76.1,100,4.17,13.4,8.1,192.7,1018.7,51.6,2.8,96.3,4,0.8,12,351,2022,-2.4492935982947064e-16,1.0,-0.23867276600594997,0.9711000518829505,10.393055555555556,1,21.60000000000001,55.8,77.2,54.714285714285715
2022-12-18,69.7,46.3,55.5,46.9,75.2,100,8.33,12.3,10.3,263.5,1019.5,40.8,3.3,96.0,4,0.0,12,352,2022,-2.4492935982947064e-16,1.0,-0.22192151300416674,0.9750645322571945,10.390277777777778,0,23.400000000000006,55.2,76.1,54.800000000000004
2022-12-19,67.9,46.3,54.5,45.6,74.8,0,0.0,11.9,10.3,248.2,1017.8,36.0,3.9,96.7,4,0.0,12,353,2022,-2.4492935982947064e-16,1.0,-0.20510449986861926,0.9787400799669153,10.388055555555555,0,21.60000000000001,55.5,75.2,54.785714285714285
2022-12-20,67.9,44.5,53.9,44.8,74.2,0,0.0,13.6,9.2,174.3,1016.4,32.3,4.0,118.8,5,0.0,12,354,2022,-2.4492935982947064e-16,1.0,-0.1882267098432439,0.9821256058680006,10.386944444444444,0,23.400000000000006,54.5,74.8,54.74285714285714
2022-12-21,67.9,44.5,54.3,46.3,77.0,100,4.17,17.4,9.2,228.9,1017.2,32.3,3.9,137.5,6,0.0,12,355,2022,-2.4492935982947064e-16,1.0,-0.1712931441814778,0.9852201067560606,10.386111111111111,0,23.400000000000006,53.9,74.2,54.857142857142854
2022-12-22,66.1,44.5,52.5,45.9,80.5,0,0.0,18.8,9.2,190.8,1016.4,43.4,3.3,164.8,7,0.0,12,356,2022,-2.4492935982947064e-16,1.0,-0.154308820664281,0.9880226656636976,10.386111111111111,0,21.599999999999994,54.3,77.0,54.528571428571425
2022-12-23,66.1,42.7,52.3,42.6,72.7,0,0.0,17.4,6.9,241.6,1016.8,25.0,3.9,162.3,6,0.0,12,357,2022,-2.4492935982947064e-16,1.0,-0.13727877211326517,0.9905324521322227,10.386666666666667,0,23.39999999999999,52.5,80.5,54.028571428571425
2022-12-24,66.1,42.7,52.4,40.7,68.2,0,0.0,17.4,6.9,172.3,1017.8,33.0,3.7,145.0,7,0.0,12,358,2022,-2.4492935982947064e-16,1.0,-0.12020804489935275,0.9927487224577402,10.388055555555555,0,23.39999999999999,52.3,72.7,53.628571428571426
2022-12-25,67.9,40.9,51.8,38.7,64.6,0,0.0,17.4,9.2,264.1,1018.3,25.0,4.0,175.6,7,0.0,12,359,2022,-2.4492935982947064e-16,1.0,-0.10310169744743544,0.9946708199115211,10.389722222222222,0,27.000000000000007,52.4,68.2,53.1
2022-12-26,64.3,42.7,51.8,39.7,66.9,0,0.0,17.0,8.1,220.2,1020.0,40.7,4.3,163.4,7,0.0,12,360,2022,-2.4492935982947064e-16,1.0,-0.0859647987374467,0.9962981749346077,10.392222222222221,0,21.599999999999994,51.8,64.6,52.714285714285715
2022-12-27,66.1,40.9,51.0,37.3,63.9,0,0.0,17.9,11.4,267.4,1017.2,25.7,4.3,171.8,6,0.0,12,361,2022,-2.4492935982947064e-16,1.0,-0.06880242680232064,0.9976303053065857,10.395555555555555,0,25.199999999999996,51.8,66.9,52.300000000000004
2022-12-28,64.3,39.1,49.2,38.1,68.5,0,0.0,15.2,11.4,178.2,1017.3,25.0,3.6,140.5,6,0.0,12,362,2022,-2.4492935982947064e-16,1.0,-0.05161966722325418,0.9986668162884759,10.399166666666666,0,25.199999999999996,51.0,63.9,51.57142857142857
2022-12-29,60.7,40.7,48.8,39.9,73.7,0,0.0,13.0,6.9,193.4,1020.3,32.2,2.7,90.6,4,0.0,12,363,2022,-2.4492935982947064e-16,1.0,-0.034421611622745804,0.9994074007397048,10.403888888888888,0,20.0,49.2,68.5,51.04285714285714
2022-12-30,62.5,40.9,49.2,40.6,75.2,0,0.0,13.9,9.2,238.4,1022.2,32.2,2.6,113.5,4,0.0,12,364,2022,-2.4492935982947064e-16,1.0,-0.01721335615583528,0.9998518392091162,10.408888888888889,0,21.6,48.8,73.7,50.6
2022-12-31,60.7,39.1,48.8,40.4,75.1,0,0.0,14.8,10.3,254.0,1020.9,41.8,2.7,100.3,5,0.0,12,365,2022,-2.4492935982947064e-16,1.0,6.432490598706546e-16,1.0,10.414722222222222,0,21.6,49.2,75.2,50.08571428571429
2023-01-01,60.7,40.9,49.4,41.6,76.4,0,0.0,14.3,8.1,219.4,1022.3,27.1,2.9,76.6,3,0.0,1,1,2023,0.49999999999999994,0.8660254037844387,0.017213356155834685,0.9998518392091162,10.421111111111111,0,19.800000000000004,48.8,75.1,49.74285714285714
2023-01-02,60.7,42.7,50.6,42.8,76.5,0,0.0,15.4,9.2,223.8,1022.9,39.5,2.9,125.9,5,0.0,1,2,2023,0.49999999999999994,0.8660254037844387,0.03442161162274574,0.9994074007397048,10.428055555555556,0,18.0,49.4,76.4,49.57142857142857
2023-01-03,62.5,40.9,49.8,41.2,75.0,0,0.0,16.8,9.2,221.0,1023.1,25.0,2.7,151.7,7,0.0,1,3,2023,0.49999999999999994,0.8660254037844387,0.051619667223253764,0.998666816288476,10.435833333333333,0,21.6,50.6,76.5,49.39999999999999
2023-01-04,60.9,42.7,49.6,40.5,72.4,100,4.17,15.0,10.3,206.2,1022.5,46.9,3.4,140.2,6,0.0,1,4,2023,0.49999999999999994,0.8660254037844387,0.06880242680231986,0.9976303053065857,10.444166666666666,0,18.199999999999996,49.8,75.0,49.457142857142856
2023-01-05,64.3,39.1,49.4,37.3,66.8,0,0.0,13.2,9.2,162.8,1024.2,25.2,3.9,160.3,6,0.0,1,5,2023,0.49999999999999994,0.8660254037844387,0.08596479873744647,0.9962981749346078,10.453055555555556,0,25.199999999999996,49.6,72.4,49.54285714285714
2023-01-06,67.9,37.3,50.7,35.9,62.1,0,0.0,17.0,9.2,120.2,1025.1,25.0,3.7,176.5,7,0.0,1,6,2023,0.49999999999999994,0.8660254037844387,0.10310169744743485,0.9946708199115211,10.4625,0,30.60000000000001,49.4,66.8,49.75714285714285
2023-01-07,69.7,37.3,51.6,33.3,56.0,0,0.0,14.8,12.8,265.9,1023.4,25.0,4.4,188.0,7,0.0,1,7,2023,0.49999999999999994,0.8660254037844387,0.1202080448993527,0.9927487224577402,10.472777777777777,0,32.400000000000006,50.7,62.1,50.15714285714286
2023-01-08,69.7,37.3,51.7,31.8,52.6,0,0.0,13.2,8.1,106.8,1022.2,25.0,4.4,188.3,7,0.0,1,8,2023,0.49999999999999994,0.8660254037844387,0.13727877211326478,0.9905324521322229,10.483333333333333,0,32.400000000000006,51.6,56.0,50.48571428571428
2023-01-09,69.7,39.1,52.2,33.4,53.6,0,0.0,11.9,8.1,159.8,1022.9,25.0,4.6,187.8,7,0.0,1,9,2023,0.49999999999999994,0.8660254037844387,0.15430882066428117,0.9880226656636976,10.494722222222222,0,30.6,51.7,52.6,50.714285714285715
2023-01-10,67.9,40.9,52.5,36.4,58.1,0,0.0,16.1,8.1,143.3,1020.3,31.9,4.3,183.7,7,0.0,1,10,2023,0.49999999999999994,0.8660254037844387,0.1712931441814776,0.9852201067560606,10.506388888888889,0,27.000000000000007,52.2,53.6,51.10000000000001
2023-01-11,66.1,40.9,51.4,37.4,62.1,0,0.0,15.7,13.9,180.6,1017.9,25.0,4.4,185.6,7,0.0,1,11,2023,0.49999999999999994,0.8660254037844387,0.1882267098432442,0.9821256058680006,10.518888888888888,0,25.199999999999996,52.5,58.1,51.357142857142854
2023-01-12,66.1,40.9,51.6,38.5,64.2,0,0.0,15.7,11.4,188.6,1016.0,32.4,4.3,183.2,7,0.0,1,12,2023,0.49999999999999994,0.8660254037844387,0.2051044998686192,0.9787400799669153,10.531944444444445,0,25.199999999999996,51.4,62.1,51.67142857142858
2023-01-13,64.3,40.9,51.7,40.6,68.8,0,0.0,21.0,11.4,283.7,1016.9,25.0,4.5,181.7,7,0.0,1,13,2023,0.49999999999999994,0.8660254037844387,0.22192151300416552,0.9750645322571948,10.545277777777779,0,23.4,51.6,64.2,51.81428571428571
2023-01-14,64.3,40.9,51.3,37.4,63.0,0,0.0,21.5,13.9,288.1,1016.3,24.1,4.7,182.7,7,0.0,1,14,2023,0.49999999999999994,0.8660254037844387,0.2386727660059501,0.9711000518829505,10.559166666666666,0,23.4,51.7,68.8,51.77142857142858
2023-01-15,64.3,39.1,49.7,39.0,69.5,0,0.0,18.8,10.3,244.5,1014.8,25.0,3.8,161.0,6,0.0,1,15,2023,0.49999999999999994,0.8660254037844387,0.255353295116187,0.9668478136052775,10.573611111111111,0,25.199999999999996,51.3,63.0,51.48571428571429
2023-01-16,60.7,40.9,48.9,40.5,75.2,0,0.0,17.7,9.2,223.9,1016.5,40.2,2.9,149.2,6,0.0,1,16,2023,0.49999999999999994,0.8660254037844387,0.2719581575341055,0.9623090774541486,10.588611111111112,0,19.800000000000004,49.7,69.5,51.01428571428571
2023-01-17,60.7,40.9,49.1,40.0,73.3,0,0.0,17.7,8.1,244.3,1016.9,35.0,2.8,153.2,7,0.0,1,17,2023,0.49999999999999994,0.8660254037844387,0.288482432880609,0.9574851883550393,10.604444444444445,0,19.800000000000004,48.9,75.2,50.528571428571425
2023-01-18,60.7,40.9,48.6,38.0,69.0,0,0.0,18.1,8.1,245.3,1019.1,35.5,3.1,169.1,7,0.0,1,18,2023,0.49999999999999994,0.8660254037844387,0.30492122465628907,0.9523775757303974,10.620277777777778,0,19.800000000000004,49.1,73.3,50.128571428571426
2023-01-19,58.9,39.1,47.7,38.4,72.3,0,0.0,17.7,11.4,257.0,1020.6,31.8,2.5,138.9,5,0.0,1,19,2023,0.49999999999999994,0.8660254037844387,0.3212696616923644,0.9469877530760753,10.636944444444444,0,19.799999999999997,48.6,69.0,49.57142857142857
2023-01-20,66.1,39.1,50.0,40.3,72.4,0,0.0,20.8,11.4,251.9,1020.0,33.5,2.4,182.1,7,0.0,1,20,2023,0.49999999999999994,0.8660254037844387,0.3375228995941133,0.9413173175128471,10.653888888888888,0,26.999999999999993,47.7,72.3,49.32857142857143
2023-01-21,67.9,40.4,51.8,35.9,61.2,0,0.0,21.9,17.2,306.8,1018.8,31.7,3.8,199.0,7,0.0,1,21,2023,0.49999999999999994,0.8660254037844387,0.3536761221763716,0.9353679493131483,10.671388888888888,0,27.500000000000007,50.0,72.4,49.39999999999999
2023-01-22,66.1,39.1,51.8,30.7,50.9,0,0.0,23.5,16.1,295.9,1019.2,24.1,4.5,200.4,7,0.0,1,22,2023,0.49999999999999994,0.8660254037844387,0.3697245428906731,0.9291414114031743,10.689166666666667,0,26.999999999999993,51.8,61.2,49.699999999999996
2023-01-23,69.7,39.1,53.4,33.2,51.0,0,0.0,25.3,12.8,292.3,1018.5,25.0,4.5,201.5,8,0.0,1,23,2023,0.49999999999999994,0.8660254037844387,0.38566340624360707,0.9226395488404876,10.707222222222223,0,30.6,51.8,50.9,50.34285714285715
2023-01-24,69.7,40.9,54.3,38.7,58.2,0,0.0,26.4,18.3,286.7,1019.6,25.0,4.1,195.6,7,0.0,1,24,2023,0.49999999999999994,0.8660254037844387,0.401487989205973,0.9158642882672872,10.726111111111111,0,28.800000000000004,53.4,51.0,51.08571428571428
2023-01-25,69.7,44.5,56.1,42.7,64.3,0,0.0,23.0,15.0,298.0,1019.5,31.3,3.4,193.3,7,0.0,1,25,2023,0.49999999999999994,0.8660254037844387,0.4171936026123168,0.9088176373395029,10.745,0,25.200000000000003,54.3,58.2,52.15714285714286
2023-01-26,69.7,48.1,57.3,43.4,62.2,0,0.0,24.4,12.8,287.7,1019.1,61.7,3.9,192.9,7,0.0,1,26,2023,0.49999999999999994,0.8660254037844387,0.4327755925504312,0.901501684131884,10.764722222222222,0,21.6,56.1,64.3,53.528571428571425
2023-01-27,71.5,42.7,56.1,39.9,59.8,0,0.0,26.6,11.4,309.6,1018.6,28.1,4.3,207.8,8,0.0,1,27,2023,0.49999999999999994,0.8660254037844387,0.4482293417404106,0.893918596519257,10.784166666666666,0,28.799999999999997,57.3,62.2,54.39999999999999
2023-01-28,69.7,40.9,54.6,36.9,55.4,0,0.0,18.6,10.3,223.6,1017.2,25.0,4.6,203.0,8,0.0,1,28,2023,0.49999999999999994,0.8660254037844387,0.4635502709028509,0.886070621534138,10.804722222222223,0,28.800000000000004,56.1,59.8,54.800000000000004
2023-01-29,69.7,42.7,55.1,40.3,60.7,0,0.0,16.3,8.1,129.9,1019.4,31.8,3.9,196.9,7,0.0,1,29,2023,0.49999999999999994,0.8660254037844387,0.47873384011578846,0.8779600847008882,10.825277777777778,0,27.0,54.6,55.4,55.27142857142858
2023-01-30,67.9,48.1,56.1,44.7,67.6,0,0.0,16.1,5.8,138.8,1021.9,83.8,2.6,182.4,7,0.0,1,30,2023,0.49999999999999994,0.8660254037844387,0.4937755501599772,0.869589389346611,10.846111111111112,0,19.800000000000004,55.1,60.7,55.65714285714285
2023-01-31,73.3,48.1,59.1,43.1,59.9,0,0.0,21.9,11.4,281.5,1018.8,53.8,3.4,198.3,7,0.0,1,31,2023,0.49999999999999994,0.8660254037844387,0.5086709438521044,0.8609610158889943,10.8675,0,25.199999999999996,56.1,67.6,56.34285714285715
2023-02-01,71.5,44.5,56.9,39.3,55.9,0,0.0,21.3,11.4,293.8,1017.0,28.8,4.2,208.8,8,0.0,2,32,2023,0.8660254037844386,0.5000000000000001,0.5234156073655503,0.8520775211013093,10.889166666666666,0,27.0,59.1,59.9,56.457142857142856
2023-02-02,71.5,44.5,56.4,40.8,59.3,0,0.0,16.1,10.3,188.1,1018.0,27.4,4.0,207.8,7,0.0,2,33,2023,0.8660254037844386,0.5000000000000001,0.5380051715382996,0.8429415373547828,10.910833333333333,0,27.0,56.9,55.9,56.32857142857143
2023-02-03,71.5,44.5,55.8,41.1,63.1,0,0.0,16.8,10.3,189.4,1018.5,25.0,3.7,196.3,8,0.0,2,34,2023,0.8660254037844386,0.5000000000000001,0.5524353131676196,0.8335557718385699,10.933055555555555,0,27.0,56.4,59.3,56.285714285714285
2023-02-04,69.7,44.5,56.1,43.3,65.2,0,0.0,17.0,9.2,184.8,1015.9,25.0,3.7,189.9,7,0.0,2,35,2023,0.8660254037844386,0.5000000000000001,0.5667017562911176,0.8239230057575542,10.955555555555556,0,25.200000000000003,55.8,63.1,56.5
2023-02-05,67.9,46.3,55.5,42.9,65.8,0,0.0,15.2,12.8,179.8,1015.4,32.3,3.7,114.0,5,0.0,2,36,2023,0.8660254037844386,0.5000000000000001,0.5808002734538009,0.8140460935082178,10.97861111111111,0,21.60000000000001,56.1,65.2,56.55714285714286
2023-02-06,69.7,46.3,55.8,44.4,68.6,0,0.0,18.8,10.3,212.1,1015.4,32.3,3.2,132.6,6,0.0,2,37,2023,0.8660254037844386,0.5000000000000001,0.5947266869607634,0.8039279618328213,11.001388888888888,0,23.400000000000006,55.5,65.8,56.51428571428572
2023-02-07,67.9,46.3,55.4,42.2,64.4,0,0.0,21.7,10.3,244.7,1013.5,27.3,3.4,162.8,7,0.0,2,38,2023,0.8660254037844386,0.5000000000000001,0.6084768701151261,0.7935716089521474,11.024722222222222,0,21.60000000000001,55.8,68.6,55.98571428571428
2023-02-08,66.1,44.5,54.6,42.2,64.5,0,0.0,18.6,9.2,233.8,1015.6,38.6,3.6,188.0,7,0.0,2,39,2023,0.8660254037844386,0.5000000000000001,0.6220467484408675,0.7829801036770629,11.04861111111111,0,21.599999999999994,55.4,64.4,55.65714285714286
2023-02-09,66.1,46.3,54.9,44.9,71.5,100,4.17,17.0,10.3,216.2,1016.5,41.2,3.1,142.1,6,0.0,2,40,2023,0.8660254037844386,0.5000000000000001,0.6354323008901774,0.7721565844991642,11.072222222222223,0,19.799999999999997,54.6,64.5,55.442857142857136
2023-02-10,69.7,46.3,55.8,44.9,70.4,0,0.0,22.6,13.9,283.2,1016.8,25.0,3.1,203.2,8,0.0,2,41,2023,0.8660254037844386,0.5000000000000001,0.6486295610349814,0.7611042586607747,11.096388888888889,0,23.400000000000006,54.9,71.5,55.44285714285714
2023-02-11,71.5,44.5,57.4,43.1,63.2,0,0.0,24.6,12.8,311.2,1016.8,25.0,3.9,223.2,8,0.0,2,42,2023,0.8660254037844386,0.5000000000000001,0.6616346182422783,0.7498264012045686,11.120833333333334,0,27.0,55.8,70.4,55.628571428571426
2023-02-12,67.9,44.5,56.1,38.0,55.1,0,0.0,24.4,12.8,291.7,1015.6,26.0,4.5,208.1,8,0.0,2,43,2023,0.8660254037844386,0.5000000000000001,0.6744436188329455,0.7383263540031065,11.145277777777778,0,23.400000000000006,57.4,63.2,55.714285714285715
2023-02-13,67.9,42.7,53.7,40.0,61.9,0,0.0,17.2,16.1,195.3,1014.3,24.6,3.6,229.5,8,0.0,2,44,2023,0.8660254037844386,0.5000000000000001,0.6870527672236669,0.7266075247685656,11.169722222222223,0,25.200000000000003,56.1,55.1,55.41428571428571
2023-02-14,67.9,44.5,54.6,40.4,61.8,0,0.0,19.5,11.4,218.8,1017.6,29.2,3.7,207.6,8,0.0,2,45,2023,0.8660254037844386,0.5000000000000001,0.6994583270516471,0.7146733860429609,11.195,0,23.400000000000006,53.7,61.9,55.300000000000004
2023-02-15,69.7,48.3,58.2,40.8,54.4,0,0.0,18.3,13.9,216.2,1016.9,66.5,4.3,205.7,8,0.0,2,46,2023,0.8660254037844386,0.5000000000000001,0.7116566222817746,0.702527474169157,11.22,0,21.400000000000006,54.6,61.8,55.81428571428571
2023-02-16,73.3,55.3,61.9,43.6,53.0,0,0.0,16.3,10.3,227.6,1019.5,47.0,4.0,215.9,8,0.0,2,47,2023,0.8660254037844386,0.5000000000000001,0.7236440382959124,0.6901733882429719,11.245,0,18.0,58.2,54.4,56.81428571428571
2023-02-17,73.3,48.1,60.3,44.6,59.2,0,0.0,18.1,10.860000000000001,279.7,1021.2,25.0,3.9,233.2,8,0.0,2,48,2023,0.8660254037844386,0.5000000000000001,0.7354170229639855,0.6776147890466889,11.270555555555555,0,25.199999999999996,61.9,53.0,57.457142857142856
2023-02-18,73.3,49.9,60.4,44.8,59.5,0,0.0,17.4,10.3,253.9,1020.7,27.1,3.7,235.8,8,0.0,2,49,2023,0.8660254037844386,0.5000000000000001,0.7469720876965552,0.6648553979642865,11.296388888888888,0,23.4,60.3,59.2,57.88571428571429
2023-02-19,73.3,53.5,61.9,46.4,59.2,0,0.0,18.6,11.16,275.9,1019.6,30.2,3.6,229.9,9,0.0,2,50,2023,0.8660254037844386,0.5000000000000001,0.7583058084785625,0.6518989958787126,11.321944444444444,0,19.799999999999997,60.4,59.5,58.714285714285715
2023-02-20,73.3,49.9,60.5,47.6,64.8,0,0.0,19.0,12.8,191.0,1018.0,29.2,3.6,174.5,7,0.0,2,51,2023,0.8660254037844386,0.5000000000000001,0.7694148268839378,0.6387494220515272,11.348055555555556,0,23.4,61.9,59.2,59.68571428571429
2023-02-21,73.3,51.7,61.0,50.7,70.8,0,0.0,25.3,11.4,221.3,1018.0,25.0,2.7,149.1,6,0.0,2,52,2023,0.8660254037844386,0.5000000000000001,0.7802958510707755,0.6254105729852463,11.373888888888889,0,21.599999999999994,60.5,64.8,60.6
2023-02-22,75.1,51.7,61.8,46.0,61.7,0,0.0,19.7,12.8,289.7,1016.4,38.6,3.4,213.5,8,0.0,2,53,2023,0.8660254037844386,0.5000000000000001,0.7909456567567772,0.6118864012687243,11.4,0,23.39999999999999,61.0,70.8,61.114285714285714
2023-02-23,75.1,51.7,61.4,48.6,65.6,0,0.0,22.6,13.9,206.8,1015.8,25.0,3.5,232.2,8,0.0,2,54,2023,0.8660254037844386,0.5000000000000001,0.8013610881746766,0.5981809144059164,11.426388888888889,0,23.39999999999999,61.8,61.7,61.042857142857144
2023-02-24,73.3,49.9,60.0,47.3,66.7,0,0.0,19.9,15.7,202.9,1018.4,32.3,3.6,232.2,8,0.0,2,55,2023,0.8660254037844386,0.5000000000000001,0.8115390590073611,0.5842981736283683,11.452777777777778,0,23.4,61.4,65.6,61.0
2023-02-25,71.5,51.7,60.0,49.7,70.8,0,0.0,17.9,15.0,206.8,1021.7,53.3,3.3,195.9,7,0.0,2,56,2023,0.8660254037844386,0.5000000000000001,0.8214765533024142,0.5702422926917871,11.479444444444445,0,19.799999999999997,60.0,66.7,60.94285714285714
2023-02-26,69.7,49.9,57.3,49.1,76.4,100,4.17,17.7,16.1,193.3,1023.7,70.1,3.1,174.3,7,1.0,2,57,2023,0.8660254037844386,0.5000000000000001,0.8311706263658079,0.5560174366570446,11.50611111111111,1,19.800000000000004,60.0,70.8,60.285714285714285
2023-02-27,67.9,46.3,56.4,46.9,73.1,100,4.17,19.5,11.4,224.1,1022.6,47.4,3.6,187.0,7,2.5,2,58,2023,0.8660254037844386,0.5000000000000001,0.8406184056344782,0.5416278206559814,11.532777777777778,1,21.60000000000001,57.3,76.4,59.699999999999996
2023-02-28,71.5,48.1,59.3,49.2,71.8,0,0.0,18.3,12.8,218.4,1022.3,47.5,3.0,236.9,8,0.0,2,59,2023,0.8660254037844386,0.5000000000000001,0.8498170915275278,0.5270777086423722,11.559722222222222,0,23.4,56.4,73.1,59.457142857142856
2023-03-01,71.5,51.7,60.9,50.9,72.0,0,0.0,24.8,10.3,247.9,1023.5,50.1,2.7,223.2,8,0.0,3,60,2023,1.0,6.123233995736766e-17,0.8587639582758029,0.5123714121284237,11.586666666666666,0,19.799999999999997,59.3,71.8,59.32857142857142
2023-03-02,71.5,51.7,62.0,51.3,69.9,0,0.0,23.3,10.3,213.3,1022.9,41.2,2.6,220.8,8,0.8,3,61,2023,1.0,6.123233995736766e-17,0.8674563547295968,0.49751328890718066,11.613611111111112,1,19.799999999999997,60.9,72.0,59.41428571428571
2023-03-03,75.1,53.5,63.0,52.5,70.7,0,0.0,16.1,12.8,195.6,1022.8,41.8,2.7,235.5,8,0.0,3,62,2023,1.0,6.123233995736766e-17,0.8758917051442429,0.48250774176121847,11.640555555555556,0,21.599999999999994,62.0,69.9,59.84285714285714
2023-03-04,75.1,55.3,63.9,54.6,73.6,0,0.0,18.1,15.0,202.2,1023.2,45.4,2.7,207.4,7,0.3,3,63,2023,1.0,6.123233995736766e-17,0.8840675099433636,0.46735921715800227,11.667777777777777,1,19.799999999999997,63.0,70.7,60.4
2023-03-05,76.9,55.3,64.0,51.6,68.0,0,0.0,22.4,12.8,249.4,1022.0,36.5,3.0,215.8,8,2.3,3,64,2023,1.0,6.123233995736766e-17,0.8919813464595485,0.45207220393230435,11.695,1,21.60000000000001,63.9,73.6,61.357142857142854
2023-03-06,75.1,53.5,63.4,51.7,68.0,0,0.0,23.3,13.9,215.5,1019.4,30.8,3.2,230.3,9,0.0,3,65,2023,1.0,6.123233995736766e-17,0.8996308696522433,0.43665123195606403,11.7225,0,21.599999999999994,64.0,68.0,62.357142857142854
2023-03-07,76.9,51.7,63.3,45.6,57.5,0,0.0,20.8,12.7,204.7,1020.5,32.3,4.0,256.1,9,0.0,3,66,2023,1.0,6.123233995736766e-17,0.9070138128026359,0.4211008707960896,11.749722222222223,0,25.200000000000003,63.4,68.0,62.92857142857143
2023-03-08,66.1,53.5,58.3,48.7,71.8,100,8.33,16.3,9.2,92.2,1023.3,65.9,3.1,128.4,6,0.8,3,67,2023,1.0,6.123233995736766e-17,0.9141279881853337,0.40542572835999735,11.777222222222223,1,12.599999999999994,63.3,57.5,62.55714285714286
2023-03-09,73.3,44.0,60.1,44.3,60.5,100,4.17,18.1,11.4,288.8,1021.5,32.9,4.1,227.7,9,0.0,3,68,2023,1.0,6.123233995736766e-17,0.9209712877166346,0.38963044953078796,11.804444444444444,0,29.299999999999997,58.3,71.8,62.285714285714285
2023-03-10,75.1,49.9,62.4,43.3,52.9,0,0.0,19.5,15.0,181.6,1020.8,38.6,4.3,251.2,9,0.0,3,69,2023,1.0,6.123233995736766e-17,0.9275416835791966,0.37371971479046906,11.832222222222223,0,25.199999999999996,60.1,60.5,62.199999999999996
2023-03-11,75.1,51.7,60.4,45.8,61.6,0,0.0,15.2,10.3,142.8,1021.5,42.3,3.9,239.3,9,0.0,3,70,2023,1.0,6.123233995736766e-17,0.9338372288229252,0.35769823883312546,11.859722222222222,0,23.39999999999999,62.4,52.9,61.699999999999996
2023-03-12,75.1,49.9,61.7,48.1,63.9,0,0.0,17.7,10.62,152.3,1021.5,37.0,3.4,256.5,9,0.0,3,71,2023,1.0,6.123233995736766e-17,0.9398560579418954,0.3415707691678556,11.887222222222222,0,25.199999999999996,60.4,61.6,61.37142857142857
2023-03-13,76.9,53.5,63.5,50.4,65.4,0,0.0,17.7,13.9,217.5,1019.7,52.9,2.8,205.6,9,0.0,3,72,2023,1.0,6.123233995736766e-17,0.9455963874271426,0.3253420847119801,11.914722222222222,0,23.400000000000006,61.7,63.9,61.385714285714286
2023-03-14,75.1,53.5,63.5,49.5,63.7,100,4.17,28.9,17.2,277.5,1017.0,63.3,3.0,205.0,8,0.8,3,73,2023,1.0,6.123233995736766e-17,0.9510565162951535,0.30901699437494745,11.942222222222222,1,21.599999999999994,63.5,65.4,61.41428571428571
2023-03-15,75.1,51.7,62.6,43.5,51.8,0,0.0,20.8,11.4,170.0,1016.2,62.8,4.9,244.3,8,2.9,3,74,2023,1.0,6.123233995736766e-17,0.9562348265919056,0.29260033563334836,11.97,1,23.39999999999999,63.5,63.7,62.02857142857143
2023-03-16,75.1,51.7,62.2,48.3,62.5,0,0.0,18.6,13.9,219.7,1018.1,59.1,3.5,234.7,8,0.0,3,75,2023,1.0,6.123233995736766e-17,0.9611297838723007,0.27609697309746883,11.9975,0,23.39999999999999,62.6,51.8,62.32857142857143
2023-03-17,69.7,55.3,60.5,50.4,71.2,0,0.0,18.3,12.8,238.5,1019.3,81.7,2.8,209.3,8,6.6,3,76,2023,1.0,6.123233995736766e-17,0.9657399376548549,0.2595117970697999,12.025277777777777,1,14.400000000000006,62.2,62.5,62.05714285714286
2023-03-18,71.5,51.7,58.7,50.6,76.2,100,8.33,17.0,13.9,177.1,1017.8,72.8,3.4,188.2,8,3.0,3,77,2023,1.0,6.123233995736766e-17,0.970063921851507,0.2428497220959356,12.053055555555556,1,19.799999999999997,60.5,71.2,61.81428571428571
2023-03-19,69.7,51.7,59.7,50.5,73.6,0,0.0,14.8,11.4,185.8,1015.1,88.0,4.3,156.2,6,0.0,3,78,2023,1.0,6.123233995736766e-17,0.9741004551724205,0.22611568550828828,12.080833333333333,0,18.0,58.7,76.2,61.52857142857143
2023-03-20,66.1,53.5,57.3,51.6,82.5,100,8.33,13.9,9.2,209.5,1013.7,87.9,4.1,114.2,4,17.0,3,79,2023,1.0,6.123233995736766e-17,0.9778483415056568,0.20931464596304847,12.108333333333333,1,12.599999999999994,59.7,73.6,60.642857142857146
2023-03-21,64.3,51.7,57.7,50.9,79.5,100,4.17,16.8,8.1,155.9,1014.0,83.5,5.3,153.8,7,8.9,3,80,2023,1.0,6.123233995736766e-17,0.9813064702716093,0.19245158197082998,12.136111111111111,1,12.599999999999994,57.3,82.5,59.814285714285724
2023-03-22,69.7,53.5,61.3,48.3,64.7,100,4.17,20.1,20.1,279.6,1013.4,55.4,5.5,247.0,9,0.5,3,81,2023,1.0,6.123233995736766e-17,0.9844738167520922,0.1755314904214282,12.163611111111111,1,16.200000000000003,57.7,79.5,59.628571428571426
2023-03-23,71.5,51.7,60.9,49.3,67.4,0,0.0,19.0,17.2,216.3,1012.8,37.5,4.7,237.7,9,0.0,3,82,2023,1.0,6.123233995736766e-17,0.9873494423939864,0.15855938510313478,12.19138888888889,0,19.799999999999997,61.3,64.7,59.44285714285714
2023-03-24,75.1,53.5,63.3,49.8,63.8,0,0.0,19.9,20.1,216.8,1015.4,44.9,4.0,216.1,8,0.0,3,83,2023,1.0,6.123233995736766e-17,0.989932495087353,0.141540295217043,12.219166666666666,0,21.599999999999994,60.9,67.4,59.84285714285714
2023-03-25,75.1,51.7,63.2,47.9,60.4,0,0.0,30.0,17.2,305.3,1017.8,32.9,4.7,248.8,8,0.0,3,84,2023,1.0,6.123233995736766e-17,0.9922222094179323,0.12447926388678915,12.24638888888889,0,23.39999999999999,63.3,63.8,60.48571428571429
2023-03-26,78.7,51.7,64.7,41.7,49.5,0,0.0,28.0,12.8,254.5,1015.7,26.0,4.6,273.0,9,0.0,3,85,2023,1.0,6.123233995736766e-17,0.994217906893952,0.10738134666416309,12.274166666666666,0,27.0,63.2,60.4,61.2
2023-03-27,76.9,53.5,64.5,43.2,48.9,0,0.0,21.0,16.1,206.0,1014.0,44.9,4.4,258.7,9,0.0,3,86,2023,1.0,6.123233995736766e-17,0.995918996147179,0.09025161003104117,12.301666666666666,0,23.400000000000006,64.7,49.5,62.228571428571435
2023-03-28,76.9,51.7,64.5,42.0,47.0,0,0.0,16.6,15.0,194.3,1015.0,36.5,4.3,275.6,9,0.0,3,87,2023,1.0,6.123233995736766e-17,0.9973249731081555,0.07309512989807777,12.329166666666667,0,25.200000000000003,64.5,48.9,63.199999999999996
2023-03-29,76.9,51.7,64.3,44.3,50.7,0,0.0,18.1,17.2,209.5,1016.8,32.3,3.8,272.8,9,0.0,3,88,2023,1.0,6.123233995736766e-17,0.9984354211555643,0.055916990100603484,12.356666666666667,0,25.200000000000003,64.5,47.0,63.62857142857143
2023-03-30,75.1,51.9,64.8,46.0,53.3,0,0.0,21.7,15.0,207.7,1015.1,32.1,4.0,277.6,10,0.0,3,89,2023,1.0,6.123233995736766e-17,0.9992500112396835,0.03872228089217446,12.384166666666667,0,23.199999999999996,64.3,50.7,64.18571428571428
2023-03-31,71.5,53.5,58.6,50.6,76.0,0,0.0,19.0,15.0,154.2,1016.1,70.0,3.0,135.3,6,7.6,3,90,2023,1.0,6.123233995736766e-17,0.9997685019798909,0.021516097436222254,12.411666666666667,1,18.0,64.8,53.3,63.51428571428572
2023-04-01,66.1,49.9,56.7,50.2,80.4,100,4.17,17.9,17.2,147.4,1015.1,76.3,4.5,182.6,7,5.3,4,91,2023,0.8660254037844387,-0.49999999999999983,0.9999907397361901,0.004303538296244289,12.438888888888888,1,16.199999999999996,58.6,76.0,62.58571428571428
2023-04-02,69.7,48.1,57.6,49.0,75.4,0,0.0,20.8,15.0,230.4,1012.5,54.9,5.1,230.8,9,0.0,4,92,2023,0.8660254037844387,-0.49999999999999983,0.9999166586547379,-0.01291029607500882,12.466111111111111,0,21.6,56.7,80.4,61.57142857142857
2023-04-03,73.3,49.9,61.8,51.1,71.2,100,4.17,17.9,10.3,221.0,1012.2,44.9,4.9,239.8,8,0.3,4,93,2023,0.8660254037844387,-0.49999999999999983,0.9995462806873573,-0.030120304846908114,12.493333333333334,1,23.4,57.6,75.4,61.18571428571429
2023-04-04,76.9,51.7,63.4,49.6,65.2,100,4.17,25.7,18.3,349.4,1014.3,40.2,4.6,251.6,8,1.0,4,94,2023,0.8660254037844387,-0.49999999999999983,0.9988797155850336,-0.04732138832243185,12.520277777777778,1,25.200000000000003,61.8,71.2,61.028571428571425
2023-04-05,76.9,51.7,64.4,48.1,59.1,100,4.17,21.9,13.9,233.3,1014.0,29.7,4.9,290.1,10,0.5,4,95,2023,0.8660254037844387,-0.49999999999999983,0.9979171608653922,-0.06450844944931623,12.547777777777778,1,25.200000000000003,63.4,65.2,61.04285714285714
2023-04-06,78.7,53.5,66.0,46.0,52.3,0,0.0,22.6,12.8,224.9,1016.6,25.0,4.3,295.5,10,0.0,4,96,2023,0.8660254037844387,-0.49999999999999983,0.9966589017541702,-0.08167639533042241,12.574444444444444,0,25.200000000000003,64.4,59.1,61.214285714285715
2023-04-07,78.7,53.5,66.4,47.2,52.9,0,0.0,21.0,15.0,210.8,1019.0,29.7,3.8,309.4,10,0.0,4,97,2023,0.8660254037844387,-0.49999999999999983,0.9951053111006976,-0.09882013873287143,12.601666666666667,0,25.200000000000003,66.0,52.3,62.32857142857143
2023-04-08,80.5,55.3,67.5,47.9,52.8,0,0.0,23.0,13.9,206.0,1021.0,61.7,3.2,294.1,10,0.0,4,98,2023,0.8660254037844387,-0.49999999999999983,0.9932568492674143,-0.11593459959550041,12.62861111111111,0,25.200000000000003,66.4,52.9,63.871428571428574
2023-04-09,82.3,55.3,68.7,43.9,45.4,0,0.0,26.4,13.9,286.2,1020.5,30.8,3.5,285.4,10,0.0,4,99,2023,0.8660254037844387,-0.49999999999999983,0.9911140639934547,-0.1330147065341959,12.655,0,27.0,67.5,52.8,65.45714285714286
2023-04-10,80.5,53.5,68.6,41.7,40.0,0,0.0,21.7,10.3,240.6,1018.3,25.0,4.2,304.1,10,0.0,4,100,2023,0.8660254037844387,-0.49999999999999983,0.9886775902323405,-0.1500553983446526,12.681944444444444,0,27.0,68.7,45.4,66.42857142857143
2023-04-11,82.3,55.3,68.7,45.4,45.7,0,0.0,20.1,15.0,191.5,1017.7,32.3,2.8,299.4,10,0.0,4,101,2023,0.8660254037844387,-0.49999999999999983,0.9859481499638304,-0.16705162550211924,12.70861111111111,0,27.0,68.6,40.0,67.18571428571428
2023-04-12,84.1,57.1,69.4,45.6,45.9,0,0.0,23.0,11.4,242.6,1017.3,26.1,3.2,311.4,10,0.0,4,102,2023,0.8660254037844387,-0.49999999999999983,0.9829265519799822,-0.18399835165768005,12.735,0,26.999999999999993,68.7,45.7,67.89999999999999
2023-04-13,84.1,58.9,71.0,45.5,43.8,0,0.0,22.6,15.0,292.9,1016.3,37.5,2.9,296.3,10,0.0,4,103,2023,0.8660254037844387,-0.49999999999999983,0.9796136916454901,-0.20089055513063506,12.761388888888888,0,25.199999999999996,69.4,45.9,68.61428571428571
2023-04-14,84.1,58.9,71.0,47.8,46.4,0,0.0,22.8,11.4,250.2,1016.8,63.3,3.3,286.0,10,0.0,4,104,2023,0.8660254037844387,-0.49999999999999983,0.9760105506323683,-0.21772323039653177,12.7875,0,25.199999999999996,71.0,43.8,69.27142857142857
2023-04-15,84.1,60.7,72.0,52.9,53.5,0,0.0,18.1,11.4,272.4,1017.7,71.2,2.7,226.7,8,0.0,4,105,2023,0.8660254037844387,-0.49999999999999983,0.9721181966290613,-0.23449138957040985,12.813611111111111,0,23.39999999999999,71.0,46.4,69.91428571428571
2023-04-16,85.9,62.5,73.1,48.1,46.1,0,0.0,21.9,12.8,277.6,1015.5,63.8,2.7,279.8,9,0.0,4,106,2023,0.8660254037844387,-0.49999999999999983,0.9679377830240642,-0.25119006388481935,12.839722222222223,0,23.400000000000006,72.0,53.5,70.54285714285714
2023-04-17,85.9,58.9,72.9,44.5,39.1,0,0.0,21.0,11.4,313.8,1015.8,28.1,3.3,300.3,10,0.0,4,107,2023,0.8660254037844387,-0.49999999999999983,0.9634705485641488,-0.2678143051621742,12.865555555555556,0,27.000000000000007,73.1,46.1,71.15714285714286
2023-04-18,87.7,60.7,74.6,45.2,39.0,0,0.0,22.6,13.9,302.1,1017.0,25.0,3.2,290.0,10,0.0,4,108,2023,0.8660254037844387,-0.49999999999999983,0.9587178169872964,-0.2843591872810034,12.891388888888889,0,27.0,72.9,39.1,72.0
2023-04-19,87.7,61.6,74.7,47.0,40.0,0,0.0,23.0,12.8,274.4,1012.7,27.1,3.7,279.7,10,0.0,4,109,2023,0.8660254037844387,-0.49999999999999983,0.9536809966304457,-0.30081980763566735,12.916944444444445,0,26.1,74.6,39.0,72.75714285714285
2023-04-20,87.7,62.5,75.3,45.9,38.6,0,0.0,30.0,15.0,268.8,1010.0,29.2,3.4,282.2,10,0.2,4,110,2023,0.8660254037844387,-0.49999999999999983,0.9483615800121715,-0.3171912885891061,12.9425,1,25.200000000000003,74.7,40.0,73.37142857142855
2023-04-21,80.5,60.7,69.7,48.1,47.2,100,4.17,36.9,30.0,313.5,1011.6,62.8,3.7,197.9,6,0.3,4,111,2023,0.8660254037844387,-0.49999999999999983,0.9427611433904207,-0.3334687789181868,12.967777777777778,1,19.799999999999997,75.3,38.6,73.18571428571428
2023-04-22,80.5,55.3,68.9,44.8,46.2,0,0.0,20.1,12.8,216.1,1011.9,26.0,4.7,247.4,9,0.0,4,112,2023,0.8660254037844387,-0.49999999999999983,0.9368813462954315,-0.3496474552512284,12.992777777777778,0,25.200000000000003,69.7,47.2,72.74285714285715
2023-04-23,78.7,57.1,66.4,47.2,53.0,0,0.0,27.7,18.3,153.8,1014.5,53.3,3.8,268.6,10,0.0,4,113,2023,0.8660254037844387,-0.49999999999999983,0.9307239310379795,-0.36572252349726897,13.017777777777777,0,21.6,68.9,46.2,71.78571428571429
2023-04-24,64.3,55.3,58.6,51.6,78.0,100,8.33,15.7,10.3,94.5,1019.5,74.3,4.1,224.3,8,5.4,4,114,2023,0.8660254037844387,-0.49999999999999983,0.9242907221930934,-0.3816892202666588,13.0425,1,9.0,66.4,53.0,69.74285714285715
2023-04-25,76.9,51.7,61.3,50.8,71.0,100,4.17,17.2,12.8,131.7,1019.1,64.7,4.7,263.3,10,0.5,4,115,2023,0.8660254037844387,-0.49999999999999983,0.9175836260593937,-0.39754281428255595,13.066944444444445,1,25.200000000000003,58.6,78.0,67.84285714285714
2023-04-26,76.9,53.5,65.3,51.0,63.1,0,0.0,18.3,16.1,201.2,1016.9,57.0,4.2,274.1,9,0.0,4,116,2023,0.8660254037844387,-0.49999999999999983,0.9106046300942163,-0.4132786077829042,13.091666666666667,0,23.400000000000006,61.3,71.0,66.5
2023-04-27,76.9,57.1,67.5,52.5,60.9,0,0.0,16.8,12.8,217.1,1016.5,52.3,3.5,213.9,7,0.0,4,117,2023,0.8660254037844387,-0.49999999999999983,0.9033558023246845,-0.4288919379124835,13.115833333333333,0,19.800000000000004,65.3,63.1,65.38571428571429
2023-04-28,78.7,57.1,69.1,52.4,58.2,0,0.0,23.7,12.8,263.3,1016.5,38.6,3.8,282.9,10,0.0,4,118,2023,0.8660254037844387,-0.49999999999999983,0.895839290734909,-0.4443781781046132,13.139722222222222,0,21.6,67.5,60.9,65.3
2023-04-29,78.7,58.9,66.7,54.7,68.1,0,0.0,21.0,11.4,47.7,1016.3,67.4,3.7,224.8,8,31.5,4,119,2023,0.8660254037844387,-0.49999999999999983,0.8880573226294932,-0.45973273945210397,13.163611111111111,1,19.800000000000004,69.1,58.2,64.98571428571428
2023-04-30,69.7,57.1,61.5,57.2,86.0,100,8.33,15.7,12.8,107.3,1016.0,88.4,2.8,117.6,5,17.0,4,120,2023,0.8660254037844387,-0.49999999999999983,0.8800122039735357,-0.47495107206704995,13.187222222222223,1,12.600000000000001,66.7,68.1,64.28571428571429
2023-05-01,64.3,58.9,60.9,56.6,85.7,0,0.0,14.5,5.8,127.6,1016.2,84.8,3.2,196.0,7,5.8,5,121,2023,0.49999999999999994,-0.8660254037844387,0.8717063187093218,-0.49002866642905923,13.210555555555555,1,5.399999999999999,61.5,86.0,64.61428571428571
2023-05-02,66.1,55.3,60.6,55.5,84.0,0,0.0,15.2,5.8,145.7,1017.1,80.6,3.9,154.0,6,6.7,5,122,2023,0.49999999999999994,-0.8660254037844387,0.8631421280499114,-0.5049610547215204,13.233611111111111,1,10.799999999999997,60.9,85.7,64.5142857142857
2023-05-03,75.1,55.3,62.3,55.5,80.5,100,4.17,18.3,10.3,190.5,1018.2,83.3,3.9,204.0,7,3.4,5,123,2023,0.49999999999999994,-0.8660254037844387,0.854322169749827,-0.5197438121555155,13.256666666666666,1,19.799999999999997,60.6,84.0,64.08571428571427
2023-05-04,64.3,57.1,60.4,57.2,89.3,100,4.17,14.1,6.9,86.1,1017.2,80.0,3.4,166.1,6,10.4,5,124,2023,0.49999999999999994,-0.8660254037844387,0.8452490573530633,-0.5343725582809787,13.279444444444444,1,7.199999999999996,62.3,80.5,63.07142857142857
2023-05-05,76.9,55.3,65.7,55.2,71.7,0,0.0,19.7,12.8,267.4,1014.0,43.3,4.4,280.0,8,0.0,5,125,2023,0.49999999999999994,-0.8660254037844387,0.835925479418637,-0.548842958284719,13.301666666666666,0,21.60000000000001,60.4,89.3,62.58571428571429
2023-05-06,80.5,58.9,70.5,56.1,62.8,0,0.0,19.5,9.2,253.6,1012.3,31.3,5.0,289.0,9,0.0,5,126,2023,0.49999999999999994,-0.8660254037844387,0.8263541987239096,-0.5631507242749186,13.323611111111111,0,21.6,65.7,71.7,63.128571428571426
2023-05-07,82.3,60.7,71.7,54.6,57.1,0,0.0,17.9,15.0,250.4,1012.8,40.2,4.9,252.0,9,2.1,5,127,2023,0.49999999999999994,-0.8660254037844387,0.8165380514459161,-0.5772916165517272,13.345555555555556,1,21.599999999999994,70.5,62.8,64.58571428571429
2023-05-08,84.1,60.7,72.6,50.5,48.7,0,0.0,23.0,13.9,262.3,1013.2,33.3,5.1,276.8,9,0.0,5,128,2023,0.49999999999999994,-0.8660254037844387,0.8064799463209448,-0.5912614448635781,13.367222222222223,0,23.39999999999999,71.7,57.1,66.25714285714285
2023-05-09,84.1,58.9,72.6,46.2,43.1,0,0.0,25.5,13.9,313.1,1013.3,25.0,4.9,324.7,10,0.0,5,129,2023,0.49999999999999994,-0.8660254037844387,0.7961828637826158,-0.6050560696488488,13.388333333333334,0,25.199999999999996,72.6,48.7,67.97142857142858
2023-05-10,84.1,60.7,72.5,44.3,39.5,0,0.0,18.3,19.7,183.9,1013.0,30.2,5.1,283.9,10,0.0,5,130,2023,0.49999999999999994,-0.8660254037844387,0.7856498550787145,-0.6186714032625031,13.409444444444444,0,23.39999999999999,72.6,43.1,69.42857142857143
2023-05-11,82.3,58.9,71.3,40.2,34.9,0,0.0,17.9,11.4,181.1,1015.8,25.0,5.0,315.4,10,0.0,5,131,2023,0.49999999999999994,-0.8660254037844387,0.7748840413670407,-0.6321034111873487,13.43,0,23.4,72.5,39.5,70.98571428571428
2023-05-12,84.1,58.9,71.8,47.7,44.3,0,0.0,17.0,12.8,192.1,1016.4,27.1,4.1,331.3,10,0.0,5,132,2023,0.49999999999999994,-0.8660254037844387,0.7638886127905428,-0.6453481132295501,13.45,0,25.199999999999996,71.3,34.9,71.85714285714285
2023-05-13,84.1,62.5,73.2,56.7,58.0,0,0.0,17.4,11.4,219.5,1015.6,29.2,4.2,317.3,10,0.0,5,133,2023,0.49999999999999994,-0.8660254037844387,0.7526668275320084,-0.6584015846980488,13.47,0,21.599999999999994,71.8,44.3,72.24285714285715
2023-05-14,82.3,60.7,72.8,59.7,65.4,0,0.0,36.9,13.9,232.4,1012.0,66.4,3.4,287.0,9,0.0,5,134,2023,0.49999999999999994,-0.8660254037844387,0.741222010848596,-0.6712599575675313,13.489722222222222,0,21.599999999999994,73.2,58.0,72.39999999999999
2023-05-15,78.7,58.9,69.2,57.0,67.1,100,4.17,20.1,11.4,266.1,1011.3,51.7,4.6,238.0,8,19.8,5,135,2023,0.49999999999999994,-0.8660254037844387,0.7295575540864875,-0.6839194216246106,13.509166666666667,1,19.800000000000004,72.8,65.4,71.91428571428571
2023-05-16,80.5,60.7,69.5,58.3,69.4,100,4.17,20.6,9.2,9.6,1012.8,54.3,4.4,259.5,8,0.5,5,136,2023,0.49999999999999994,-0.8660254037844387,0.717676913675962,-0.6963762255968722,13.528055555555556,1,19.799999999999997,69.2,67.1,71.47142857142856
2023-05-17,82.3,60.7,68.6,60.8,78.0,100,8.33,18.8,16.1,125.9,1015.5,79.5,3.4,261.4,9,26.9,5,137,2023,0.49999999999999994,-0.8660254037844387,0.705583610107178,-0.7086266782644596,13.546388888888888,1,21.599999999999994,69.5,69.4,70.91428571428571
2023-05-18,78.7,57.8,67.6,60.2,78.5,100,8.33,23.0,10.3,245.7,1016.2,82.2,3.5,244.9,8,14.2,5,138,2023,0.49999999999999994,-0.8660254037844387,0.6932812268869777,-0.7206671495538609,13.564722222222223,1,20.900000000000006,68.6,78.0,70.38571428571429
2023-05-19,82.3,61.4,70.2,59.8,72.8,100,4.17,35.8,18.3,296.6,1014.3,69.3,4.5,250.8,8,7.9,5,139,2023,0.49999999999999994,-0.8660254037844387,0.6807734094770161,-0.7324940716135789,13.5825,1,20.9,67.6,78.5,70.15714285714286
2023-05-20,80.5,57.1,68.1,56.1,67.2,100,4.17,23.0,12.8,253.1,1014.0,50.2,4.5,259.0,8,3.9,5,140,2023,0.49999999999999994,-0.8660254037844387,0.6680638642135335,-0.7441039398713607,13.599722222222223,1,23.4,70.2,72.8,69.42857142857142
2023-05-21,80.5,58.9,70.1,58.5,68.2,100,4.17,18.3,13.9,198.7,1015.3,53.8,4.5,276.8,9,3.0,5,141,2023,0.49999999999999994,-0.8660254037844387,0.6551563572090853,-0.7554933140726803,13.616666666666667,1,21.6,68.1,67.2,69.04285714285714
2023-05-22,82.3,66.1,73.6,62.4,69.3,0,0.0,17.9,10.3,240.7,1016.0,62.7,4.0,275.1,9,0.0,5,142,2023,0.49999999999999994,-0.8660254037844387,0.6420547132365637,-0.766658819300159,13.633333333333333,0,16.200000000000003,70.1,68.2,69.67142857142856
2023-05-23,78.7,66.1,72.3,63.2,74.4,100,4.17,16.1,12.8,140.7,1015.3,61.7,4.4,257.1,8,1.5,5,143,2023,0.49999999999999994,-0.8660254037844387,0.6287628145958344,-0.777597146973627,13.649444444444445,1,12.600000000000009,73.6,69.3,70.07142857142857
2023-05-24,82.3,66.1,72.2,61.7,70.9,0,0.0,14.5,13.9,289.6,1014.8,64.8,4.7,274.0,9,0.0,5,144,2023,0.49999999999999994,-0.8660254037844387,0.6152845999633276,-0.7883050558305255,13.665,0,16.200000000000003,72.3,74.4,70.58571428571427
2023-05-25,76.9,61.4,67.6,60.8,79.6,100,8.33,20.8,12.8,241.2,1013.3,57.8,5.2,173.9,8,6.6,5,145,2023,0.49999999999999994,-0.8660254037844387,0.6016240632249226,-0.7987793728863649,13.680277777777778,1,15.500000000000007,72.2,70.9,70.58571428571429
2023-05-26,76.9,58.9,68.1,59.1,74.8,100,4.17,16.1,10.3,173.8,1013.9,62.8,5.3,224.7,7,0.0,5,146,2023,0.49999999999999994,-0.8660254037844387,0.5877852522924732,-0.8090169943749473,13.695277777777777,0,18.000000000000007,67.6,79.6,70.28571428571428
2023-05-27,76.9,62.5,68.2,60.6,78.1,100,8.33,17.9,17.2,212.4,1013.7,78.0,4.7,240.0,8,17.8,5,147,2023,0.49999999999999994,-0.8660254037844387,0.5737722679043246,-0.8190148866680801,13.709444444444445,1,14.400000000000006,68.1,74.8,70.3
2023-05-28,76.9,60.7,68.8,59.4,74.2,100,4.17,17.2,9.2,239.5,1015.5,63.8,4.8,239.8,9,9.9,5,148,2023,0.49999999999999994,-0.8660254037844387,0.5595892624101765,-0.8287700871745037,13.723333333333333,1,16.200000000000003,68.2,78.1,70.11428571428571
2023-05-29,82.3,62.5,72.8,61.9,70.5,0,0.0,13.9,9.2,266.0,1017.4,34.4,4.9,248.7,8,0.0,5,149,2023,0.49999999999999994,-0.8660254037844387,0.545240438540651,-0.8382797052177743,13.736666666666666,0,19.799999999999997,68.8,74.2,70.0
2023-05-30,85.9,64.3,75.9,62.4,65.5,0,0.0,18.6,9.2,250.7,1016.9,29.2,5.0,292.8,10,0.0,5,150,2023,0.49999999999999994,-0.8660254037844387,0.5307300481619334,-0.8475409228928311,13.749444444444444,0,21.60000000000001,72.8,70.5,70.51428571428572
2023-05-31,85.9,67.9,77.4,60.0,56.8,0,0.0,21.7,12.8,288.3,1015.0,37.0,5.1,298.8,9,0.0,5,151,2023,0.49999999999999994,-0.8660254037844387,0.5160623910158528,-0.8565509959010036,13.761666666666667,0,18.0,75.9,65.5,71.25714285714285
2023-06-01,87.7,67.9,77.3,58.3,54.3,0,0.0,19.2,13.9,210.8,1012.6,27.1,5.3,277.6,9,0.0,6,152,2023,1.2246467991473532e-16,-1.0,0.5012418134457758,-0.865307254363206,13.77361111111111,0,19.799999999999997,77.4,56.8,72.64285714285714
2023-06-02,85.9,66.1,76.8,57.4,53.2,0,0.0,21.7,13.9,201.9,1012.1,33.3,5.1,296.0,9,0.0,6,153,2023,1.2246467991473532e-16,-1.0,0.48627270710869,-0.8738071036110808,13.785277777777777,0,19.80000000000001,77.3,54.3,73.88571428571429
2023-06-03,85.9,66.1,76.2,56.1,51.9,0,0.0,18.3,16.1,195.3,1013.6,32.3,5.2,269.3,9,0.0,6,154,2023,1.2246467991473532e-16,-1.0,0.4711595076738638,-0.8820480249558537,13.796111111111111,0,19.80000000000001,76.8,53.2,75.02857142857142
2023-06-04,85.9,66.1,76.3,56.4,51.9,0,0.0,17.7,13.9,185.5,1013.6,29.2,5.5,296.2,9,0.0,6,155,2023,1.2246467991473532e-16,-1.0,0.4559066935084588,-0.8900275764346767,13.80638888888889,0,19.80000000000001,76.2,51.9,76.10000000000001
2023-06-05,84.1,67.9,76.0,58.3,55.4,0,0.0,16.1,12.8,285.7,1013.3,50.2,5.2,256.1,8,0.0,6,156,2023,1.2246467991473532e-16,-1.0,0.440518784350495,-0.8977433935342337,13.81611111111111,0,16.19999999999999,76.3,51.9,76.55714285714285
2023-06-06,85.9,67.9,75.3,57.6,55.5,0,0.0,18.8,17.2,177.0,1012.7,56.5,4.9,288.4,9,0.0,6,157,2023,1.2246467991473532e-16,-1.0,0.42500033996955416,-0.9051931898913974,13.825277777777778,0,18.0,76.0,55.4,76.47142857142858
2023-06-07,85.9,66.1,76.4,58.8,55.7,0,0.0,14.8,16.1,202.6,1012.3,36.5,4.9,283.5,9,0.0,6,158,2023,1.2246467991473532e-16,-1.0,0.4093559588156213,-0.9123747579707273,13.83388888888889,0,19.80000000000001,75.3,55.5,76.32857142857142
2023-06-08,87.7,67.9,78.7,60.1,55.0,0,0.0,16.3,10.3,311.3,1011.7,37.0,4.6,284.8,9,0.3,6,159,2023,1.2246467991473532e-16,-1.0,0.39359027665646673,-0.9192859697186104,13.841944444444444,1,19.799999999999997,76.4,55.7,76.52857142857144
2023-06-09,87.7,67.0,79.3,60.7,54.5,0,0.0,18.1,12.8,212.5,1009.2,52.1,5.0,260.8,9,0.0,6,160,2023,1.2246467991473532e-16,-1.0,0.3777079652039649,-0.9259247771938498,13.849444444444444,0,20.700000000000003,78.7,55.0,76.88571428571429
2023-06-10,85.9,69.7,78.7,62.9,59.5,0,0.0,16.1,17.2,218.1,1008.2,49.6,4.6,281.6,9,0.0,6,161,2023,1.2246467991473532e-16,-1.0,0.36171373072976765,-0.9322892131745133,13.856388888888889,0,16.200000000000003,79.3,54.5,77.24285714285715
2023-06-11,85.9,71.5,78.5,65.1,64.3,0,0.0,21.5,12.8,242.5,1007.4,70.6,4.3,254.8,8,0.0,6,162,2023,1.2246467991473532e-16,-1.0,0.3456123126707335,-0.9383773917408641,13.863055555555556,0,14.400000000000006,78.7,59.5,77.55714285714286
2023-06-12,84.1,67.9,75.2,67.4,77.6,100,8.33,19.5,12.8,216.4,1007.5,78.0,4.3,237.7,9,29.5,6,163,2023,1.2246467991473532e-16,-1.0,0.3294084822245304,-0.9441875088341993,13.86888888888889,1,16.19999999999999,78.5,64.3,77.44285714285715
2023-06-13,85.9,67.9,74.5,67.8,81.3,100,4.17,18.8,17.2,76.5,1006.8,78.5,4.3,218.9,7,15.0,6,164,2023,1.2246467991473532e-16,-1.0,0.3131070409358269,-0.9497178427914316,13.874166666666667,1,18.0,75.2,77.6,77.32857142857144
2023-06-14,82.3,65.2,72.4,67.1,84.8,100,4.17,30.2,10.3,238.2,1005.9,87.2,5.0,111.1,4,52.6,6,165,2023,1.2246467991473532e-16,-1.0,0.29671281927349075,-0.9549667548552551,13.87861111111111,1,17.099999999999994,74.5,81.3,76.75714285714285
2023-06-15,84.1,67.9,75.3,66.8,77.0,100,4.17,25.1,11.4,337.0,1006.8,70.0,4.3,242.6,8,36.1,6,166,2023,1.2246467991473532e-16,-1.0,0.28023067519921585,-0.9599326896597447,13.882777777777777,1,16.19999999999999,72.4,84.8,76.27142857142857
2023-06-16,85.9,67.0,77.3,66.1,69.6,0,0.0,18.1,11.4,294.7,1006.9,56.4,4.9,252.3,8,4.2,6,167,2023,1.2246467991473532e-16,-1.0,0.26366549272800704,-0.9646141756912435,13.886388888888888,1,18.900000000000006,75.3,77.0,75.98571428571428
2023-06-17,102.1,69.7,79.4,66.4,66.4,0,0.0,21.5,13.9,281.9,1009.2,50.1,4.7,239.3,8,0.0,6,168,2023,1.2246467991473532e-16,-1.0,0.24702218048093552,-0.9690098257244062,13.889166666666666,0,32.39999999999999,77.3,69.6,76.08571428571429
2023-06-18,85.9,67.2,76.8,67.9,76.9,100,4.17,28.6,17.2,308.7,1010.4,67.5,5.1,246.2,8,9.4,6,169,2023,1.2246467991473532e-16,-1.0,0.23030567023061221,-0.9731183372332619,13.891666666666667,1,18.700000000000003,79.4,66.4,75.84285714285714
2023-06-19,85.9,69.7,76.5,68.4,78.0,100,4.17,25.5,15.0,288.9,1010.2,75.8,4.6,237.7,8,18.0,6,170,2023,1.2246467991473532e-16,-1.0,0.21352091543979612,-0.9769384927771817,13.893055555555556,1,16.200000000000003,76.8,76.9,76.02857142857144
2023-06-20,84.1,67.9,76.2,67.1,74.9,100,4.17,30.0,16.1,269.8,1010.4,60.1,4.8,197.2,7,10.9,6,171,2023,1.2246467991473532e-16,-1.0,0.19667288979357647,-0.980469160361632,13.894444444444444,1,16.19999999999999,76.5,78.0,76.27142857142857
2023-06-21,87.7,69.7,78.3,66.9,69.2,0,0.0,23.9,11.4,255.5,1010.5,59.0,5.2,221.3,8,4.2,6,172,2023,1.2246467991473532e-16,-1.0,0.1797665857255624,-0.9837092937736097,13.895,1,18.0,76.2,74.9,77.11428571428571
2023-06-22,84.1,71.5,77.5,68.9,75.7,0,0.0,19.9,12.8,257.2,1011.0,80.1,4.7,225.1,7,3.3,6,173,2023,1.2246467991473532e-16,-1.0,0.16280701293851715,-0.986657932891657,13.895,1,12.599999999999994,78.3,69.2,77.42857142857143
2023-06-23,87.7,71.5,77.8,69.9,77.6,100,4.17,15.4,13.9,222.5,1011.0,81.7,4.6,212.7,7,12.5,6,174,2023,1.2246467991473532e-16,-1.0,0.1457991969198751,-0.9893142039703663,13.894166666666667,1,16.200000000000003,77.5,75.7,77.5
2023-06-24,84.1,69.7,76.2,68.7,78.7,100,4.17,15.4,16.1,229.6,1011.2,89.0,5.1,118.8,6,15.0,6,175,2023,1.2246467991473532e-16,-1.0,0.12874817745258132,-0.99167731989929,13.892777777777777,1,14.399999999999991,77.8,77.6,77.04285714285713
2023-06-25,82.3,73.3,76.8,69.6,78.9,0,0.0,19.0,11.4,208.4,1011.5,86.4,5.3,191.1,7,17.8,6,176,2023,1.2246467991473532e-16,-1.0,0.11165900712169512,-0.993746580436178,13.890833333333333,1,9.0,76.2,78.7,77.04285714285716
2023-06-26,84.1,71.5,76.1,69.4,80.3,100,4.17,15.4,10.3,218.2,1011.3,83.3,4.8,179.0,6,0.3,6,177,2023,1.2246467991473532e-16,-1.0,0.09453674981719912,-0.9955213724144752,13.888333333333334,1,12.599999999999994,76.8,78.9,76.98571428571428
2023-06-27,78.7,69.7,73.8,69.6,87.1,100,8.33,17.4,11.4,236.7,1010.7,88.0,4.4,201.9,6,15.5,6,178,2023,1.2246467991473532e-16,-1.0,0.07738647923346301,-0.9970011699250151,13.885277777777778,1,9.0,76.1,80.3,76.64285714285714
2023-06-28,82.3,71.5,75.2,69.3,82.8,0,0.0,21.5,15.0,176.6,1011.7,84.8,5.0,143.7,5,2.8,6,179,2023,1.2246467991473532e-16,-1.0,0.06021327736579302,-0.9981855344718586,13.881944444444445,1,10.799999999999997,73.8,87.1,76.2
2023-06-29,82.3,71.5,75.0,69.2,83.0,100,8.33,23.5,10.3,162.9,1011.2,88.0,4.9,125.3,6,2.3,6,180,2023,1.2246467991473532e-16,-1.0,0.04302223300453059,-0.99907411510223,13.8775,1,10.799999999999997,75.2,82.8,75.84285714285714
2023-06-30,78.7,69.7,72.6,68.7,88.0,100,8.33,17.4,9.2,184.6,1010.9,89.5,4.9,90.7,3,8.1,6,181,2023,1.2246467991473532e-16,-1.0,0.02581844022713308,-0.9996666485105112,13.872777777777777,1,9.0,75.0,83.0,75.10000000000001
2023-07-01,78.7,69.7,73.3,69.3,87.5,100,4.17,11.4,9.2,122.9,1011.2,86.4,4.5,71.1,3,4.3,7,182,2023,-0.4999999999999998,-0.8660254037844388,0.008606996888688698,-0.9999629591162655,13.8675,1,9.0,72.6,88.0,74.68571428571428
2023-07-02,82.3,71.1,75.1,69.5,83.3,100,4.17,15.7,10.3,213.2,1010.3,89.0,5.3,162.2,6,0.0,7,183,2023,-0.4999999999999998,-0.8660254037844388,-0.008606996888688009,-0.9999629591162655,13.86138888888889,0,11.200000000000003,73.3,87.5,74.44285714285715
2023-07-03,80.5,71.5,74.6,70.1,86.2,100,8.33,15.7,10.3,187.2,1010.6,88.0,4.2,96.2,4,10.4,7,184,2023,-0.4999999999999998,-0.8660254037844388,-0.02581844022713239,-0.9996666485105112,13.855,1,9.0,75.1,83.3,74.22857142857141
2023-07-04,80.5,69.2,73.1,69.6,89.3,100,8.33,12.5,5.8,117.4,1010.4,90.6,3.9,125.2,6,38.9,7,185,2023,-0.4999999999999998,-0.8660254037844388,-0.04302223300453034,-0.99907411510223,13.8475,1,11.299999999999997,74.6,86.2,74.12857142857142
2023-07-05,80.5,69.7,73.5,69.0,86.6,100,8.33,12.5,10.3,98.1,1010.7,79.5,4.6,121.7,6,26.7,7,186,2023,-0.4999999999999998,-0.8660254037844388,-0.060213277365792774,-0.9981855344718586,13.84,1,10.799999999999997,73.1,89.3,73.88571428571427
2023-07-06,84.1,71.5,76.6,68.5,76.6,100,4.17,15.4,13.9,208.8,1011.5,80.6,5.0,184.9,7,0.0,7,187,2023,-0.4999999999999998,-0.8660254037844388,-0.07738647923346322,-0.9970011699250151,13.831666666666667,0,12.599999999999994,73.5,86.6,74.11428571428571
2023-07-07,82.3,71.5,76.8,69.8,79.6,100,4.17,24.2,12.8,196.7,1012.4,83.3,4.9,153.5,5,3.3,7,188,2023,-0.4999999999999998,-0.8660254037844388,-0.09453674981719933,-0.9955213724144752,13.823055555555555,1,10.799999999999997,76.6,76.6,74.71428571428571
2023-07-08,84.1,69.7,75.9,68.3,78.1,100,4.17,17.4,10.44,203.8,1013.8,77.0,5.4,126.1,6,0.5,7,189,2023,-0.4999999999999998,-0.8660254037844388,-0.11165900712169444,-0.9937465804361781,13.813888888888888,1,14.399999999999991,76.8,79.6,75.08571428571429
2023-07-09,84.1,71.5,76.8,69.8,79.7,100,4.17,15.0,10.3,211.6,1012.8,88.0,4.9,123.7,5,0.3,7,190,2023,-0.4999999999999998,-0.8660254037844388,-0.12874817745258066,-0.99167731989929,13.803888888888888,1,12.599999999999994,75.9,78.1,75.32857142857142
2023-07-10,84.1,71.5,76.8,69.9,80.2,0,0.0,15.0,11.4,189.8,1012.0,88.0,4.4,164.4,6,0.0,7,191,2023,-0.4999999999999998,-0.8660254037844388,-0.14579919691987442,-0.9893142039703664,13.793611111111112,0,12.599999999999994,76.8,79.7,75.64285714285714
2023-07-11,84.1,71.5,76.5,70.2,82.0,100,8.33,15.9,8.1,95.6,1011.6,88.0,4.1,175.7,6,36.1,7,192,2023,-0.4999999999999998,-0.8660254037844388,-0.16280701293851646,-0.9866579328916572,13.7825,1,12.599999999999994,76.8,80.2,76.12857142857142
2023-07-12,82.3,71.5,75.8,70.7,85.0,100,4.17,15.7,11.4,203.7,1011.4,88.0,4.1,119.1,6,1.8,7,193,2023,-0.4999999999999998,-0.8660254037844388,-0.17976658572556214,-0.9837092937736098,13.77111111111111,1,10.799999999999997,76.5,82.0,76.45714285714284
2023-07-13,80.5,69.7,73.7,70.2,89.5,100,8.33,17.7,10.3,275.0,1011.8,88.0,3.7,160.4,6,21.1,7,194,2023,-0.4999999999999998,-0.8660254037844388,-0.19667288979357622,-0.9804691603616321,13.759166666666667,1,10.799999999999997,75.8,85.0,76.04285714285713
2023-07-14,80.5,69.7,73.0,69.9,90.5,100,8.33,13.2,5.8,107.8,1012.1,90.0,3.7,143.3,6,9.3,7,195,2023,-0.4999999999999998,-0.8660254037844388,-0.2135209154397959,-0.9769384927771817,13.746666666666666,1,10.799999999999997,73.7,89.5,75.5
2023-07-15,80.5,69.7,75.4,69.9,83.6,100,8.33,13.0,8.1,222.7,1011.8,88.0,4.4,155.2,6,31.5,7,196,2023,-0.4999999999999998,-0.8660254037844388,-0.23030567023061196,-0.973118337233262,13.733888888888888,1,10.799999999999997,73.0,90.5,75.42857142857143
2023-07-16,80.5,71.5,75.3,70.2,84.8,100,4.17,15.7,10.3,239.5,1010.9,86.4,4.3,194.7,8,1.0,7,197,2023,-0.4999999999999998,-0.8660254037844388,-0.24702218048093527,-0.9690098257244063,13.720555555555556,1,9.0,75.4,83.6,75.21428571428571
2023-07-17,80.5,69.7,73.6,70.2,90.0,100,8.33,13.9,10.3,167.5,1010.6,89.4,4.0,145.8,6,15.0,7,198,2023,-0.4999999999999998,-0.8660254037844388,-0.2636654927280072,-0.9646141756912435,13.706666666666667,1,10.799999999999997,75.3,84.8,74.75714285714285
2023-07-18,82.3,67.9,73.0,69.3,89.1,100,8.33,15.9,5.8,179.1,1011.5,88.0,4.3,119.1,5,66.3,7,199,2023,-0.4999999999999998,-0.8660254037844388,-0.2802306751992161,-0.9599326896597445,13.692222222222222,1,14.399999999999991,73.6,90.0,74.25714285714285
2023-07-19,85.9,71.5,76.1,70.0,83.0,100,8.33,15.0,10.3,213.3,1010.8,88.0,4.7,192.3,9,2.8,7,200,2023,-0.4999999999999998,-0.8660254037844388,-0.2967128192734901,-0.9549667548552553,13.677777777777777,1,14.400000000000006,73.0,89.1,74.3
2023-07-20,85.9,71.5,77.0,71.4,83.7,100,4.17,14.3,11.4,154.9,1010.3,72.7,4.8,239.2,9,2.8,7,201,2023,-0.4999999999999998,-0.8660254037844388,-0.3131070409358267,-0.9497178427914317,13.6625,1,14.400000000000006,76.1,83.0,74.77142857142857
2023-07-21,84.1,71.5,76.0,70.7,84.4,100,8.33,14.3,11.4,199.7,1013.0,84.8,4.3,232.7,8,9.7,7,202,2023,-0.4999999999999998,-0.8660254037844388,-0.3294084822245302,-0.9441875088341994,13.646666666666667,1,12.599999999999994,77.0,83.7,75.2
2023-07-22,84.1,71.5,75.9,69.9,83.3,100,4.17,25.3,13.9,176.7,1016.3,83.3,4.4,203.2,7,3.0,7,203,2023,-0.4999999999999998,-0.8660254037844388,-0.3456123126707333,-0.9383773917408642,13.630833333333333,1,12.599999999999994,76.0,84.4,75.27142857142857
2023-07-23,84.1,69.7,75.0,70.8,87.8,100,8.33,15.7,10.3,168.8,1015.7,84.8,4.4,201.8,7,2.5,7,204,2023,-0.4999999999999998,-0.8660254037844388,-0.3617137307297674,-0.9322892131745134,13.614166666666666,1,14.399999999999991,75.9,83.3,75.22857142857143
2023-07-24,82.3,69.7,74.8,69.2,83.5,100,8.33,15.4,10.3,195.1,1013.1,84.8,4.4,179.3,7,2.3,7,205,2023,-0.4999999999999998,-0.8660254037844388,-0.37770796520396466,-0.9259247771938499,13.597222222222221,1,12.599999999999994,75.0,87.8,75.39999999999999
2023-07-25,78.7,69.5,72.6,68.9,89.0,100,8.33,14.5,8.1,80.3,1013.8,91.0,4.2,110.9,4,21.1,7,206,2023,-0.4999999999999998,-0.8660254037844388,-0.39359027665646645,-0.9192859697186105,13.58,1,9.200000000000003,74.8,83.5,75.34285714285714
2023-07-26,80.5,69.7,74.9,68.6,81.5,0,0.0,12.3,9.2,230.5,1013.9,88.0,4.7,168.2,6,6.6,7,207,2023,-0.4999999999999998,-0.8660254037844388,-0.4093559588156211,-0.9123747579707274,13.562222222222223,1,10.799999999999997,72.6,89.0,75.17142857142858
2023-07-27,82.3,69.7,74.7,69.3,83.9,100,8.33,15.4,9.2,265.7,1012.5,86.4,4.6,175.1,6,6.4,7,208,2023,-0.4999999999999998,-0.8660254037844388,-0.42500033996955394,-0.9051931898913975,13.544444444444444,1,12.599999999999994,74.9,81.5,74.84285714285714
2023-07-28,84.1,69.7,74.4,69.9,86.5,100,8.33,12.5,8.1,233.1,1009.7,87.4,4.3,174.1,6,11.2,7,209,2023,-0.4999999999999998,-0.8660254037844388,-0.4405187843504952,-0.8977433935342336,13.525833333333333,1,14.399999999999991,74.7,83.9,74.61428571428571
2023-07-29,78.7,69.7,74.3,70.5,88.4,100,8.33,14.5,10.3,222.3,1009.1,88.0,4.4,94.5,3,14.5,7,210,2023,-0.4999999999999998,-0.8660254037844388,-0.455906693508459,-0.8900275764346766,13.507222222222222,1,9.0,74.4,86.5,74.38571428571429
2023-07-30,80.5,71.5,74.4,70.7,88.5,100,8.33,15.7,11.4,226.2,1008.3,81.7,4.5,174.6,7,11.9,7,211,2023,-0.4999999999999998,-0.8660254037844388,-0.47115950767386394,-0.8820480249558535,13.488055555555556,1,9.0,74.3,88.4,74.3
2023-07-31,84.1,69.7,76.3,71.4,85.5,100,4.17,16.6,9.2,179.7,1007.3,83.3,4.9,229.3,9,0.0,7,212,2023,-0.4999999999999998,-0.8660254037844388,-0.4862727071086902,-0.8738071036110807,13.46861111111111,0,14.399999999999991,74.4,88.5,74.51428571428572
2023-08-01,85.9,69.7,76.3,71.4,86.3,100,4.17,16.8,15.0,188.4,1007.2,86.4,4.6,190.8,8,1.0,8,213,2023,-0.8660254037844384,-0.5000000000000004,-0.5012418134457756,-0.8653072543632061,13.448888888888888,1,16.200000000000003,76.3,85.5,75.04285714285713
2023-08-02,84.1,71.5,76.5,71.0,84.1,100,4.17,13.6,12.8,267.8,1007.4,88.0,5.0,166.8,6,17.8,8,214,2023,-0.8660254037844384,-0.5000000000000004,-0.5160623910158526,-0.8565509959010037,13.428888888888888,1,12.599999999999994,76.3,86.3,75.27142857142857
2023-08-03,82.3,73.3,76.5,71.4,84.8,100,4.17,13.4,12.8,214.1,1007.6,86.4,5.0,152.9,5,2.0,8,215,2023,-0.8660254037844384,-0.5000000000000004,-0.5307300481619331,-0.8475409228928312,13.408333333333333,1,9.0,76.5,84.1,75.52857142857142
2023-08-04,82.3,71.5,76.0,70.2,82.6,0,0.0,17.9,12.8,197.5,1010.0,83.3,5.4,52.1,2,0.0,8,216,2023,-0.8660254037844384,-0.5000000000000004,-0.5452404385406507,-0.8382797052177745,13.3875,0,10.799999999999997,76.5,84.8,75.75714285714285
2023-08-05,82.3,71.5,74.9,69.4,83.8,100,4.17,14.3,12.8,205.7,1011.3,86.4,4.6,122.9,4,2.0,8,217,2023,-0.8660254037844384,-0.5000000000000004,-0.5595892624101763,-0.828770087174504,13.366388888888888,1,10.799999999999997,76.0,82.6,75.84285714285714
2023-08-06,75.1,69.7,72.3,70.1,93.1,100,8.33,13.2,8.1,356.8,1008.6,88.0,3.9,132.9,6,18.5,8,218,2023,-0.8660254037844384,-0.5000000000000004,-0.5737722679043243,-0.8190148866680802,13.345,1,5.3999999999999915,74.9,83.8,75.54285714285713
2023-08-07,80.5,69.7,72.9,70.7,93.4,100,8.33,15.0,10.3,144.7,1005.3,88.5,3.6,96.1,4,14.2,8,219,2023,-0.8660254037844384,-0.5000000000000004,-0.5877852522924734,-0.8090169943749472,13.323611111111111,1,10.799999999999997,72.3,93.1,75.05714285714285
2023-08-08,78.7,69.7,73.4,70.4,90.9,100,8.33,17.2,8.1,170.3,1007.3,92.0,4.1,34.2,1,64.0,8,220,2023,-0.8660254037844384,-0.5000000000000004,-0.6016240632249227,-0.7987793728863648,13.301944444444445,1,9.0,72.9,93.4,74.64285714285714
2023-08-09,80.5,71.5,74.7,71.0,88.7,100,4.17,15.4,8.1,240.2,1010.7,88.0,4.2,141.0,6,6.4,8,221,2023,-0.8660254037844384,-0.5000000000000004,-0.6152845999633277,-0.7883050558305253,13.279722222222222,1,9.0,73.4,90.9,74.38571428571429
2023-08-10,82.3,71.5,75.8,70.2,83.6,100,4.17,15.0,13.9,203.5,1012.5,81.7,5.1,144.2,6,0.0,8,222,2023,-0.8660254037844384,-0.5000000000000004,-0.6287628145958345,-0.7775971469736268,13.257222222222222,0,10.799999999999997,74.7,88.7,74.28571428571429
2023-08-11,84.1,71.5,75.8,70.5,84.3,100,4.17,15.0,13.9,183.4,1012.0,86.4,4.4,159.4,7,2.3,8,223,2023,-0.8660254037844384,-0.5000000000000004,-0.6420547132365636,-0.7666588193001592,13.234722222222222,1,12.599999999999994,75.8,83.6,74.25714285714285
2023-08-12,78.7,71.5,73.0,71.8,96.3,100,8.33,14.1,6.9,276.7,1009.8,88.0,3.7,81.4,6,49.8,8,224,2023,-0.8660254037844384,-0.5000000000000004,-0.655156357209085,-0.7554933140726804,13.211944444444445,1,7.200000000000003,75.8,84.3,73.98571428571428
2023-08-13,71.5,67.9,70.0,69.1,97.0,100,8.33,19.0,9.2,177.7,1010.4,93.0,3.4,32.6,2,38.6,8,225,2023,-0.8660254037844384,-0.5000000000000004,-0.6680638642135333,-0.7441039398713608,13.188888888888888,1,3.5999999999999943,73.0,96.3,73.65714285714286
2023-08-14,75.1,67.9,71.2,67.1,87.5,100,4.17,15.0,5.8,284.0,1013.3,88.0,4.0,136.8,7,11.0,8,226,2023,-0.8660254037844384,-0.5000000000000004,-0.6807734094770159,-0.7324940716135792,13.165555555555555,1,7.199999999999989,70.0,97.0,73.41428571428573
2023-08-15,84.1,67.9,75.1,69.0,82.4,0,0.0,16.8,13.9,270.3,1012.6,74.3,4.3,189.6,7,0.0,8,227,2023,-0.8660254037844384,-0.5000000000000004,-0.6932812268869771,-0.7206671495538615,13.141944444444444,0,16.19999999999999,71.2,87.5,73.65714285714286
2023-08-16,82.3,69.7,75.9,70.1,82.8,0,0.0,15.7,8.1,243.1,1012.0,75.4,4.4,201.5,6,4.4,8,228,2023,-0.8660254037844384,-0.5000000000000004,-0.7055836101071774,-0.7086266782644601,13.118333333333334,1,12.599999999999994,75.1,82.4,73.82857142857142
2023-08-17,87.7,71.5,77.9,69.9,77.6,100,4.17,18.6,10.3,197.5,1012.5,80.1,5.1,224.8,9,0.0,8,229,2023,-0.8660254037844384,-0.5000000000000004,-0.7176769136759615,-0.6963762255968726,13.094166666666666,0,16.200000000000003,75.9,82.8,74.12857142857142
2023-08-18,84.1,71.5,76.1,70.5,83.3,100,4.17,14.5,8.1,193.6,1013.3,78.5,4.6,190.4,7,7.1,8,230,2023,-0.8660254037844384,-0.5000000000000004,-0.7295575540864876,-0.6839194216246105,13.070277777777777,1,12.599999999999994,77.9,77.6,74.17142857142858
2023-08-19,85.9,73.3,77.4,70.7,80.8,100,4.17,15.0,12.8,207.5,1013.7,88.0,4.6,187.6,7,0.3,8,231,2023,-0.8660254037844384,-0.5000000000000004,-0.7412220108485957,-0.6712599575675315,13.046111111111111,1,12.600000000000009,76.1,83.3,74.8
2023-08-20,84.1,71.5,76.0,69.2,80.5,100,4.17,13.9,11.4,183.5,1014.3,78.5,4.6,144.5,6,1.5,8,232,2023,-0.8660254037844384,-0.5000000000000004,-0.7526668275320083,-0.6584015846980489,13.021666666666667,1,12.599999999999994,77.4,80.8,75.65714285714286
2023-08-21,75.1,67.9,70.8,69.6,96.1,100,8.33,9.8,6.9,161.1,1013.0,93.0,3.1,54.8,2,41.9,8,233,2023,-0.8660254037844384,-0.5000000000000004,-0.7638886127905429,-0.64534811322955,12.996944444444445,1,7.199999999999989,76.0,80.5,75.60000000000001
2023-08-22,80.5,67.9,71.7,68.4,90.2,100,4.17,11.4,10.3,168.4,1012.3,90.5,4.1,103.5,5,7.1,8,234,2023,-0.8660254037844384,-0.5000000000000004,-0.7748840413670406,-0.6321034111873488,12.971944444444444,1,12.599999999999994,70.8,96.1,75.11428571428571
2023-08-23,73.3,67.9,70.1,69.3,97.3,100,8.33,11.2,5.8,291.0,1010.8,91.5,2.8,72.2,3,35.3,8,235,2023,-0.8660254037844384,-0.5000000000000004,-0.7856498550787144,-0.6186714032625032,12.947222222222223,1,5.3999999999999915,71.7,90.2,74.28571428571429
2023-08-24,80.5,69.7,72.7,69.8,91.2,100,4.17,12.1,9.2,209.2,1008.0,89.5,3.7,48.9,2,69.0,8,236,2023,-0.8660254037844384,-0.5000000000000004,-0.7961828637826154,-0.6050560696488494,12.922222222222222,1,10.799999999999997,70.1,97.3,73.54285714285716
2023-08-25,76.9,69.7,71.3,70.1,96.2,100,8.33,13.2,9.2,106.0,1008.0,91.5,3.7,75.9,4,19.1,8,237,2023,-0.8660254037844384,-0.5000000000000004,-0.8064799463209447,-0.5912614448635782,12.896666666666667,1,7.200000000000003,72.7,91.2,72.85714285714286
2023-08-26,78.7,67.9,72.6,69.3,90.0,100,8.33,12.5,12.8,259.4,1008.1,92.5,4.2,58.3,2,13.7,8,238,2023,-0.8660254037844384,-0.5000000000000004,-0.8165380514459157,-0.5772916165517278,12.87138888888889,1,10.799999999999997,71.3,96.2,72.17142857142858
2023-08-27,82.3,69.7,74.7,68.7,82.6,100,4.17,18.8,11.4,245.2,1007.3,84.8,4.9,199.0,8,0.5,8,239,2023,-0.8660254037844384,-0.5000000000000004,-0.8263541987239095,-0.5631507242749187,12.846111111111112,1,12.599999999999994,72.6,90.0,71.9857142857143
2023-08-28,84.1,67.9,75.4,66.7,75.8,100,4.17,16.6,12.8,225.1,1008.5,72.2,4.5,204.7,8,0.0,8,240,2023,-0.8660254037844384,-0.5000000000000004,-0.8359254794186365,-0.5488429582847199,12.820555555555556,0,16.19999999999999,74.7,82.6,72.64285714285714
2023-08-29,84.1,67.2,74.9,66.7,76.8,100,4.17,15.2,11.4,259.6,1011.4,86.9,5.0,206.7,7,1.5,8,241,2023,-0.8660254037844384,-0.5000000000000004,-0.8452490573530634,-0.5343725582809785,12.794722222222223,1,16.89999999999999,75.4,75.8,73.1
2023-08-30,84.1,69.7,76.2,68.5,77.9,100,8.33,14.1,9.2,238.1,1013.6,76.4,4.2,223.4,8,1.0,8,242,2023,-0.8660254037844384,-0.5000000000000004,-0.8543221697498269,-0.5197438121555157,12.768888888888888,1,14.399999999999991,74.9,76.8,73.97142857142856
2023-08-31,82.3,71.5,75.7,69.0,80.4,0,0.0,13.6,8.1,248.9,1014.7,84.8,4.2,192.0,7,0.0,8,243,2023,-0.8660254037844384,-0.5000000000000004,-0.8631421280499115,-0.5049610547215202,12.743055555555555,0,10.799999999999997,76.2,77.9,74.4
2023-09-01,84.1,71.5,76.5,69.6,80.1,0,0.0,16.3,12.8,239.8,1014.0,72.2,4.3,228.5,7,0.0,9,244,2023,-1.0,-1.8369701987210297e-16,-0.8717063187093218,-0.4900286664290594,12.716666666666667,0,12.599999999999994,75.7,80.4,75.14285714285714
2023-09-02,85.9,71.5,77.4,70.5,80.1,0,0.0,15.0,12.8,209.4,1012.8,80.1,4.4,201.4,7,0.0,9,245,2023,-1.0,-1.8369701987210297e-16,-0.8800122039735356,-0.4749510720670502,12.690555555555555,0,14.400000000000006,76.5,80.1,75.82857142857142
2023-09-03,85.9,71.5,77.1,70.8,81.7,100,8.33,17.7,10.3,261.4,1012.5,83.3,4.3,207.1,8,3.6,9,246,2023,-1.0,-1.8369701987210297e-16,-0.888057322629493,-0.4597327394521046,12.664166666666667,1,14.400000000000006,77.4,80.1,76.17142857142858
2023-09-04,85.9,67.9,75.9,66.0,72.5,0,0.0,17.4,10.3,154.9,1012.8,86.4,5.5,198.1,8,0.0,9,247,2023,-1.0,-1.8369701987210297e-16,-0.8958392907349089,-0.44437817810461344,12.638055555555555,0,18.0,77.1,81.7,76.24285714285715
2023-09-05,82.3,71.5,76.4,68.4,77.1,0,0.0,13.9,5.8,92.5,1013.4,88.0,4.8,166.4,6,0.0,9,248,2023,-1.0,-1.8369701987210297e-16,-0.9033558023246842,-0.4288919379124841,12.611666666666666,0,10.799999999999997,75.9,72.5,76.45714285714287
2023-09-06,87.7,67.9,77.0,67.4,73.8,0,0.0,14.5,9.2,231.6,1014.2,86.4,5.1,226.4,8,0.0,9,249,2023,-1.0,-1.8369701987210297e-16,-0.9106046300942162,-0.41327860778290443,12.585,0,19.799999999999997,76.4,77.1,76.57142857142857
2023-09-07,87.7,66.1,74.9,67.6,79.8,100,4.17,18.3,8.1,262.6,1014.2,82.2,4.9,220.5,9,8.8,9,250,2023,-1.0,-1.8369701987210297e-16,-0.9175836260593934,-0.3975428142825566,12.55861111111111,1,21.60000000000001,77.0,73.8,76.45714285714287
2023-09-08,80.5,69.7,73.5,69.3,87.3,100,8.33,16.8,9.2,32.5,1014.1,88.0,4.8,158.9,7,63.2,9,251,2023,-1.0,-1.8369701987210297e-16,-0.9242907221930934,-0.3816892202666586,12.531944444444445,1,10.799999999999997,74.9,79.8,76.02857142857144
2023-09-09,80.5,69.7,73.5,69.2,86.9,100,4.17,23.7,10.3,138.2,1013.5,89.0,5.0,95.3,5,1.0,9,252,2023,-1.0,-1.8369701987210297e-16,-0.9307239310379793,-0.3657225234972692,12.505277777777778,1,10.799999999999997,73.5,87.3,75.47142857142856
2023-09-10,84.1,69.7,75.1,68.7,82.0,100,4.17,15.7,11.4,222.5,1012.0,82.2,4.8,176.5,8,1.8,9,253,2023,-1.0,-1.8369701987210297e-16,-0.9368813462954315,-0.34964745525122826,12.478333333333333,1,14.399999999999991,73.5,86.9,75.1857142857143
2023-09-11,84.1,69.7,75.6,69.2,81.9,100,4.17,14.8,9.2,228.4,1011.1,80.1,4.4,205.6,7,41.4,9,254,2023,-1.0,-1.8369701987210297e-16,-0.9427611433904206,-0.33346877891818705,12.45138888888889,1,14.399999999999991,75.1,82.0,75.14285714285714
2023-09-12,82.3,69.7,73.5,69.3,87.7,100,8.33,11.9,13.9,166.3,1011.7,90.5,3.6,168.9,6,12.0,9,255,2023,-1.0,-1.8369701987210297e-16,-0.9483615800121716,-0.31719128858910595,12.424444444444445,1,12.599999999999994,75.6,81.9,74.72857142857143
2023-09-13,87.7,67.9,75.6,69.3,82.4,100,8.33,12.5,12.8,199.1,1012.4,72.2,4.5,223.7,8,19.6,9,256,2023,-1.0,-1.8369701987210297e-16,-0.9536809966304455,-0.300819807635668,12.3975,1,19.799999999999997,73.5,87.7,74.52857142857144
2023-09-14,84.1,67.9,76.0,69.7,82.5,100,4.17,13.0,10.3,282.2,1013.8,68.0,5.3,201.6,8,2.3,9,257,2023,-1.0,-1.8369701987210297e-16,-0.9587178169872964,-0.2843591872810036,12.370555555555555,1,16.19999999999999,75.6,82.4,74.68571428571428
2023-09-15,85.9,69.7,77.5,69.9,78.6,0,0.0,14.5,12.8,212.7,1014.7,73.8,4.8,205.2,7,0.0,9,258,2023,-1.0,-1.8369701987210297e-16,-0.9634705485641486,-0.26781430516217486,12.343333333333334,0,16.200000000000003,76.0,82.5,75.25714285714285
2023-09-16,85.9,69.7,76.9,68.4,76.2,0,0.0,15.2,11.4,169.2,1015.2,61.1,4.9,204.5,8,1.2,9,259,2023,-1.0,-1.8369701987210297e-16,-0.9679377830240642,-0.25119006388481957,12.31638888888889,1,16.200000000000003,77.5,78.6,75.74285714285713
2023-09-17,85.9,71.5,75.9,68.2,78.2,100,4.17,14.5,10.3,215.6,1014.0,80.1,4.8,220.4,8,9.1,9,260,2023,-1.0,-1.8369701987210297e-16,-0.9721181966290612,-0.23449138957041052,12.289444444444445,1,14.400000000000006,76.9,76.2,75.85714285714286
2023-09-18,84.1,67.9,75.6,65.2,71.8,0,0.0,14.8,10.3,122.2,1014.0,60.6,5.2,223.4,8,0.0,9,261,2023,-1.0,-1.8369701987210297e-16,-0.9760105506323682,-0.21772323039653224,12.262222222222222,0,16.19999999999999,75.9,78.2,75.85714285714286
2023-09-19,84.1,69.7,73.7,66.7,79.9,100,4.17,14.3,13.9,94.8,1015.8,70.1,5.0,200.7,7,7.1,9,262,2023,-1.0,-1.8369701987210297e-16,-0.9796136916454901,-0.20089055513063528,12.235277777777778,1,14.399999999999991,75.6,71.8,75.88571428571429
2023-09-20,82.3,69.7,74.7,66.6,76.9,100,4.17,15.0,10.3,280.6,1015.7,81.7,5.2,186.0,7,0.3,9,263,2023,-1.0,-1.8369701987210297e-16,-0.9829265519799822,-0.18399835165767986,12.207777777777778,1,12.599999999999994,73.7,79.9,75.75714285714287
2023-09-21,82.3,69.7,74.4,67.3,79.4,0,0.0,16.1,15.0,233.1,1014.8,86.4,4.8,156.6,5,0.0,9,264,2023,-1.0,-1.8369701987210297e-16,-0.9859481499638303,-0.1670516255021195,12.180833333333334,0,12.599999999999994,74.7,76.9,75.52857142857144
2023-09-22,80.5,69.7,72.9,67.4,83.3,0,0.0,15.7,10.3,214.3,1014.7,88.0,4.8,80.1,5,1.5,9,265,2023,-1.0,-1.8369701987210297e-16,-0.9886775902323404,-0.15005539834465262,12.153611111111111,1,10.799999999999997,74.4,79.4,74.87142857142858
2023-09-23,82.3,69.7,73.4,67.8,83.3,100,8.33,18.8,8.1,172.2,1014.4,88.0,4.9,87.9,5,0.7,9,266,2023,-1.0,-1.8369701987210297e-16,-0.9911140639934546,-0.13301470653419636,12.126388888888888,1,12.599999999999994,72.9,83.3,74.37142857142858
2023-09-24,78.7,67.9,71.4,66.6,85.7,100,8.33,13.6,9.2,230.1,1014.1,88.5,4.9,108.6,4,18.0,9,267,2023,-1.0,-1.8369701987210297e-16,-0.9932568492674143,-0.11593459959550066,12.098888888888888,1,10.799999999999997,73.4,83.3,73.72857142857143
2023-09-25,78.7,67.9,72.7,65.3,78.3,0,0.0,18.3,10.3,218.4,1015.0,83.3,5.3,119.3,4,0.0,9,268,2023,-1.0,-1.8369701987210297e-16,-0.9951053111006974,-0.09882013873287211,12.071944444444444,0,10.799999999999997,71.4,85.7,73.31428571428572
2023-09-26,84.3,67.9,74.5,66.9,78.5,0,0.0,14.8,10.3,209.8,1015.3,72.2,5.2,214.4,8,0.0,9,269,2023,-1.0,-1.8369701987210297e-16,-0.99665890175417,-0.08167639533042288,12.044444444444444,0,16.39999999999999,72.7,78.3,73.42857142857143
2023-09-27,82.3,69.7,75.0,67.4,78.5,100,4.17,17.0,10.3,249.9,1015.5,75.3,4.9,207.5,7,0.0,9,270,2023,-1.0,-1.8369701987210297e-16,-0.9979171608653922,-0.06450844944931625,12.017222222222221,0,12.599999999999994,74.5,78.5,73.47142857142858
2023-09-28,85.9,67.9,74.9,67.4,78.8,0,0.0,13.2,15.0,217.5,1015.1,59.8,5.2,210.4,8,1.0,9,271,2023,-1.0,-1.8369701987210297e-16,-0.9988797155850335,-0.04732138832243232,11.99,1,18.0,75.0,78.5,73.54285714285713
2023-09-29,84.1,69.7,75.0,67.3,78.2,100,8.33,15.0,10.3,161.4,1015.8,64.3,4.9,213.5,8,0.3,9,272,2023,-1.0,-1.8369701987210297e-16,-0.9995462806873573,-0.03012030484690836,11.962777777777777,1,14.399999999999991,74.9,78.8,73.84285714285716
2023-09-30,80.5,67.9,72.6,66.1,81.0,0,0.0,15.2,10.3,190.8,1015.6,88.0,4.7,188.4,7,0.0,9,273,2023,-1.0,-1.8369701987210297e-16,-0.9999166586547379,-0.012910296075008843,11.935555555555556,0,12.599999999999994,75.0,78.2,73.72857142857143
2023-10-01,82.3,69.7,72.8,67.8,85.2,100,8.33,14.8,10.3,181.8,1014.3,88.5,4.5,136.4,6,11.9,10,274,2023,-0.8660254037844386,0.5000000000000001,-0.9999907397361901,0.004303538296243821,11.908333333333333,1,12.599999999999994,72.6,81.0,73.92857142857143
2023-10-02,76.9,67.9,70.2,67.6,91.9,100,8.33,11.2,6.9,257.7,1015.3,89.5,3.8,29.9,1,7.8,10,275,2023,-0.8660254037844386,0.5000000000000001,-0.9997685019798909,0.021516097436222233,11.881388888888889,1,9.0,72.8,85.2,73.57142857142857
2023-10-03,78.7,66.1,69.9,67.6,93.0,100,4.17,14.1,9.2,259.0,1015.3,88.0,4.0,94.7,5,21.6,10,276,2023,-0.8660254037844386,0.5000000000000001,-0.9992500112396835,0.03872228089217399,11.854166666666666,1,12.600000000000009,70.2,91.9,72.91428571428571
2023-10-04,71.5,67.9,68.7,67.8,97.0,100,8.33,16.6,6.9,328.3,1015.3,90.5,3.7,47.4,2,21.1,10,277,2023,-0.8660254037844386,0.5000000000000001,-0.9984354211555643,0.05591699010060302,11.826944444444445,1,3.5999999999999943,69.9,93.0,72.0142857142857
2023-10-05,78.7,66.1,72.0,66.1,83.0,100,4.17,19.5,13.9,268.8,1014.2,61.1,5.1,161.2,7,3.0,10,278,2023,-0.8660254037844386,0.5000000000000001,-0.9973249731081555,0.07309512989807776,11.8,1,12.600000000000009,68.7,97.0,71.6
2023-10-06,78.7,67.9,71.4,66.1,84.0,0,0.0,13.6,15.0,213.1,1014.1,88.0,4.9,185.6,7,0.0,10,279,2023,-0.8660254037844386,0.5000000000000001,-0.9959189961471792,0.0902516100310407,11.772777777777778,0,10.799999999999997,72.0,83.0,71.08571428571429
2023-10-07,78.7,67.9,72.0,65.5,80.6,0,0.0,17.0,10.3,239.7,1015.3,78.5,4.8,173.1,6,0.0,10,280,2023,-0.8660254037844386,0.5000000000000001,-0.994217906893952,0.10738134666416306,11.745833333333334,0,10.799999999999997,71.4,84.0,71.0
2023-10-08,80.5,66.1,71.7,64.0,78.0,0,0.0,16.3,12.8,242.2,1015.7,54.3,4.6,186.6,7,0.0,10,281,2023,-0.8660254037844386,0.5000000000000001,-0.9922222094179324,0.12447926388678869,11.71888888888889,0,14.400000000000006,72.0,80.6,70.84285714285714
2023-10-09,78.7,62.5,70.6,63.5,79.3,0,0.0,13.9,9.2,258.0,1016.8,56.4,3.9,171.6,6,0.0,10,282,2023,-0.8660254037844386,0.5000000000000001,-0.989932495087353,0.141540295217043,11.691944444444445,0,16.200000000000003,71.7,78.0,70.9
2023-10-10,80.5,64.3,71.5,64.3,79.4,0,0.0,17.4,10.44,219.8,1017.8,55.9,3.4,144.3,5,0.0,10,283,2023,-0.8660254037844386,0.5000000000000001,-0.9873494423939864,0.15855938510313475,11.665277777777778,0,16.200000000000003,70.6,79.3,71.12857142857142
2023-10-11,78.7,64.3,70.9,62.4,75.7,0,0.0,15.4,10.3,240.5,1017.7,44.9,3.9,173.0,7,0.0,10,284,2023,-0.8660254037844386,0.5000000000000001,-0.9844738167520923,0.17553149042142777,11.638333333333334,0,14.400000000000006,71.5,79.4,71.44285714285715
2023-10-12,80.5,64.3,69.7,61.6,76.7,0,0.0,14.1,10.3,165.8,1019.4,57.5,4.1,200.3,7,0.0,10,285,2023,-0.8660254037844386,0.5000000000000001,-0.9813064702716093,0.19245158197082995,11.611666666666666,0,16.200000000000003,70.9,75.7,71.11428571428571
2023-10-13,78.7,64.3,69.8,62.5,79.1,0,0.0,14.8,10.3,219.1,1020.3,52.2,4.2,211.4,8,0.0,10,286,2023,-0.8660254037844386,0.5000000000000001,-0.9778483415056568,0.20931464596304888,11.585,0,14.400000000000006,69.7,76.7,70.88571428571429
2023-10-14,78.7,64.3,69.6,60.7,75.0,0,0.0,15.0,10.3,245.7,1019.3,51.2,4.0,182.7,7,0.0,10,287,2023,-0.8660254037844386,0.5000000000000001,-0.9741004551724206,0.22611568550828803,11.55861111111111,0,14.400000000000006,69.8,79.1,70.54285714285713
2023-10-15,76.9,60.7,67.1,58.8,76.3,0,0.0,14.3,11.4,200.1,1017.8,37.5,4.5,160.9,6,0.0,10,288,2023,-0.8660254037844386,0.5000000000000001,-0.970063921851507,0.2428497220959358,11.531944444444445,0,16.200000000000003,69.6,75.0,69.88571428571429
2023-10-16,76.9,60.7,67.6,59.4,76.5,0,0.0,14.1,10.3,208.2,1019.4,61.7,4.2,141.6,6,0.0,10,289,2023,-0.8660254037844386,0.5000000000000001,-0.965739937654855,0.25951179706979943,11.505833333333333,0,16.200000000000003,67.1,76.3,69.45714285714287
2023-10-17,76.9,58.9,66.7,56.3,71.0,100,4.17,15.7,10.3,251.3,1020.8,66.4,5.3,173.5,6,3.5,10,290,2023,-0.8660254037844386,0.5000000000000001,-0.9611297838723007,0.27609697309746883,11.479166666666666,1,18.000000000000007,67.6,76.5,68.77142857142857
2023-10-18,75.1,58.9,65.3,56.9,75.9,0,0.0,15.7,8.1,246.3,1020.5,42.3,4.8,190.7,7,0.0,10,291,2023,-0.8660254037844386,0.5000000000000001,-0.9562348265919058,0.2926003356333479,11.453333333333333,0,16.199999999999996,66.7,71.0,67.97142857142856
2023-10-19,75.1,57.1,64.9,55.9,75.2,0,0.0,15.2,9.2,226.0,1020.7,31.3,5.1,184.8,7,0.0,10,292,2023,-0.8660254037844386,0.5000000000000001,-0.9510565162951536,0.30901699437494723,11.427222222222222,0,17.999999999999993,65.3,75.9,67.28571428571429
2023-10-20,73.3,55.3,64.4,55.1,74.0,0,0.0,15.0,9.2,253.2,1021.5,29.2,5.2,199.5,7,0.0,10,293,2023,-0.8660254037844386,0.5000000000000001,-0.9455963874271428,0.3253420847119795,11.401388888888889,0,18.0,64.9,75.2,66.51428571428572
2023-10-21,76.9,57.1,65.1,54.0,70.3,0,0.0,13.9,12.8,190.5,1022.4,31.8,5.2,184.1,7,0.0,10,294,2023,-0.8660254037844386,0.5000000000000001,-0.9398560579418953,0.341570769167856,11.375277777777777,0,19.800000000000004,64.4,74.0,65.87142857142857
2023-10-22,78.7,53.5,64.5,52.5,67.6,0,0.0,13.0,9.2,190.4,1022.6,25.0,5.0,185.9,7,0.0,10,295,2023,-0.8660254037844386,0.5000000000000001,-0.9338372288229252,0.35769823883312546,11.349722222222223,0,25.200000000000003,65.1,70.3,65.5
2023-10-23,76.9,53.5,64.5,52.8,69.3,0,0.0,15.9,11.4,198.7,1021.5,25.0,5.1,204.4,7,0.0,10,296,2023,-0.8660254037844386,0.5000000000000001,-0.9275416835791965,0.3737197147904692,11.324166666666667,0,23.400000000000006,64.5,67.6,65.05714285714285
2023-10-24,78.7,53.5,64.6,53.0,69.1,0,0.0,16.1,10.3,242.0,1020.5,25.0,5.2,202.7,7,0.0,10,297,2023,-0.8660254037844386,0.5000000000000001,-0.9209712877166346,0.38963044953078774,11.29861111111111,0,25.200000000000003,64.5,69.3,64.75714285714285
2023-10-25,78.7,55.3,65.7,53.5,68.7,0,0.0,14.3,9.2,248.0,1020.5,25.1,5.7,202.2,8,0.0,10,298,2023,-0.8660254037844386,0.5000000000000001,-0.9141279881853337,0.4054257283599973,11.273333333333333,0,23.400000000000006,64.6,69.1,64.81428571428572
2023-10-26,76.9,55.3,65.3,54.0,69.6,0,0.0,15.0,10.3,214.0,1020.4,35.5,5.4,260.3,8,0.0,10,299,2023,-0.8660254037844386,0.5000000000000001,-0.9070138128026362,0.42110087079608916,11.248333333333333,0,21.60000000000001,65.7,68.7,64.87142857142858
2023-10-27,75.1,52.8,64.0,54.1,72.1,0,0.0,12.8,10.3,241.6,1020.0,35.5,5.6,172.7,6,0.0,10,300,2023,-0.8660254037844386,0.5000000000000001,-0.8996308696522434,0.4366512319560638,11.223333333333333,0,22.299999999999997,65.3,69.6,64.81428571428572
2023-10-28,75.1,55.3,63.8,53.4,71.9,0,0.0,17.9,34.4,275.6,1020.8,30.2,5.2,199.6,8,0.0,10,301,2023,-0.8660254037844386,0.5000000000000001,-0.8919813464595487,0.45207220393230374,11.198611111111111,0,19.799999999999997,64.0,72.1,64.62857142857142
2023-10-29,76.9,55.3,64.0,53.1,70.4,0,0.0,11.9,10.3,286.8,1021.2,63.8,4.7,160.0,6,0.0,10,302,2023,-0.8660254037844386,0.5000000000000001,-0.8840675099433637,0.46735921715800205,11.17388888888889,0,21.60000000000001,63.8,71.9,64.55714285714285
2023-10-30,78.7,55.3,65.1,54.2,70.8,0,0.0,14.3,10.3,241.6,1022.0,42.3,4.5,189.2,7,0.0,10,303,2023,-0.8660254037844386,0.5000000000000001,-0.8758917051442433,0.48250774176121763,11.149444444444445,0,23.400000000000006,64.0,70.4,64.64285714285714
2023-10-31,78.7,55.3,65.6,54.6,70.6,0,0.0,14.1,11.4,249.2,1023.8,28.1,5.0,182.9,7,0.0,10,304,2023,-0.8660254037844386,0.5000000000000001,-0.867456354729597,0.4975132889071803,11.125,0,23.400000000000006,65.1,70.8,64.78571428571428
2023-11-01,73.3,57.1,63.6,54.7,74.6,0,0.0,13.2,5.8,103.5,1023.8,52.8,4.4,141.5,6,0.0,11,305,2023,-0.5000000000000004,0.8660254037844384,-0.858763958275803,0.5123714121284235,11.101111111111111,0,16.199999999999996,65.6,70.6,64.48571428571428
2023-11-02,75.1,53.5,63.3,53.4,73.6,0,0.0,15.2,10.3,269.3,1021.4,25.0,4.8,182.5,7,0.0,11,306,2023,-0.5000000000000004,0.8660254037844384,-0.8498170915275277,0.5270777086423724,11.0775,0,21.599999999999994,63.6,74.6,64.2
2023-11-03,75.1,55.3,63.4,54.3,74.5,0,0.0,14.3,9.2,225.8,1019.1,45.5,5.0,158.2,6,0.0,11,307,2023,-0.5000000000000004,0.8660254037844384,-0.8406184056344783,0.5416278206559811,11.053611111111111,0,19.799999999999997,63.3,73.6,64.11428571428571
2023-11-04,71.5,55.3,62.9,54.6,75.7,0,0.0,14.8,10.3,245.7,1018.6,44.9,4.9,179.9,7,0.0,11,308,2023,-0.5000000000000004,0.8660254037844384,-0.8311706263658079,0.5560174366570446,11.030555555555555,0,16.200000000000003,63.4,74.5,63.98571428571428
2023-11-05,75.1,53.5,62.2,52.1,72.5,0,0.0,12.3,8.1,208.8,1020.7,27.1,4.3,196.2,7,0.0,11,309,2023,-0.5000000000000004,0.8660254037844384,-0.8214765533024145,0.5702422926917867,11.007222222222222,0,21.599999999999994,62.9,75.7,63.728571428571435
2023-11-06,73.3,53.5,62.1,53.9,76.6,0,0.0,13.6,10.3,247.3,1021.9,32.8,3.0,162.4,7,0.0,11,310,2023,-0.5000000000000004,0.8660254037844384,-0.8115390590073611,0.5842981736283683,10.984444444444444,0,19.799999999999997,62.2,72.5,63.3
2023-11-07,75.1,53.5,62.1,53.5,76.0,0,0.0,15.0,11.4,257.9,1020.8,25.0,3.4,170.8,7,0.0,11,311,2023,-0.5000000000000004,0.8660254037844384,-0.8013610881746769,0.5981809144059159,10.961666666666666,0,21.599999999999994,62.1,76.6,62.800000000000004
2023-11-08,73.3,51.7,61.4,49.4,68.6,0,0.0,17.2,11.4,274.2,1019.7,25.0,4.3,191.8,7,0.0,11,312,2023,-0.5000000000000004,0.8660254037844384,-0.7909456567567774,0.6118864012687242,10.939166666666667,0,21.599999999999994,62.1,76.0,62.48571428571428
2023-11-09,73.3,49.9,60.2,47.7,66.5,0,0.0,13.4,8.1,180.8,1020.2,25.0,4.6,175.2,7,0.0,11,313,2023,-0.5000000000000004,0.8660254037844384,-0.780295851070776,0.6254105729852457,10.917222222222222,0,23.4,61.4,68.6,62.04285714285714
2023-11-10,73.3,49.9,60.3,50.6,72.9,0,0.0,15.2,10.3,216.3,1021.9,28.3,4.0,163.7,6,0.0,11,314,2023,-0.5000000000000004,0.8660254037844384,-0.7694148268839381,0.6387494220515268,10.895555555555555,0,23.4,60.2,66.5,61.6
2023-11-11,69.7,51.7,59.1,52.2,79.2,0,0.0,18.3,12.8,304.8,1022.8,39.2,3.7,156.8,7,0.0,11,315,2023,-0.5000000000000004,0.8660254037844384,-0.7583058084785625,0.6518989958787125,10.874166666666667,0,18.0,60.3,72.9,61.057142857142864
2023-11-12,73.3,49.9,60.1,50.4,73.6,0,0.0,14.1,9.2,209.3,1022.9,25.0,3.6,198.1,7,0.0,11,316,2023,-0.5000000000000004,0.8660254037844384,-0.7469720876965551,0.6648553979642867,10.853055555555555,0,23.4,59.1,79.2,60.75714285714285
2023-11-13,73.3,51.7,60.8,52.2,75.5,100,4.17,13.2,9.2,176.1,1022.9,26.6,4.8,187.1,7,0.0,11,317,2023,-0.5000000000000004,0.8660254037844384,-0.7354170229639858,0.6776147890466887,10.831944444444444,0,21.599999999999994,60.1,73.6,60.57142857142857
2023-11-14,75.1,51.7,61.5,50.4,70.4,0,0.0,11.2,10.3,250.3,1023.3,31.3,4.2,144.9,7,0.0,11,318,2023,-0.5000000000000004,0.8660254037844384,-0.7236440382959123,0.690173388242972,10.811388888888889,0,23.39999999999999,60.8,75.5,60.48571428571428
2023-11-15,75.1,51.7,61.5,51.9,73.3,100,4.17,13.9,10.3,221.9,1022.9,27.1,4.6,173.6,7,0.0,11,319,2023,-0.5000000000000004,0.8660254037844384,-0.7116566222817751,0.7025274741691566,10.79111111111111,0,23.39999999999999,61.5,70.4,60.5
2023-11-16,76.9,51.7,61.6,52.1,74.1,0,0.0,14.1,6.9,138.3,1024.4,25.0,4.5,169.9,7,0.0,11,320,2023,-0.5000000000000004,0.8660254037844384,-0.6994583270516471,0.7146733860429608,10.77138888888889,0,25.200000000000003,61.5,73.3,60.699999999999996
2023-11-17,73.3,51.7,60.9,51.0,72.5,0,0.0,13.9,11.4,284.5,1023.9,25.0,4.7,173.0,7,0.0,11,321,2023,-0.5000000000000004,0.8660254037844384,-0.6870527672236675,0.726607524768565,10.752222222222223,0,21.599999999999994,61.6,74.1,60.785714285714285
2023-11-18,71.5,51.7,60.5,51.1,73.4,0,0.0,21.5,11.4,289.4,1022.1,32.8,5.1,144.6,5,0.0,11,322,2023,-0.5000000000000004,0.8660254037844384,-0.6744436188329457,0.7383263540031063,10.732777777777779,0,19.799999999999997,60.9,72.5,60.98571428571428
2023-11-19,73.3,51.7,60.8,51.5,73.7,0,0.0,13.9,8.1,212.7,1023.2,25.0,4.7,148.6,6,0.0,11,323,2023,-0.5000000000000004,0.8660254037844384,-0.661634618242279,0.749826401204568,10.714444444444444,0,21.599999999999994,60.5,73.4,61.08571428571428
2023-11-20,75.1,49.9,61.2,51.9,74.5,0,0.0,14.8,9.2,211.3,1022.5,25.0,4.9,181.9,7,0.0,11,324,2023,-0.5000000000000004,0.8660254037844384,-0.6486295610349818,0.7611042586607742,10.696111111111112,0,25.199999999999996,60.8,73.7,61.142857142857146
2023-11-21,71.5,51.7,60.9,52.8,76.8,0,0.0,14.8,11.4,266.3,1020.0,27.6,4.8,173.6,7,0.0,11,325,2023,-0.5000000000000004,0.8660254037844384,-0.6354323008901775,0.7721565844991641,10.678055555555556,0,19.799999999999997,61.2,74.5,61.057142857142864
2023-11-22,71.5,53.5,60.3,52.1,76.7,0,0.0,11.4,10.3,188.3,1019.2,39.7,4.4,148.5,6,0.0,11,326,2023,-0.5000000000000004,0.8660254037844384,-0.622046748440868,0.7829801036770625,10.660833333333333,0,18.0,60.9,76.8,60.885714285714286
2023-11-23,71.5,51.7,60.4,51.6,74.8,0,0.0,14.3,8.1,200.8,1019.5,32.3,4.5,167.6,7,0.0,11,327,2023,-0.5000000000000004,0.8660254037844384,-0.6084768701151264,0.7935716089521472,10.643611111111111,0,19.799999999999997,60.3,76.7,60.714285714285715
2023-11-24,71.5,51.7,60.6,52.2,76.0,0,0.0,16.1,8.1,191.8,1020.8,25.0,4.2,160.7,7,0.0,11,328,2023,-0.5000000000000004,0.8660254037844384,-0.594726686960764,0.8039279618328208,10.627222222222223,0,19.799999999999997,60.4,74.8,60.67142857142857
2023-11-25,71.5,55.3,60.8,53.1,77.7,0,0.0,12.3,9.2,241.5,1022.6,49.1,4.3,143.6,6,0.0,11,329,2023,-0.5000000000000004,0.8660254037844384,-0.5808002734538014,0.8140460935082175,10.610833333333334,0,16.200000000000003,60.6,76.0,60.714285714285715
2023-11-26,75.1,51.7,61.2,51.9,74.0,0,0.0,12.1,6.9,33.4,1024.4,34.4,4.1,175.5,7,0.0,11,330,2023,-0.5000000000000004,0.8660254037844384,-0.5667017562911184,0.8239230057575536,10.595555555555556,0,23.39999999999999,60.8,77.7,60.771428571428565
2023-11-27,71.5,51.0,59.8,51.4,75.5,0,0.0,15.7,10.3,245.7,1022.6,64.9,4.8,133.6,6,0.0,11,331,2023,-0.5000000000000004,0.8660254037844384,-0.5524353131676203,0.8335557718385695,10.580277777777777,0,20.5,61.2,74.0,60.57142857142857
2023-11-28,69.7,55.3,60.9,52.1,74.4,0,0.0,13.9,9.2,248.1,1020.8,83.8,4.6,148.6,6,0.9,11,332,2023,-0.5000000000000004,0.8660254037844384,-0.5380051715382992,0.8429415373547832,10.565555555555555,1,14.400000000000006,59.8,75.5,60.57142857142857
2023-11-29,71.5,51.7,60.0,51.3,74.8,0,0.0,14.3,11.4,270.7,1021.3,40.8,4.3,156.3,6,0.5,11,333,2023,-0.5000000000000004,0.8660254037844384,-0.5234156073655503,0.8520775211013093,10.551388888888889,1,19.799999999999997,60.9,74.4,60.52857142857143
2023-11-30,66.1,49.9,57.5,50.9,80.3,0,0.0,14.1,4.7,220.2,1022.4,60.2,3.7,145.6,6,0.0,11,334,2023,-0.5000000000000004,0.8660254037844384,-0.5086709438521042,0.8609610158889945,10.537777777777778,0,16.199999999999996,60.0,74.8,60.11428571428571
2023-12-01,71.5,51.7,59.3,49.6,72.8,0,0.0,13.0,11.4,247.3,1021.8,45.9,4.2,153.3,6,0.1,12,335,2023,-2.4492935982947064e-16,1.0,-0.4937755501599774,0.8695893893466109,10.524722222222222,1,19.799999999999997,57.5,80.3,59.92857142857143
2023-12-02,73.3,49.9,58.9,46.5,68.2,0,0.0,15.9,8.1,262.7,1021.9,29.2,5.0,172.5,7,0.0,12,336,2023,-2.4492935982947064e-16,1.0,-0.4787338401157883,0.8779600847008883,10.512222222222222,0,23.4,59.3,72.8,59.65714285714286
2023-12-03,71.5,46.3,57.6,44.5,65.7,0,0.0,17.0,5.8,318.3,1022.3,30.3,4.9,183.4,7,0.0,12,337,2023,-2.4492935982947064e-16,1.0,-0.4635502709028512,0.8860706215341377,10.500277777777777,0,25.200000000000003,58.9,68.2,59.142857142857146
2023-12-04,64.3,48.1,56.2,45.0,67.2,0,0.0,14.3,4.7,24.4,1021.5,68.0,4.0,88.7,5,0.0,12,338,2023,-2.4492935982947064e-16,1.0,-0.4482293417404106,0.893918596519257,10.488611111111112,0,16.199999999999996,57.6,65.7,58.628571428571426
2023-12-05,71.5,48.1,58.5,47.7,69.4,0,0.0,17.7,12.8,264.9,1019.6,53.8,4.2,147.8,6,0.0,12,339,2023,-2.4492935982947064e-16,1.0,-0.4327755925504317,0.9015016841318838,10.477777777777778,0,23.4,56.2,67.2,58.285714285714285
2023-12-06,67.9,48.1,56.7,48.5,75.7,0,0.0,17.4,5.8,199.8,1021.6,68.0,4.0,169.1,7,0.0,12,340,2023,-2.4492935982947064e-16,1.0,-0.41719360261231697,0.9088176373395028,10.4675,0,19.800000000000004,58.5,69.4,57.814285714285724
2023-12-07,58.9,49.9,53.5,50.2,88.7,0,0.0,12.1,5.8,163.0,1020.3,80.1,2.6,61.3,2,0.0,12,341,2023,-2.4492935982947064e-16,1.0,-0.4014879892059737,0.9158642882672868,10.457777777777778,0,9.0,56.7,75.7,57.24285714285715
2023-12-08,67.9,48.1,55.2,48.1,79.0,0,0.0,17.4,9.2,263.9,1018.5,43.8,3.3,134.9,7,0.0,12,342,2023,-2.4492935982947064e-16,1.0,-0.38566340624360745,0.9226395488404875,10.448333333333334,0,19.800000000000004,53.5,88.7,56.65714285714286
2023-12-09,67.9,46.3,55.1,46.5,75.6,0,0.0,15.9,11.4,241.2,1018.7,50.1,4.2,129.9,5,0.0,12,343,2023,-2.4492935982947064e-16,1.0,-0.3697245428906732,0.9291414114031743,10.44,0,21.60000000000001,55.2,79.0,56.114285714285714
2023-12-10,66.1,44.5,54.0,44.8,73.6,0,0.0,15.7,8.1,219.5,1017.2,30.8,4.3,151.5,6,0.0,12,344,2023,-2.4492935982947064e-16,1.0,-0.3536761221763721,0.935367949313148,10.431944444444444,0,21.599999999999994,55.1,75.6,55.60000000000001
2023-12-11,66.1,46.3,54.5,45.5,73.6,0,0.0,15.0,10.3,201.5,1019.3,43.9,4.0,113.5,5,0.0,12,345,2023,-2.4492935982947064e-16,1.0,-0.33752289959411347,0.941317317512847,10.424722222222222,0,19.799999999999997,54.0,73.6,55.357142857142854
2023-12-12,66.1,44.5,54.5,44.6,72.0,100,4.17,16.8,9.2,184.9,1018.0,44.3,4.5,133.2,6,4.2,12,346,2023,-2.4492935982947064e-16,1.0,-0.32126966169236515,0.946987753076075,10.418055555555556,1,21.599999999999994,54.5,73.6,54.785714285714285
2023-12-13,64.3,44.5,53.4,44.1,72.8,0,0.0,15.7,10.3,245.1,1018.2,46.5,4.2,158.5,6,0.4,12,347,2023,-2.4492935982947064e-16,1.0,-0.3049212246562894,0.9523775757303973,10.411944444444444,1,19.799999999999997,54.5,72.0,54.31428571428571
2023-12-14,66.1,42.7,52.5,44.4,76.6,0,0.0,13.4,10.3,202.5,1019.7,37.0,4.2,150.6,6,0.0,12,348,2023,-2.4492935982947064e-16,1.0,-0.2884824328806098,0.9574851883550389,10.40638888888889,0,23.39999999999999,53.4,72.8,54.17142857142857
2023-12-15,64.3,44.5,52.5,45.4,78.7,0,0.0,14.8,8.1,219.4,1021.5,29.2,3.6,169.1,7,0.0,12,349,2023,-2.4492935982947064e-16,1.0,-0.27195815753410524,0.9623090774541487,10.401666666666667,0,19.799999999999997,52.5,76.6,53.785714285714285
2023-12-16,64.3,46.3,53.7,44.9,74.2,0,0.0,15.4,6.9,232.3,1019.9,59.1,3.5,167.9,6,0.0,12,350,2023,-2.4492935982947064e-16,1.0,-0.2553532951161881,0.9668478136052773,10.397222222222222,0,18.0,52.5,78.7,53.58571428571428
2023-12-17,67.9,48.1,55.6,45.8,71.9,0,0.0,15.2,9.2,174.3,1020.5,50.7,3.7,154.9,6,0.0,12,351,2023,-2.4492935982947064e-16,1.0,-0.23867276600594997,0.9711000518829505,10.393611111111111,0,19.800000000000004,53.7,74.2,53.81428571428571
2023-12-18,66.1,48.1,54.0,44.6,72.8,0,0.0,16.1,10.3,243.6,1021.2,48.5,4.2,171.5,7,0.0,12,352,2023,-2.4492935982947064e-16,1.0,-0.22192151300416674,0.9750645322571945,10.391111111111112,0,17.999999999999993,55.6,71.9,53.74285714285714
2023-12-19,64.3,42.7,52.0,42.3,72.4,0,0.0,15.9,8.1,199.1,1022.0,40.7,4.2,152.2,6,0.0,12,353,2023,-2.4492935982947064e-16,1.0,-0.20510449986861926,0.9787400799669153,10.38861111111111,0,21.599999999999994,54.0,72.8,53.385714285714286
2023-12-20,66.1,42.7,51.8,42.7,73.7,0,0.0,14.5,6.9,260.5,1022.6,57.0,4.4,153.8,6,0.0,12,354,2023,-2.4492935982947064e-16,1.0,-0.1882267098432439,0.9821256058680006,10.386944444444444,0,23.39999999999999,52.0,72.4,53.15714285714286
2023-12-21,67.9,40.9,52.8,41.7,69.6,0,0.0,14.8,9.2,230.6,1021.1,41.2,3.8,173.3,7,0.0,12,355,2023,-2.4492935982947064e-16,1.0,-0.1712931441814778,0.9852201067560606,10.386388888888888,0,27.000000000000007,51.8,73.7,53.199999999999996
2023-12-22,66.1,42.7,53.0,42.0,69.2,0,0.0,14.1,8.1,223.7,1021.6,61.2,4.0,165.4,7,0.0,12,356,2023,-2.4492935982947064e-16,1.0,-0.154308820664281,0.9880226656636976,10.385833333333334,0,23.39999999999999,52.8,69.6,53.271428571428565
2023-12-23,67.9,44.5,53.9,42.9,68.9,0,0.0,13.6,5.8,152.8,1024.3,41.3,3.7,141.9,6,0.0,12,357,2023,-2.4492935982947064e-16,1.0,-0.13727877211326517,0.9905324521322227,10.386388888888888,0,23.400000000000006,53.0,69.2,53.300000000000004
2023-12-24,66.1,42.7,52.8,43.3,72.6,0,0.0,17.9,10.3,276.9,1024.6,24.1,4.5,159.4,6,0.0,12,358,2023,-2.4492935982947064e-16,1.0,-0.12020804489935275,0.9927487224577402,10.3875,0,23.39999999999999,53.9,68.9,52.89999999999999
2023-12-25,66.1,42.7,53.5,44.3,73.4,0,0.0,13.6,11.4,151.1,1023.5,30.8,4.4,174.4,7,0.0,12,359,2023,-2.4492935982947064e-16,1.0,-0.10310169744743544,0.9946708199115211,10.389166666666666,0,23.39999999999999,52.8,72.6,52.82857142857142
2023-12-26,67.9,42.7,54.6,46.4,76.2,0,0.0,13.2,6.9,162.1,1023.2,27.1,4.3,174.8,7,0.0,12,360,2023,-2.4492935982947064e-16,1.0,-0.0859647987374467,0.9962981749346077,10.391388888888889,0,25.200000000000003,53.5,73.4,53.199999999999996
2023-12-27,67.9,48.1,55.5,46.9,75.5,0,0.0,14.8,8.1,187.4,1024.0,35.7,4.3,168.0,6,0.0,12,361,2023,-2.4492935982947064e-16,1.0,-0.06880242680232064,0.9976303053065857,10.394722222222223,0,19.800000000000004,54.6,76.2,53.72857142857142
2023-12-28,67.9,48.1,56.0,46.9,73.8,0,0.0,13.2,8.1,208.2,1022.9,59.0,4.1,134.7,5,0.9,12,362,2023,-2.4492935982947064e-16,1.0,-0.05161966722325418,0.9986668162884759,10.398333333333333,1,19.800000000000004,55.5,75.5,54.18571428571429
2023-12-29,67.9,46.3,55.5,46.8,74.8,0,0.0,12.1,8.1,229.2,1023.1,28.7,4.0,160.3,6,0.0,12,363,2023,-2.4492935982947064e-16,1.0,-0.034421611622745804,0.9994074007397048,10.4025,0,21.60000000000001,56.0,73.8,54.542857142857144
2023-12-30,67.9,44.5,54.5,46.4,76.1,0,0.0,13.2,11.4,244.1,1021.5,27.1,5.2,152.2,6,0.0,12,364,2023,-2.4492935982947064e-16,1.0,-0.01721335615583528,0.9998518392091162,10.407777777777778,0,23.400000000000006,55.5,74.8,54.628571428571426
2023-12-31,67.9,46.3,54.6,45.7,74.6,0,0.0,13.9,10.3,209.6,1021.1,28.7,4.4,153.3,6,0.0,12,365,2023,-2.4492935982947064e-16,1.0,6.432490598706546e-16,1.0,10.413333333333334,0,21.60000000000001,54.5,76.1,54.88571428571429
2024-01-01,64.3,44.5,53.4,45.5,76.5,0,0.0,15.7,10.3,235.9,1020.1,30.3,4.5,155.5,6,0.0,1,1,2024,0.49999999999999994,0.8660254037844387,0.017213356155834685,0.9998518392091162,10.419444444444444,0,19.799999999999997,54.6,74.6,54.871428571428574
2024-01-02,64.3,42.7,52.8,43.4,73.4,0,0.0,14.5,8.1,202.4,1019.8,25.0,4.4,151.6,6,0.0,1,2,2024,0.49999999999999994,0.8660254037844387,0.03442161162274574,0.9994074007397048,10.426388888888889,0,21.599999999999994,53.4,76.5,54.614285714285714
2024-01-03,64.3,42.7,52.1,43.2,73.9,0,0.0,16.1,9.2,201.0,1020.1,42.8,4.3,159.4,6,0.0,1,3,2024,0.49999999999999994,0.8660254037844387,0.051619667223253764,0.998666816288476,10.43388888888889,0,21.599999999999994,52.8,73.4,54.128571428571426
2024-01-04,62.5,42.7,51.3,41.1,70.6,0,0.0,18.6,11.4,277.4,1020.0,25.0,4.3,172.1,7,0.0,1,4,2024,0.49999999999999994,0.8660254037844387,0.06880242680231986,0.9976303053065857,10.442222222222222,0,19.799999999999997,52.1,73.9,53.457142857142856
2024-01-05,66.1,40.9,51.3,38.8,67.1,0,0.0,17.2,12.8,256.1,1020.6,26.0,4.3,168.9,6,0.0,1,5,2024,0.49999999999999994,0.8660254037844387,0.08596479873744647,0.9962981749346078,10.450833333333334,0,25.199999999999996,51.3,70.6,52.857142857142854
2024-01-06,64.3,40.9,51.7,41.4,70.6,0,0.0,15.0,10.3,295.2,1021.7,25.0,3.8,155.4,6,0.0,1,6,2024,0.49999999999999994,0.8660254037844387,0.10310169744743485,0.9946708199115211,10.460277777777778,0,23.4,51.3,67.1,52.457142857142856
2024-01-07,66.1,40.9,51.5,41.6,72.1,0,0.0,16.1,10.3,280.9,1022.0,26.0,3.5,175.1,7,0.0,1,7,2024,0.49999999999999994,0.8660254037844387,0.1202080448993527,0.9927487224577402,10.47,0,25.199999999999996,51.7,70.6,52.01428571428571
2024-01-08,64.3,42.7,51.8,42.3,72.4,0,0.0,18.3,11.4,271.4,1021.8,25.0,3.6,145.1,6,0.0,1,8,2024,0.49999999999999994,0.8660254037844387,0.13727877211326478,0.9905324521322229,10.480555555555556,0,21.599999999999994,51.5,72.1,51.785714285714285
2024-01-09,66.1,42.7,52.2,41.6,70.2,0,0.0,17.2,6.9,211.7,1020.5,25.4,3.8,164.8,7,0.0,1,9,2024,0.49999999999999994,0.8660254037844387,0.15430882066428117,0.9880226656636976,10.491666666666667,0,23.39999999999999,51.8,72.4,51.699999999999996
2024-01-10,66.1,40.9,52.5,40.8,68.6,0,0.0,19.0,11.4,293.8,1018.0,25.0,4.1,172.1,7,0.0,1,10,2024,0.49999999999999994,0.8660254037844387,0.1712931441814776,0.9852201067560606,10.503333333333334,0,25.199999999999996,52.2,70.2,51.75714285714285
2024-01-11,66.1,44.5,52.3,42.1,70.4,0,0.0,16.6,11.4,221.4,1019.3,32.3,4.0,167.8,7,0.0,1,11,2024,0.49999999999999994,0.8660254037844387,0.1882267098432442,0.9821256058680006,10.515833333333333,0,21.599999999999994,52.5,68.6,51.9
2024-01-12,66.1,40.9,52.5,42.2,70.6,0,0.0,13.2,8.1,174.9,1019.4,25.0,3.6,159.5,6,0.0,1,12,2024,0.49999999999999994,0.8660254037844387,0.2051044998686192,0.9787400799669153,10.528611111111111,0,25.199999999999996,52.3,70.4,52.07142857142857
2024-01-13,69.7,42.7,53.8,41.6,67.4,0,0.0,14.5,9.2,160.4,1019.3,25.0,3.7,178.0,7,0.0,1,13,2024,0.49999999999999994,0.8660254037844387,0.22192151300416552,0.9750645322571948,10.541944444444445,0,27.0,52.5,70.6,52.371428571428574
2024-01-14,67.9,42.7,53.3,42.0,69.1,0,0.0,13.9,11.4,236.5,1019.6,25.0,3.9,160.0,6,0.0,1,14,2024,0.49999999999999994,0.8660254037844387,0.2386727660059501,0.9711000518829505,10.555833333333334,0,25.200000000000003,53.8,67.4,52.628571428571426
2024-01-15,66.1,42.7,52.6,41.7,69.1,0,0.0,11.4,11.4,234.9,1018.8,32.3,4.3,111.9,4,0.3,1,15,2024,0.49999999999999994,0.8660254037844387,0.255353295116187,0.9668478136052775,10.570277777777777,1,23.39999999999999,53.3,69.1,52.74285714285714
2024-01-16,64.3,42.7,52.3,41.7,69.8,0,0.0,13.4,9.2,233.8,1018.0,42.3,4.5,138.8,6,0.2,1,16,2024,0.49999999999999994,0.8660254037844387,0.2719581575341055,0.9623090774541486,10.585,1,21.599999999999994,52.6,69.1,52.75714285714286
2024-01-17,64.3,42.7,51.8,42.0,71.1,0,0.0,15.2,12.8,204.8,1017.5,41.3,4.7,132.4,5,2.2,1,17,2024,0.49999999999999994,0.8660254037844387,0.288482432880609,0.9574851883550393,10.600555555555555,1,21.599999999999994,52.3,69.8,52.65714285714286
2024-01-18,62.5,40.9,50.7,40.8,72.0,0,0.0,15.9,10.3,198.9,1017.8,32.8,4.4,149.6,6,0.1,1,18,2024,0.49999999999999994,0.8660254037844387,0.30492122465628907,0.9523775757303974,10.616388888888888,1,21.6,51.8,71.1,52.42857142857143
2024-01-19,60.7,42.7,50.7,41.9,73.5,0,0.0,14.8,11.4,196.7,1019.5,41.3,3.4,118.7,5,0.0,1,19,2024,0.49999999999999994,0.8660254037844387,0.3212696616923644,0.9469877530760753,10.632777777777777,0,18.0,50.7,72.0,52.17142857142857
2024-01-20,62.5,40.9,50.7,41.2,73.2,0,0.0,15.7,10.3,218.5,1019.5,36.5,3.2,145.8,6,0.0,1,20,2024,0.49999999999999994,0.8660254037844387,0.3375228995941133,0.9413173175128471,10.649444444444445,0,21.6,50.7,73.5,51.72857142857142
2024-01-21,62.5,42.7,50.9,39.2,67.2,0,0.0,16.3,9.2,204.3,1017.8,30.2,3.6,165.8,7,0.0,1,21,2024,0.49999999999999994,0.8660254037844387,0.3536761221763716,0.9353679493131483,10.666944444444445,0,19.799999999999997,50.7,73.2,51.385714285714286
2024-01-22,62.5,40.9,50.1,37.2,64.8,0,0.0,13.9,10.3,184.3,1020.8,27.3,3.8,182.8,7,0.0,1,22,2024,0.49999999999999994,0.8660254037844387,0.3697245428906731,0.9291414114031743,10.684444444444445,0,21.6,50.9,67.2,51.028571428571425
2024-01-23,62.5,40.9,49.9,39.3,69.5,0,0.0,15.9,8.1,212.9,1019.5,34.9,3.7,163.7,7,0.1,1,23,2024,0.49999999999999994,0.8660254037844387,0.38566340624360707,0.9226395488404876,10.702777777777778,1,21.6,50.1,64.8,50.68571428571429
2024-01-24,62.5,40.9,49.8,39.5,70.0,0,0.0,13.9,9.2,201.3,1019.5,47.5,3.7,120.2,5,0.6,1,24,2024,0.49999999999999994,0.8660254037844387,0.401487989205973,0.9158642882672872,10.721388888888889,1,21.6,49.9,69.5,50.39999999999999
2024-01-25,60.7,39.1,49.3,37.5,66.9,0,0.0,16.8,10.3,224.1,1021.5,28.1,3.8,177.2,7,0.0,1,25,2024,0.49999999999999994,0.8660254037844387,0.4171936026123168,0.9088176373395029,10.740277777777777,0,21.6,49.8,70.0,50.199999999999996
2024-01-26,60.7,39.1,49.0,36.7,66.0,0,0.0,18.6,10.3,251.1,1022.4,26.0,3.9,155.5,6,0.0,1,26,2024,0.49999999999999994,0.8660254037844387,0.4327755925504312,0.901501684131884,10.759722222222223,0,21.6,49.3,66.9,49.957142857142856
2024-01-27,60.7,37.3,48.1,35.2,64.4,0,0.0,15.7,12.8,185.1,1020.8,27.3,3.9,140.6,5,0.0,1,27,2024,0.49999999999999994,0.8660254037844387,0.4482293417404106,0.893918596519257,10.779444444444444,0,23.400000000000006,49.0,66.0,49.58571428571429
2024-01-28,62.5,37.3,48.9,35.4,62.9,0,0.0,15.0,9.2,201.2,1021.5,29.9,3.7,140.6,6,0.0,1,28,2024,0.49999999999999994,0.8660254037844387,0.4635502709028509,0.886070621534138,10.799722222222222,0,25.200000000000003,48.1,64.4,49.3
2024-01-29,66.1,39.1,50.2,38.3,67.4,0,0.0,16.6,11.4,188.6,1020.5,25.4,3.7,162.7,7,0.0,1,29,2024,0.49999999999999994,0.8660254037844387,0.47873384011578846,0.8779600847008882,10.82,0,26.999999999999993,48.9,62.9,49.314285714285724
2024-01-30,60.7,40.9,49.8,40.8,73.3,0,0.0,15.7,8.1,218.3,1019.9,38.0,2.8,140.4,6,0.0,1,30,2024,0.49999999999999994,0.8660254037844387,0.4937755501599772,0.869589389346611,10.841111111111111,0,19.800000000000004,50.2,67.4,49.3
2024-01-31,62.5,40.9,50.9,42.0,74.0,0,0.0,17.0,11.4,223.9,1019.5,42.8,2.7,140.9,6,0.0,1,31,2024,0.49999999999999994,0.8660254037844387,0.5086709438521044,0.8609610158889943,10.862222222222222,0,21.6,49.8,73.3,49.457142857142856
2024-02-01,58.9,44.5,50.5,43.1,77.1,0,0.0,15.0,11.4,249.5,1020.7,59.6,2.5,113.4,5,0.0,2,32,2024,0.8660254037844386,0.5000000000000001,0.5234156073655503,0.8520775211013093,10.883888888888889,0,14.399999999999999,50.9,74.0,49.62857142857143
2024-02-02,64.3,42.7,51.7,39.5,67.6,0,0.0,19.7,10.3,267.7,1017.8,35.5,4.1,201.7,8,0.0,2,33,2024,0.8660254037844386,0.5000000000000001,0.5380051715382996,0.8429415373547828,10.905555555555555,0,21.599999999999994,50.5,77.1,50.01428571428572
2024-02-03,66.1,39.1,50.9,39.0,68.2,0,0.0,17.7,9.2,206.0,1016.5,25.0,4.1,208.9,8,0.0,2,34,2024,0.8660254037844386,0.5000000000000001,0.5524353131676196,0.8335557718385699,10.928055555555556,0,26.999999999999993,51.7,67.6,50.41428571428571
2024-02-04,57.1,42.7,49.5,43.1,79.5,0,0.0,18.6,9.2,190.7,1020.2,57.0,3.0,141.0,7,2.0,2,35,2024,0.8660254037844386,0.5000000000000001,0.5667017562911176,0.8239230057575542,10.950277777777778,1,14.399999999999999,50.9,68.2,50.5
2024-02-05,64.3,46.3,52.8,43.2,73.8,0,0.0,19.7,11.4,270.3,1019.8,54.4,3.2,170.0,6,1.6,2,36,2024,0.8660254037844386,0.5000000000000001,0.5808002734538009,0.8140460935082178,10.972777777777777,1,18.0,49.5,79.5,50.87142857142857
2024-02-06,66.1,40.9,51.8,38.9,65.7,0,0.0,19.9,11.4,264.1,1019.2,42.8,4.2,214.6,8,0.0,2,37,2024,0.8660254037844386,0.5000000000000001,0.5947266869607634,0.8039279618328213,10.99611111111111,0,25.199999999999996,52.8,73.8,51.15714285714286
2024-02-07,67.9,39.1,51.6,34.7,61.1,0,0.0,20.4,15.0,289.8,1017.9,40.2,4.3,206.6,8,0.0,2,38,2024,0.8660254037844386,0.5000000000000001,0.6084768701151261,0.7935716089521474,11.019444444444444,0,28.800000000000004,51.8,65.7,51.25714285714285
2024-02-08,64.3,39.1,50.2,36.9,64.3,0,0.0,19.9,12.8,259.9,1016.8,25.0,4.3,193.9,7,0.0,2,39,2024,0.8660254037844386,0.5000000000000001,0.6220467484408675,0.7829801036770629,11.042777777777777,0,25.199999999999996,51.6,61.1,51.214285714285715
2024-02-09,64.3,40.9,51.1,40.0,68.2,0,0.0,17.4,10.3,180.2,1021.7,32.3,3.6,200.9,7,0.0,2,40,2024,0.8660254037844386,0.5000000000000001,0.6354323008901774,0.7721565844991642,11.066666666666666,0,23.4,50.2,64.3,51.128571428571426
2024-02-10,69.7,40.9,54.0,40.2,65.1,0,0.0,17.0,11.4,183.5,1024.0,25.0,3.2,213.3,8,0.0,2,41,2024,0.8660254037844386,0.5000000000000001,0.6486295610349814,0.7611042586607747,11.090555555555556,0,28.800000000000004,51.1,68.2,51.57142857142857
2024-02-11,69.7,40.9,55.0,38.8,60.3,0,0.0,15.7,12.8,177.4,1024.0,25.0,4.3,215.6,8,0.0,2,42,2024,0.8660254037844386,0.5000000000000001,0.6616346182422783,0.7498264012045686,11.114722222222222,0,28.800000000000004,54.0,65.1,52.357142857142854
2024-02-12,69.7,42.7,55.4,40.2,61.6,0,0.0,19.0,13.9,195.4,1023.9,27.1,3.9,223.9,8,0.0,2,43,2024,0.8660254037844386,0.5000000000000001,0.6744436188329455,0.7383263540031065,11.139444444444445,0,27.0,55.0,60.3,52.728571428571435
2024-02-13,71.5,46.3,56.5,39.2,57.4,0,0.0,17.7,11.4,205.9,1023.4,61.7,3.8,211.4,8,0.0,2,44,2024,0.8660254037844386,0.5000000000000001,0.6870527672236669,0.7266075247685656,11.16388888888889,0,25.200000000000003,55.4,61.6,53.4
2024-02-14,62.5,46.3,53.6,40.4,62.8,0,0.0,12.8,5.8,120.9,1022.2,64.3,3.2,97.3,4,0.6,2,45,2024,0.8660254037844386,0.5000000000000001,0.6994583270516471,0.7146733860429609,11.188888888888888,1,16.200000000000003,56.5,57.4,53.68571428571429
2024-02-15,67.9,42.7,55.1,40.0,60.7,0,0.0,18.8,10.3,262.4,1022.8,26.0,4.3,229.9,8,0.0,2,46,2024,0.8660254037844386,0.5000000000000001,0.7116566222817746,0.702527474169157,11.213888888888889,0,25.200000000000003,53.6,62.8,54.385714285714286
2024-02-16,69.7,44.5,56.5,43.1,64.7,0,0.0,17.7,8.1,210.4,1022.7,25.0,3.6,218.1,8,0.0,2,47,2024,0.8660254037844386,0.5000000000000001,0.7236440382959124,0.6901733882429719,11.238888888888889,0,25.200000000000003,55.1,60.7,55.15714285714286
2024-02-17,67.9,46.3,56.0,45.3,69.7,0,0.0,20.1,15.0,219.1,1018.1,29.2,3.1,205.5,8,0.0,2,48,2024,0.8660254037844386,0.5000000000000001,0.7354170229639855,0.6776147890466889,11.264444444444445,0,21.60000000000001,56.5,64.7,55.44285714285714
2024-02-18,69.7,46.3,56.2,42.1,61.4,0,0.0,17.7,12.8,207.5,1017.7,32.3,3.5,184.6,8,0.0,2,49,2024,0.8660254037844386,0.5000000000000001,0.7469720876965552,0.6648553979642865,11.29,0,23.400000000000006,56.0,69.7,55.614285714285714
2024-02-19,69.7,46.3,57.1,45.4,67.2,0,0.0,17.7,11.4,266.9,1019.0,29.2,3.1,192.2,7,0.0,2,50,2024,0.8660254037844386,0.5000000000000001,0.7583058084785625,0.6518989958787126,11.315833333333334,0,23.400000000000006,56.2,61.4,55.857142857142854
2024-02-20,71.5,48.1,58.8,45.3,64.1,0,0.0,28.0,13.9,286.6,1016.7,41.3,3.3,205.2,8,0.7,2,51,2024,0.8660254037844386,0.5000000000000001,0.7694148268839378,0.6387494220515272,11.341666666666667,1,23.4,57.1,67.2,56.185714285714276
2024-02-21,67.9,51.7,58.5,44.2,61.1,0,0.0,25.7,9.2,293.5,1014.2,67.0,3.9,199.0,8,0.0,2,52,2024,0.8660254037844386,0.5000000000000001,0.7802958510707755,0.6254105729852463,11.3675,0,16.200000000000003,58.8,64.1,56.88571428571429
2024-02-22,66.1,42.7,53.1,42.2,69.0,0,0.0,14.8,12.8,174.6,1015.9,62.2,4.1,164.3,6,1.9,2,53,2024,0.8660254037844386,0.5000000000000001,0.7909456567567772,0.6118864012687243,11.393611111111111,1,23.39999999999999,58.5,61.1,56.6
2024-02-23,64.3,40.9,51.2,39.5,68.8,0,0.0,15.2,11.4,208.7,1018.0,26.0,4.3,233.2,8,0.0,2,54,2024,0.8660254037844386,0.5000000000000001,0.8013610881746766,0.5981809144059164,11.42,0,23.4,53.1,69.0,55.84285714285714
2024-02-24,62.5,40.9,52.4,37.8,60.8,0,0.0,19.9,11.4,199.3,1019.6,54.5,4.7,219.5,8,0.0,2,55,2024,0.8660254037844386,0.5000000000000001,0.8115390590073611,0.5842981736283683,11.446388888888889,0,21.6,51.2,68.8,55.32857142857143
2024-02-25,67.9,40.9,53.4,35.4,55.8,0,0.0,22.8,12.8,204.5,1020.2,48.0,4.7,250.6,9,0.0,2,56,2024,0.8660254037844386,0.5000000000000001,0.8214765533024142,0.5702422926917871,11.473055555555556,0,27.000000000000007,52.4,60.8,54.92857142857143
2024-02-26,67.9,42.7,55.4,36.9,53.9,0,0.0,22.6,11.4,242.5,1021.3,62.3,4.6,210.5,8,0.0,2,57,2024,0.8660254037844386,0.5000000000000001,0.8311706263658079,0.5560174366570446,11.499444444444444,0,25.200000000000003,53.4,55.8,54.685714285714276
2024-02-27,69.7,44.5,56.1,37.2,52.2,0,0.0,22.6,12.8,269.5,1019.9,58.0,4.6,236.9,8,0.0,2,58,2024,0.8660254037844386,0.5000000000000001,0.8406184056344782,0.5416278206559814,11.526111111111112,0,25.200000000000003,55.4,53.9,54.300000000000004
2024-02-28,71.5,42.7,56.9,38.2,52.8,0,0.0,23.5,11.4,264.9,1016.7,25.0,4.3,240.9,8,0.0,2,59,2024,0.8660254037844386,0.5000000000000001,0.8498170915275278,0.5270777086423722,11.553055555555556,0,28.799999999999997,56.1,52.2,54.07142857142857
2024-02-29,71.5,46.3,57.8,43.9,63.0,0,0.0,20.1,16.1,195.7,1017.5,25.0,3.9,221.3,8,0.0,2,60,2024,0.8660254037844386,0.5000000000000001,0.8587639582758029,0.5123714121284237,11.58,0,25.200000000000003,56.9,52.8,54.74285714285714
2024-03-01,71.5,48.1,58.6,46.8,66.6,0,0.0,19.2,13.9,202.8,1019.5,33.4,3.6,226.8,8,0.0,3,61,2024,1.0,6.123233995736766e-17,0.8674563547295968,0.49751328890718066,11.606944444444444,0,23.4,57.8,63.0,55.800000000000004
2024-03-02,71.5,55.3,61.8,49.4,65.5,0,0.0,20.4,11.4,277.1,1019.4,84.8,3.4,200.6,8,0.7,3,62,2024,1.0,6.123233995736766e-17,0.8758917051442429,0.48250774176121847,11.634166666666667,1,16.200000000000003,58.6,66.6,57.142857142857146
2024-03-03,64.3,53.5,58.3,51.5,78.5,0,0.0,21.5,12.8,336.5,1019.0,86.9,3.9,139.8,7,13.1,3,63,2024,1.0,6.123233995736766e-17,0.8840675099433636,0.46735921715800227,11.661111111111111,1,10.799999999999997,61.8,65.5,57.84285714285714
2024-03-04,71.5,49.9,59.0,48.5,71.9,0,0.0,20.1,10.3,285.7,1017.9,51.7,4.7,220.1,8,0.1,3,64,2024,1.0,6.123233995736766e-17,0.8919813464595485,0.45207220393230435,11.688611111111111,1,21.6,58.3,78.5,58.357142857142854
2024-03-05,73.3,48.1,59.9,39.0,54.2,0,0.0,24.6,16.1,295.7,1017.6,25.0,5.0,267.7,9,0.0,3,65,2024,1.0,6.123233995736766e-17,0.8996308696522433,0.43665123195606403,11.715833333333334,0,25.199999999999996,59.0,71.9,58.9
2024-03-06,73.3,46.3,60.0,35.7,48.7,0,0.0,23.9,13.9,299.5,1017.1,41.3,5.1,249.7,9,0.0,3,66,2024,1.0,6.123233995736766e-17,0.9070138128026359,0.4211008707960896,11.743055555555555,0,27.0,59.9,54.2,59.34285714285714
2024-03-07,73.3,48.1,60.7,39.5,50.4,0,0.0,23.3,12.8,289.0,1016.4,27.1,4.8,244.2,8,0.0,3,67,2024,1.0,6.123233995736766e-17,0.9141279881853337,0.40542572835999735,11.770555555555555,0,25.199999999999996,60.0,48.7,59.75714285714286
2024-03-08,73.3,48.1,59.8,43.8,58.6,0,0.0,22.6,13.9,224.6,1016.9,25.0,4.3,262.8,9,0.0,3,68,2024,1.0,6.123233995736766e-17,0.9209712877166346,0.38963044953078796,11.798055555555555,0,25.199999999999996,60.7,50.4,59.92857142857143
2024-03-09,73.3,49.9,60.3,45.6,61.4,0,0.0,22.1,16.1,202.6,1017.7,26.0,3.6,257.5,9,0.0,3,69,2024,1.0,6.123233995736766e-17,0.9275416835791966,0.37371971479046906,11.825555555555555,0,23.4,59.8,58.6,59.714285714285715
2024-03-10,73.3,49.9,60.3,46.4,62.6,0,0.0,18.6,16.1,194.6,1019.9,26.0,3.9,256.1,9,0.0,3,70,2024,1.0,6.123233995736766e-17,0.9338372288229252,0.35769823883312546,11.853055555555555,0,23.4,60.3,61.4,60.0
2024-03-11,75.1,53.5,63.0,49.2,62.8,0,0.0,17.9,12.8,225.9,1021.1,46.0,3.6,243.2,9,0.0,3,71,2024,1.0,6.123233995736766e-17,0.9398560579418954,0.3415707691678556,11.880555555555556,0,21.599999999999994,60.3,62.6,60.57142857142857
2024-03-12,76.9,51.7,63.9,48.7,61.6,0,0.0,21.9,15.0,228.4,1017.4,25.0,3.8,260.4,9,0.0,3,72,2024,1.0,6.123233995736766e-17,0.9455963874271426,0.3253420847119801,11.908333333333333,0,25.200000000000003,63.0,62.8,61.142857142857146
2024-03-13,76.9,51.7,63.8,42.4,50.7,0,0.0,19.7,15.0,182.9,1017.0,25.0,4.6,242.9,9,0.0,3,73,2024,1.0,6.123233995736766e-17,0.9510565162951535,0.30901699437494745,11.935833333333333,0,25.200000000000003,63.9,61.6,61.685714285714276
2024-03-14,75.1,51.7,63.6,41.4,47.3,0,0.0,23.5,13.9,272.8,1017.9,25.0,4.5,263.6,9,0.0,3,74,2024,1.0,6.123233995736766e-17,0.9562348265919056,0.29260033563334836,11.963333333333333,0,23.39999999999999,63.8,50.7,62.1
2024-03-15,76.9,51.7,63.6,40.7,46.5,0,0.0,20.8,11.4,199.3,1018.3,25.0,4.7,280.0,9,0.0,3,75,2024,1.0,6.123233995736766e-17,0.9611297838723007,0.27609697309746883,11.991111111111111,0,25.200000000000003,63.6,47.3,62.642857142857146
2024-03-16,76.9,51.7,63.6,37.7,43.0,0,0.0,21.3,13.9,223.3,1020.5,36.8,4.6,264.6,9,0.0,3,76,2024,1.0,6.123233995736766e-17,0.9657399376548549,0.2595117970697999,12.018888888888888,0,25.200000000000003,63.6,46.5,63.114285714285714
2024-03-17,76.9,49.9,63.6,34.0,38.9,0,0.0,19.9,10.3,201.4,1020.4,33.9,4.7,289.4,10,0.0,3,77,2024,1.0,6.123233995736766e-17,0.970063921851507,0.2428497220959356,12.046388888888888,0,27.000000000000007,63.6,43.0,63.58571428571429
2024-03-18,76.9,51.7,64.0,35.7,38.7,0,0.0,21.0,13.9,183.0,1019.0,31.3,4.0,275.8,10,0.0,3,78,2024,1.0,6.123233995736766e-17,0.9741004551724205,0.22611568550828828,12.074166666666667,0,25.200000000000003,63.6,38.9,63.728571428571435
2024-03-19,76.9,49.9,63.7,38.9,44.6,0,0.0,19.2,12.8,187.0,1019.8,41.3,4.2,241.8,9,0.2,3,79,2024,1.0,6.123233995736766e-17,0.9778483415056568,0.20931464596304847,12.101666666666667,1,27.000000000000007,64.0,38.7,63.699999999999996
2024-03-20,62.5,53.5,56.2,49.6,79.9,0,0.0,15.9,8.1,148.4,1019.8,91.5,2.9,99.1,5,7.4,3,80,2024,1.0,6.123233995736766e-17,0.9813064702716093,0.19245158197082998,12.129444444444445,1,9.0,63.7,44.6,62.614285714285714
2024-03-21,66.1,51.7,57.2,51.9,83.7,0,0.0,15.7,10.3,171.8,1019.3,87.8,2.6,167.0,6,7.2,3,81,2024,1.0,6.123233995736766e-17,0.9844738167520922,0.1755314904214282,12.156944444444445,1,14.399999999999991,56.2,79.9,61.7
2024-03-22,67.9,55.3,60.3,52.7,77.5,0,0.0,21.5,11.4,256.6,1015.1,84.8,3.6,185.7,8,0.5,3,82,2024,1.0,6.123233995736766e-17,0.9873494423939864,0.15855938510313478,12.184722222222222,1,12.600000000000009,57.2,83.7,61.22857142857142
2024-03-23,67.9,55.3,60.0,54.3,82.6,0,0.0,22.1,5.8,242.1,1013.8,88.5,3.5,129.3,6,12.0,3,83,2024,1.0,6.123233995736766e-17,0.989932495087353,0.141540295217043,12.2125,1,12.600000000000009,60.3,77.5,60.714285714285715
2024-03-24,73.3,57.1,63.5,56.1,78.1,0,0.0,15.9,17.2,212.2,1016.7,81.0,3.2,235.9,8,0.5,3,84,2024,1.0,6.123233995736766e-17,0.9922222094179323,0.12447926388678915,12.239722222222222,1,16.199999999999996,60.0,82.6,60.699999999999996
2024-03-25,73.3,55.3,64.4,53.7,70.0,0,0.0,20.8,11.4,267.6,1017.8,62.3,3.9,208.1,7,2.6,3,85,2024,1.0,6.123233995736766e-17,0.994217906893952,0.10738134666416309,12.2675,1,18.0,63.5,78.1,60.75714285714286
2024-03-26,73.3,57.1,64.5,55.8,74.7,0,0.0,19.2,16.1,203.7,1018.2,81.7,3.7,214.7,8,4.6,3,86,2024,1.0,6.123233995736766e-17,0.995918996147179,0.09025161003104117,12.295,1,16.199999999999996,64.4,70.0,60.871428571428574
2024-03-27,69.7,58.9,64.5,57.4,78.2,0,0.0,17.7,10.3,240.5,1020.1,88.0,3.1,207.3,8,4.0,3,87,2024,1.0,6.123233995736766e-17,0.9973249731081555,0.07309512989807777,12.3225,1,10.800000000000004,64.5,74.7,62.057142857142864
2024-03-28,66.1,57.1,61.4,58.0,89.0,100,62.5,16.1,5.8,222.7,1018.5,90.5,3.4,176.2,7,3.2,3,88,2024,1.0,6.123233995736766e-17,0.9984354211555643,0.055916990100603484,12.35,1,8.999999999999993,64.5,78.2,62.65714285714285
2024-03-29,76.9,56.7,67.3,58.1,74.1,100,58.33,13.0,9.2,223.9,1017.5,80.0,4.3,99.7,3,2.1,3,89,2024,1.0,6.123233995736766e-17,0.9992500112396835,0.03872228089217446,12.3775,1,20.200000000000003,61.4,89.0,63.65714285714286
2024-03-30,80.5,58.9,68.5,57.3,70.2,100,50.0,23.0,15.0,241.1,1018.3,55.4,4.2,203.8,7,11.3,3,90,2024,1.0,6.123233995736766e-17,0.9997685019798909,0.021516097436222254,12.405,1,21.6,67.3,74.1,64.87142857142858
2024-03-31,80.5,57.1,67.4,51.4,62.1,100,8.33,38.5,16.1,333.2,1017.8,38.6,4.5,275.6,9,0.0,3,91,2024,1.0,6.123233995736766e-17,0.9999907397361901,0.004303538296244289,12.432222222222222,0,23.4,68.5,70.2,65.42857142857143
2024-04-01,80.5,55.3,68.1,48.3,52.4,0,0.0,23.9,11.4,292.8,1012.6,36.0,5.2,301.3,10,0.0,4,92,2024,0.8660254037844387,-0.49999999999999983,0.9999166586547379,-0.01291029607500882,12.459722222222222,0,25.200000000000003,67.4,62.1,65.95714285714286
2024-04-02,84.1,57.1,69.1,49.7,52.4,0,0.0,24.2,17.2,206.1,1012.0,40.2,4.2,297.4,10,0.0,4,93,2024,0.8660254037844387,-0.49999999999999983,0.9995462806873573,-0.030120304846908114,12.486666666666666,0,26.999999999999993,68.1,52.4,66.61428571428571
2024-04-03,82.3,57.1,69.7,48.6,50.6,0,0.0,22.4,16.1,218.8,1014.4,33.4,3.7,291.1,10,0.0,4,94,2024,0.8660254037844387,-0.49999999999999983,0.9988797155850336,-0.04732138832243185,12.514166666666666,0,25.199999999999996,69.1,52.4,67.35714285714286
2024-04-04,84.1,58.9,71.4,45.2,43.9,0,0.0,28.0,16.1,314.9,1015.2,61.2,4.2,287.1,10,0.0,4,95,2024,0.8660254037844387,-0.49999999999999983,0.9979171608653922,-0.06450844944931623,12.54111111111111,0,25.199999999999996,69.7,50.6,68.78571428571429
2024-04-05,84.1,60.7,71.9,47.1,43.9,0,0.0,19.7,13.9,237.7,1013.9,78.5,3.9,230.1,8,0.0,4,96,2024,0.8660254037844387,-0.49999999999999983,0.9966589017541702,-0.08167639533042241,12.568055555555556,0,23.39999999999999,71.4,43.9,69.44285714285715
2024-04-06,82.3,58.9,70.9,44.4,42.5,0,0.0,23.7,15.0,278.9,1014.4,68.0,3.7,234.3,9,0.0,4,97,2024,0.8660254037844387,-0.49999999999999983,0.9951053111006976,-0.09882013873287143,12.595,0,23.4,71.9,43.9,69.78571428571429
2024-04-07,82.3,57.1,70.1,41.6,38.7,0,0.0,18.8,16.1,192.7,1014.3,47.5,3.8,285.7,10,0.0,4,98,2024,0.8660254037844387,-0.49999999999999983,0.9932568492674143,-0.11593459959550041,12.622222222222222,0,25.199999999999996,70.9,42.5,70.17142857142858
2024-04-08,80.5,57.1,69.1,37.5,35.3,0,0.0,19.7,16.1,185.4,1016.6,28.2,4.1,288.5,10,0.0,4,99,2024,0.8660254037844387,-0.49999999999999983,0.9911140639934547,-0.1330147065341959,12.64861111111111,0,23.4,70.1,38.7,70.31428571428572
2024-04-09,80.5,55.3,67.3,40.2,39.5,0,0.0,20.4,13.9,206.3,1018.3,47.0,3.3,295.3,10,0.0,4,100,2024,0.8660254037844387,-0.49999999999999983,0.9886775902323405,-0.1500553983446526,12.675555555555556,0,25.200000000000003,69.1,35.3,70.05714285714286
2024-04-10,80.5,55.3,67.9,39.9,41.0,0,0.0,22.4,15.0,301.8,1019.0,46.5,3.0,304.3,10,0.0,4,101,2024,0.8660254037844387,-0.49999999999999983,0.9859481499638304,-0.16705162550211924,12.702222222222222,0,25.200000000000003,67.3,39.5,69.8
2024-04-11,78.7,55.3,64.5,45.5,52.4,100,4.17,31.1,18.3,203.2,1020.7,53.3,3.3,299.5,10,1.0,4,102,2024,0.8660254037844387,-0.49999999999999983,0.9829265519799822,-0.18399835165768005,12.72861111111111,1,23.400000000000006,67.9,41.0,68.81428571428572
2024-04-12,76.9,53.5,65.4,51.3,64.0,100,4.17,21.3,8.1,208.0,1019.8,51.2,3.8,299.8,10,1.5,4,103,2024,0.8660254037844387,-0.49999999999999983,0.9796136916454901,-0.20089055513063506,12.755,1,23.400000000000006,64.5,52.4,67.88571428571429
2024-04-13,80.5,58.9,68.8,51.6,57.6,0,0.0,23.3,12.8,279.3,1019.5,43.8,3.4,282.0,9,0.0,4,104,2024,0.8660254037844387,-0.49999999999999983,0.9760105506323683,-0.21772323039653177,12.78138888888889,0,21.6,65.4,64.0,67.58571428571429
2024-04-14,85.4,60.7,71.6,51.6,52.4,0,0.0,23.0,11.4,278.6,1019.6,39.9,3.9,285.6,10,0.0,4,105,2024,0.8660254037844387,-0.49999999999999983,0.9721181966290613,-0.23449138957040985,12.807222222222222,0,24.700000000000003,68.8,57.6,67.8
2024-04-15,82.3,60.7,71.8,53.4,54.3,0,0.0,21.7,12.8,250.0,1019.0,44.4,3.6,269.3,10,0.0,4,106,2024,0.8660254037844387,-0.49999999999999983,0.9679377830240642,-0.25119006388481935,12.83361111111111,0,21.599999999999994,71.6,52.4,68.18571428571428
2024-04-16,84.1,64.3,73.1,56.0,56.4,0,0.0,23.5,16.1,210.8,1015.4,57.5,3.4,263.5,9,0.0,4,107,2024,0.8660254037844387,-0.49999999999999983,0.9634705485641488,-0.2678143051621742,12.859444444444444,0,19.799999999999997,71.8,54.3,69.01428571428572
2024-04-17,82.3,60.7,72.5,53.4,53.0,0,0.0,21.9,20.8,200.0,1012.9,29.4,4.0,280.2,10,0.0,4,108,2024,0.8660254037844387,-0.49999999999999983,0.9587178169872964,-0.2843591872810034,12.885277777777778,0,21.599999999999994,73.1,56.4,69.67142857142858
2024-04-18,82.3,62.5,72.0,55.5,57.4,0,0.0,20.4,16.1,194.7,1012.6,52.3,3.7,268.2,9,0.0,4,109,2024,0.8660254037844387,-0.49999999999999983,0.9536809966304457,-0.30081980763566735,12.910833333333333,0,19.799999999999997,72.5,53.0,70.74285714285715
2024-04-19,84.1,64.3,73.8,56.0,56.5,0,0.0,27.1,15.0,299.2,1010.0,29.2,3.5,302.3,10,0.0,4,110,2024,0.8660254037844387,-0.49999999999999983,0.9483615800121715,-0.3171912885891061,12.936388888888889,0,19.799999999999997,72.0,57.4,71.94285714285714
2024-04-20,85.9,64.3,75.8,49.5,44.4,0,0.0,35.3,15.0,289.2,1010.0,25.0,4.0,300.3,10,0.0,4,111,2024,0.8660254037844387,-0.49999999999999983,0.9427611433904207,-0.3334687789181868,12.961666666666666,0,21.60000000000001,73.8,56.5,72.94285714285714
2024-04-21,87.7,60.7,74.7,40.0,32.8,0,0.0,24.8,13.9,267.2,1011.4,38.1,4.4,325.8,10,0.0,4,112,2024,0.8660254037844387,-0.49999999999999983,0.9368813462954315,-0.3496474552512284,12.986944444444445,0,27.0,75.8,44.4,73.38571428571429
2024-04-22,87.7,62.5,74.7,42.2,34.5,0,0.0,32.4,24.2,266.3,1013.0,48.5,3.8,306.1,10,0.0,4,113,2024,0.8660254037844387,-0.49999999999999983,0.9307239310379795,-0.36572252349726897,13.011944444444444,0,25.200000000000003,74.7,32.8,73.8
2024-04-23,84.1,60.7,73.8,41.8,34.9,0,0.0,27.1,13.9,295.7,1013.0,25.0,4.8,295.8,10,0.0,4,114,2024,0.8660254037844387,-0.49999999999999983,0.9242907221930934,-0.3816892202666588,13.036388888888888,0,23.39999999999999,74.7,34.5,73.89999999999999
2024-04-24,84.1,60.7,73.3,40.8,33.8,0,0.0,26.6,15.0,284.0,1012.2,26.0,4.3,304.8,10,0.0,4,115,2024,0.8660254037844387,-0.49999999999999983,0.9175836260593937,-0.39754281428255595,13.061388888888889,0,23.39999999999999,73.8,34.9,74.0142857142857
2024-04-25,85.9,58.9,73.8,40.0,32.2,0,0.0,20.8,12.8,287.7,1012.5,25.0,3.5,331.8,10,0.0,4,116,2024,0.8660254037844387,-0.49999999999999983,0.9106046300942163,-0.4132786077829042,13.085833333333333,0,27.000000000000007,73.3,33.8,74.27142857142857
2024-04-26,85.9,58.9,73.5,41.9,34.6,0,0.0,22.4,11.4,303.7,1012.5,25.2,2.9,327.6,10,0.0,4,117,2024,0.8660254037844387,-0.49999999999999983,0.9033558023246845,-0.4288919379124835,13.110277777777778,0,27.000000000000007,73.8,32.2,74.22857142857143
2024-04-27,85.9,62.5,74.8,45.7,37.2,0,0.0,30.2,13.9,295.9,1013.9,44.9,3.1,287.5,9,0.0,4,118,2024,0.8660254037844387,-0.49999999999999983,0.895839290734909,-0.4443781781046132,13.134166666666667,0,23.400000000000006,73.5,34.6,74.08571428571429
2024-04-28,87.7,62.5,75.9,44.9,38.4,0,0.0,26.6,15.0,295.4,1013.0,28.1,3.9,328.5,10,0.0,4,119,2024,0.8660254037844387,-0.49999999999999983,0.8880573226294932,-0.45973273945210397,13.158055555555556,0,25.200000000000003,74.8,37.2,74.25714285714285
2024-04-29,87.7,62.5,75.5,41.6,32.3,0,0.0,27.5,13.9,302.5,1013.7,25.0,3.9,328.8,10,0.0,4,120,2024,0.8660254037844387,-0.49999999999999983,0.8800122039735357,-0.47495107206704995,13.181666666666667,0,25.200000000000003,75.9,38.4,74.37142857142855
2024-04-30,87.7,62.5,76.0,41.0,31.3,0,0.0,28.0,13.9,307.1,1010.1,25.0,3.8,329.4,10,0.0,4,121,2024,0.8660254037844387,-0.49999999999999983,0.8717063187093218,-0.49002866642905923,13.205,0,25.200000000000003,75.5,32.3,74.68571428571428
2024-05-01,87.7,62.5,75.6,35.7,28.2,0,0.0,25.3,17.2,221.1,1008.4,25.0,4.1,275.3,9,0.0,5,122,2024,0.49999999999999994,-0.8660254037844387,0.8631421280499114,-0.5049610547215204,13.228333333333333,0,25.200000000000003,76.0,31.3,75.01428571428572
2024-05-02,84.1,58.9,71.4,31.8,25.2,0,0.0,24.6,17.2,189.5,1009.8,25.0,4.3,334.0,10,0.0,5,123,2024,0.49999999999999994,-0.8660254037844387,0.854322169749827,-0.5197438121555155,13.251111111111111,0,25.199999999999996,75.6,28.2,74.67142857142858
2024-05-03,85.9,58.9,72.0,38.7,31.7,0,0.0,20.1,17.2,192.7,1013.0,25.0,3.1,340.7,10,0.0,5,124,2024,0.49999999999999994,-0.8660254037844387,0.8452490573530633,-0.5343725582809787,13.273888888888889,0,27.000000000000007,71.4,25.2,74.45714285714287
2024-05-04,80.5,60.7,71.8,45.3,40.2,0,0.0,24.4,11.4,231.0,1014.1,67.0,3.3,297.5,10,0.0,5,125,2024,0.49999999999999994,-0.8660254037844387,0.835925479418637,-0.548842958284719,13.296388888888888,0,19.799999999999997,72.0,31.7,74.02857142857144
2024-05-05,82.3,60.7,71.2,52.1,52.9,0,0.0,22.8,10.3,258.9,1010.9,49.1,3.5,292.9,10,0.0,5,126,2024,0.49999999999999994,-0.8660254037844387,0.8263541987239096,-0.5631507242749186,13.318333333333333,0,21.599999999999994,71.8,40.2,73.35714285714286
2024-05-06,84.1,64.3,72.1,56.3,59.7,100,4.17,43.8,27.7,269.0,1013.4,65.0,4.3,292.9,10,2.0,5,127,2024,0.49999999999999994,-0.8660254037844387,0.8165380514459161,-0.5772916165517272,13.340277777777779,1,19.799999999999997,71.2,52.9,72.87142857142858
2024-05-07,75.1,60.7,65.6,54.9,68.9,100,8.33,17.4,15.0,115.5,1017.1,79.6,4.3,190.6,9,1.0,5,128,2024,0.49999999999999994,-0.8660254037844387,0.8064799463209448,-0.5912614448635781,13.361944444444445,1,14.399999999999991,72.1,59.7,71.38571428571429
2024-05-08,71.5,60.7,64.1,57.2,78.9,100,16.67,16.8,11.4,105.3,1018.3,88.5,4.2,107.9,4,12.7,5,129,2024,0.49999999999999994,-0.8660254037844387,0.7961828637826158,-0.6050560696488488,13.383333333333333,1,10.799999999999997,65.6,68.9,69.74285714285715
2024-05-09,80.5,60.7,67.6,57.4,72.0,100,4.17,17.2,11.4,129.3,1018.5,88.0,4.2,228.5,8,0.0,5,130,2024,0.49999999999999994,-0.8660254037844387,0.7856498550787145,-0.6186714032625031,13.404166666666667,0,19.799999999999997,64.1,78.9,69.2
2024-05-10,78.7,61.1,69.3,60.4,75.1,100,4.17,14.3,10.3,207.2,1016.5,81.8,4.3,251.2,7,8.9,5,131,2024,0.49999999999999994,-0.8660254037844387,0.7748840413670407,-0.6321034111873487,13.425,1,17.6,67.6,72.0,68.81428571428572
2024-05-11,80.5,66.1,72.6,62.1,70.7,0,0.0,17.7,12.8,236.9,1017.2,71.2,4.2,261.9,8,0.0,5,132,2024,0.49999999999999994,-0.8660254037844387,0.7638886127905428,-0.6453481132295501,13.445277777777777,0,14.400000000000006,69.3,75.1,68.92857142857142
2024-05-12,75.1,64.3,67.8,63.0,84.8,100,8.33,17.0,12.8,158.0,1018.3,69.6,4.1,216.0,8,4.6,5,133,2024,0.49999999999999994,-0.8660254037844387,0.7526668275320084,-0.6584015846980488,13.465555555555556,1,10.799999999999997,72.6,70.7,68.44285714285714
2024-05-13,76.9,62.5,69.4,61.0,76.2,0,0.0,17.0,6.9,140.4,1018.3,63.3,4.3,185.1,7,0.0,5,134,2024,0.49999999999999994,-0.8660254037844387,0.741222010848596,-0.6712599575675313,13.485277777777778,0,14.400000000000006,67.8,84.8,68.05714285714285
2024-05-14,82.3,62.5,73.1,62.0,70.1,0,0.0,17.9,12.8,202.8,1018.0,43.3,4.4,275.2,9,0.0,5,135,2024,0.49999999999999994,-0.8660254037844387,0.7295575540864875,-0.6839194216246106,13.504444444444445,0,19.799999999999997,69.4,76.2,69.12857142857142
2024-05-15,82.3,66.1,74.1,61.3,66.0,0,0.0,15.9,11.4,220.1,1019.0,51.7,4.1,257.7,9,0.0,5,136,2024,0.49999999999999994,-0.8660254037844387,0.717676913675962,-0.6963762255968722,13.523333333333333,0,16.200000000000003,73.1,70.1,70.55714285714285
2024-05-16,85.9,66.1,75.4,57.3,55.1,0,0.0,18.6,12.8,226.2,1018.3,39.6,4.6,292.4,9,0.0,5,137,2024,0.49999999999999994,-0.8660254037844387,0.705583610107178,-0.7086266782644596,13.542222222222222,0,19.80000000000001,74.1,66.0,71.67142857142856
2024-05-17,87.7,64.3,76.3,55.5,50.8,0,0.0,19.7,12.8,292.8,1015.8,55.4,4.2,268.4,9,0.0,5,138,2024,0.49999999999999994,-0.8660254037844387,0.6932812268869777,-0.7206671495538609,13.560277777777777,0,23.400000000000006,75.4,55.1,72.67142857142856
2024-05-18,87.7,67.9,78.5,59.4,53.5,0,0.0,20.6,13.9,220.3,1013.4,70.1,3.9,268.5,8,0.0,5,139,2024,0.49999999999999994,-0.8660254037844387,0.6807734094770161,-0.7324940716135789,13.578055555555556,0,19.799999999999997,76.3,50.8,73.51428571428572
2024-05-19,85.9,66.1,76.1,61.5,62.4,100,4.17,19.7,12.8,147.3,1011.9,69.0,4.1,276.3,9,2.5,5,140,2024,0.49999999999999994,-0.8660254037844387,0.6680638642135335,-0.7441039398713607,13.595833333333333,1,19.80000000000001,78.5,53.5,74.7
2024-05-20,78.7,64.3,71.6,61.3,71.0,100,4.17,15.9,12.8,88.4,1013.1,65.4,4.1,248.0,8,4.3,5,141,2024,0.49999999999999994,-0.8660254037844387,0.6551563572090853,-0.7554933140726803,13.612777777777778,1,14.400000000000006,76.1,62.4,75.01428571428572
2024-05-21,82.3,67.9,73.8,61.5,67.1,0,0.0,18.3,13.9,135.1,1014.0,73.3,4.6,261.3,9,0.0,5,142,2024,0.49999999999999994,-0.8660254037844387,0.6420547132365637,-0.766658819300159,13.629166666666666,0,14.399999999999991,71.6,71.0,75.11428571428571
2024-05-22,82.3,67.9,72.7,63.9,75.3,100,4.17,17.9,18.3,179.9,1014.5,82.2,4.5,248.2,9,3.3,5,143,2024,0.49999999999999994,-0.8660254037844387,0.6287628145958344,-0.777597146973627,13.645555555555555,1,14.399999999999991,73.8,67.1,74.91428571428571
2024-05-23,82.3,67.9,74.2,63.6,70.9,100,4.17,23.7,8.1,146.0,1013.6,73.8,4.6,238.7,8,0.5,5,144,2024,0.49999999999999994,-0.8660254037844387,0.6152845999633276,-0.7883050558305255,13.661388888888888,1,14.399999999999991,72.7,75.3,74.74285714285715
2024-05-24,85.9,67.9,76.1,64.6,68.8,0,0.0,14.8,16.1,135.6,1012.5,68.5,4.3,289.5,9,0.0,5,145,2024,0.49999999999999994,-0.8660254037844387,0.6016240632249226,-0.7987793728863649,13.676666666666666,0,18.0,74.2,70.9,74.71428571428571
2024-05-25,85.9,69.7,77.0,67.6,74.2,100,8.33,14.8,13.9,157.4,1010.8,74.3,4.8,268.7,9,5.6,5,146,2024,0.49999999999999994,-0.8660254037844387,0.5877852522924732,-0.8090169943749473,13.691666666666666,1,16.200000000000003,76.1,68.8,74.5
2024-05-26,84.1,69.7,76.5,68.2,76.4,0,0.0,15.9,8.1,65.7,1009.9,62.8,4.3,237.5,8,1.9,5,147,2024,0.49999999999999994,-0.8660254037844387,0.5737722679043246,-0.8190148866680801,13.706111111111111,1,14.399999999999991,77.0,74.2,74.55714285714285
2024-05-27,87.7,69.7,76.5,67.3,74.5,100,4.17,18.1,19.7,216.5,1006.7,54.9,4.6,235.8,8,0.0,5,148,2024,0.49999999999999994,-0.8660254037844387,0.5595892624101765,-0.8287700871745037,13.72,0,18.0,76.5,76.4,75.25714285714285
2024-05-28,82.3,69.7,74.6,68.6,82.3,100,4.17,21.0,8.1,229.5,1005.4,84.8,4.4,210.9,6,8.3,5,149,2024,0.49999999999999994,-0.8660254037844387,0.545240438540651,-0.8382797052177743,13.733333333333333,1,12.599999999999994,76.5,74.5,75.37142857142858
2024-05-29,85.9,67.9,77.6,67.3,73.0,0,0.0,16.8,12.8,218.0,1007.0,47.5,4.0,254.2,8,0.0,5,150,2024,0.49999999999999994,-0.8660254037844387,0.5307300481619334,-0.8475409228928311,13.74638888888889,0,18.0,74.6,82.3,76.07142857142857
2024-05-30,89.5,69.7,79.1,65.0,64.6,0,0.0,38.0,15.0,281.1,1009.8,48.6,4.3,297.7,9,0.0,5,151,2024,0.49999999999999994,-0.8660254037844387,0.5160623910158528,-0.8565509959010036,13.758888888888889,0,19.799999999999997,77.6,73.0,76.77142857142857
2024-05-31,87.7,69.7,76.9,64.7,67.1,100,4.17,20.8,16.1,239.8,1010.6,70.6,4.4,275.5,8,1.5,5,152,2024,0.49999999999999994,-0.8660254037844387,0.5012418134457758,-0.865307254363206,13.77111111111111,1,18.0,79.1,64.6,76.88571428571427
2024-06-01,85.9,69.7,74.8,63.2,68.6,0,0.0,15.4,12.8,226.6,1012.6,60.7,4.4,241.8,8,1.5,6,153,2024,1.2246467991473532e-16,-1.0,0.48627270710869,-0.8738071036110808,13.782222222222222,1,16.200000000000003,76.9,67.1,76.57142857142857
2024-06-02,84.1,67.9,75.5,63.6,68.9,100,4.17,21.7,13.9,249.4,1013.2,65.9,4.5,260.9,9,0.0,6,154,2024,1.2246467991473532e-16,-1.0,0.4711595076738638,-0.8820480249558537,13.793333333333333,0,16.19999999999999,74.8,68.6,76.42857142857143
2024-06-03,84.1,67.9,76.1,64.3,68.4,0,0.0,23.0,10.3,279.5,1012.2,61.2,4.4,255.8,8,0.0,6,155,2024,1.2246467991473532e-16,-1.0,0.4559066935084588,-0.8900275764346767,13.803888888888888,0,16.19999999999999,75.5,68.9,76.37142857142855
2024-06-04,82.3,66.1,73.6,62.1,68.6,100,4.17,22.4,11.4,119.8,1012.6,60.1,4.7,270.6,9,22.6,6,156,2024,1.2246467991473532e-16,-1.0,0.440518784350495,-0.8977433935342337,13.813888888888888,1,16.200000000000003,76.1,68.4,76.22857142857143
2024-06-05,84.1,64.3,74.2,63.0,69.9,100,4.17,20.4,16.1,246.4,1013.4,58.5,4.7,252.2,9,1.0,6,157,2024,1.2246467991473532e-16,-1.0,0.42500033996955416,-0.9051931898913974,13.823055555555555,1,19.799999999999997,73.6,68.6,75.74285714285713
2024-06-06,84.1,66.1,74.8,64.1,71.7,100,4.17,17.2,12.8,251.8,1013.6,59.5,4.7,265.3,8,3.6,6,158,2024,1.2246467991473532e-16,-1.0,0.4093559588156213,-0.9123747579707273,13.831666666666667,1,18.0,74.2,69.9,75.12857142857142
2024-06-07,84.1,69.7,75.7,65.4,71.4,0,0.0,17.4,13.9,237.5,1011.3,73.3,4.8,239.9,8,0.0,6,159,2024,1.2246467991473532e-16,-1.0,0.39359027665646673,-0.9192859697186104,13.84,0,14.399999999999991,74.8,71.7,74.95714285714287
2024-06-08,84.1,69.7,77.2,66.9,71.8,100,4.17,19.7,12.8,260.1,1010.1,70.1,4.6,245.2,8,2.3,6,160,2024,1.2246467991473532e-16,-1.0,0.3777079652039649,-0.9259247771938498,13.847777777777777,1,14.399999999999991,75.7,71.4,75.3
2024-06-09,87.7,71.5,79.1,67.3,69.2,0,0.0,19.2,12.8,259.4,1009.6,49.6,4.4,278.4,8,0.0,6,161,2024,1.2246467991473532e-16,-1.0,0.36171373072976765,-0.9322892131745133,13.854722222222222,0,16.200000000000003,77.2,71.8,75.81428571428572
2024-06-10,89.5,71.5,80.6,66.3,63.8,0,0.0,22.6,13.9,255.2,1010.3,26.0,4.4,296.4,9,0.0,6,162,2024,1.2246467991473532e-16,-1.0,0.3456123126707335,-0.9383773917408641,13.861666666666666,0,18.0,79.1,69.2,76.45714285714284
2024-06-11,87.7,73.3,79.8,68.8,69.9,0,0.0,17.4,15.0,214.7,1010.3,66.5,4.0,263.5,9,0.0,6,163,2024,1.2246467991473532e-16,-1.0,0.3294084822245304,-0.9441875088341993,13.8675,0,14.400000000000006,80.6,63.8,77.34285714285714
2024-06-12,87.7,73.3,80.0,67.5,66.8,0,0.0,16.6,10.3,234.2,1010.5,52.7,4.0,276.8,9,0.0,6,164,2024,1.2246467991473532e-16,-1.0,0.3131070409358269,-0.9497178427914316,13.872777777777777,0,14.400000000000006,79.8,69.9,78.17142857142856
2024-06-13,87.7,69.0,80.4,67.1,66.0,0,0.0,20.1,12.8,269.2,1008.9,38.4,4.6,261.2,8,0.0,6,165,2024,1.2246467991473532e-16,-1.0,0.29671281927349075,-0.9549667548552551,13.8775,0,18.700000000000003,80.0,66.8,78.97142857142856
2024-06-14,87.7,75.1,80.7,69.3,69.5,0,0.0,21.9,11.4,259.9,1008.0,66.9,3.7,251.3,8,0.0,6,166,2024,1.2246467991473532e-16,-1.0,0.28023067519921585,-0.9599326896597447,13.881944444444445,0,12.600000000000009,80.4,66.0,79.68571428571428
2024-06-15,89.5,75.1,81.0,69.6,69.9,100,4.17,28.0,13.9,253.6,1008.0,70.6,3.6,245.2,8,0.0,6,167,2024,1.2246467991473532e-16,-1.0,0.26366549272800704,-0.9646141756912435,13.885555555555555,0,14.400000000000006,80.7,69.5,80.22857142857143
2024-06-16,87.7,71.5,78.8,69.9,75.1,100,4.17,25.3,13.9,234.2,1009.3,83.6,4.5,183.5,7,2.8,6,168,2024,1.2246467991473532e-16,-1.0,0.24702218048093552,-0.9690098257244062,13.88861111111111,1,16.200000000000003,81.0,69.9,80.18571428571428
2024-06-17,84.1,68.3,76.6,71.0,84.0,100,4.17,19.2,10.3,133.4,1009.5,86.9,4.3,134.1,5,13.2,6,169,2024,1.2246467991473532e-16,-1.0,0.23030567023061221,-0.9731183372332619,13.890833333333333,1,15.799999999999997,78.8,75.1,79.61428571428571
2024-06-18,84.1,73.3,75.9,72.8,91.0,100,8.33,24.4,13.9,117.0,1006.8,89.0,3.2,119.2,6,23.6,6,170,2024,1.2246467991473532e-16,-1.0,0.21352091543979612,-0.9769384927771817,13.893055555555556,1,10.799999999999997,76.6,84.0,79.05714285714286
2024-06-19,84.1,69.7,76.6,70.3,82.2,100,4.17,31.3,15.0,223.1,1005.3,82.2,4.0,98.0,4,4.8,6,171,2024,1.2246467991473532e-16,-1.0,0.19667288979357647,-0.980469160361632,13.894444444444444,1,14.399999999999991,75.9,91.0,78.57142857142857
2024-06-20,84.1,67.0,75.5,68.6,80.7,100,8.33,28.4,13.9,231.4,1006.6,72.7,5.1,171.8,8,36.1,6,172,2024,1.2246467991473532e-16,-1.0,0.1797665857255624,-0.9837092937736097,13.895,1,17.099999999999994,76.6,82.2,77.87142857142858
2024-06-21,82.3,71.5,76.8,67.2,73.3,0,0.0,14.3,11.4,241.9,1009.3,63.3,5.7,142.7,5,0.0,6,173,2024,1.2246467991473532e-16,-1.0,0.16280701293851715,-0.986657932891657,13.894722222222223,0,10.799999999999997,75.5,80.7,77.31428571428572
2024-06-22,85.9,71.5,77.6,69.3,76.5,100,8.33,16.8,11.4,210.7,1010.0,72.2,4.7,137.1,6,5.1,6,174,2024,1.2246467991473532e-16,-1.0,0.1457991969198751,-0.9893142039703663,13.894444444444444,1,14.400000000000006,76.8,73.3,76.82857142857142
2024-06-23,84.1,73.3,78.5,69.9,75.7,100,4.17,17.0,11.4,211.6,1010.5,80.1,4.7,237.6,8,0.3,6,175,2024,1.2246467991473532e-16,-1.0,0.12874817745258132,-0.99167731989929,13.893333333333333,1,10.799999999999997,77.6,76.5,76.78571428571429
2024-06-24,84.1,73.3,79.1,68.8,71.6,100,4.17,16.1,16.1,221.9,1009.7,77.5,5.2,180.9,7,0.8,6,176,2024,1.2246467991473532e-16,-1.0,0.11165900712169512,-0.993746580436178,13.891388888888889,1,10.799999999999997,78.5,75.7,77.14285714285714
2024-06-25,85.9,71.9,78.7,69.8,75.0,100,4.17,15.9,16.1,212.5,1007.8,77.0,4.2,183.9,8,0.0,6,177,2024,1.2246467991473532e-16,-1.0,0.09453674981719912,-0.9955213724144752,13.889166666666666,0,14.0,79.1,71.6,77.54285714285713
2024-06-26,78.7,71.5,75.1,70.8,86.7,100,4.17,14.1,10.3,140.7,1010.5,88.0,4.3,68.1,3,50.3,6,178,2024,1.2246467991473532e-16,-1.0,0.07738647923346301,-0.9970011699250151,13.886111111111111,1,7.200000000000003,78.7,75.0,77.32857142857142
2024-06-27,82.3,71.5,76.8,70.8,82.7,100,4.17,10.7,6.9,178.8,1012.3,88.0,4.3,89.6,5,0.3,6,179,2024,1.2246467991473532e-16,-1.0,0.06021327736579302,-0.9981855344718586,13.882777777777777,1,10.799999999999997,75.1,86.7,77.5142857142857
2024-06-28,82.3,69.7,75.8,70.5,84.5,100,4.17,13.2,15.0,222.9,1009.9,90.0,4.7,149.9,5,19.6,6,180,2024,1.2246467991473532e-16,-1.0,0.04302223300453059,-0.99907411510223,13.87861111111111,1,12.599999999999994,76.8,82.7,77.37142857142858
2024-06-29,80.5,71.5,76.1,70.5,83.5,100,4.17,13.6,10.3,254.4,1008.6,89.0,4.9,144.4,5,12.7,6,181,2024,1.2246467991473532e-16,-1.0,0.02581844022713308,-0.9996666485105112,13.873888888888889,1,9.0,75.8,84.5,77.15714285714284
2024-06-30,80.5,71.5,74.9,72.0,91.7,100,8.33,16.3,8.1,148.9,1008.1,88.0,4.3,128.5,6,56.6,6,182,2024,1.2246467991473532e-16,-1.0,0.008606996888688698,-0.9999629591162655,13.868611111111111,1,9.0,76.1,83.5,76.64285714285714
2024-07-01,82.3,71.5,75.3,71.6,89.2,100,8.33,15.4,12.8,255.6,1006.0,88.0,4.5,172.9,7,39.6,7,183,2024,-0.4999999999999998,-0.8660254037844388,-0.008606996888688009,-0.9999629591162655,13.862777777777778,1,10.799999999999997,74.9,91.7,76.10000000000001
2024-07-02,76.9,69.7,72.3,72.0,99.1,100,8.33,17.7,9.2,174.3,1005.5,91.5,3.9,157.0,6,32.8,7,184,2024,-0.4999999999999998,-0.8660254037844388,-0.02581844022713239,-0.9996666485105112,13.856666666666667,1,7.200000000000003,75.3,89.2,75.18571428571428
2024-07-03,82.3,71.5,74.6,71.8,91.9,100,8.33,15.9,11.4,251.1,1008.5,88.0,4.5,81.3,3,6.6,7,185,2024,-0.4999999999999998,-0.8660254037844388,-0.04302223300453034,-0.99907411510223,13.849444444444444,1,10.799999999999997,72.3,99.1,75.11428571428571
2024-07-04,80.5,71.5,75.0,72.4,92.0,100,4.17,18.6,9.2,239.8,1010.0,86.4,4.4,149.4,5,21.1,7,186,2024,-0.4999999999999998,-0.8660254037844388,-0.060213277365792774,-0.9981855344718586,13.841944444444444,1,9.0,74.6,91.9,74.85714285714286
2024-07-05,80.5,71.5,74.4,71.0,89.9,100,4.17,22.8,13.9,191.9,1008.3,88.0,4.3,71.1,3,20.3,7,187,2024,-0.4999999999999998,-0.8660254037844388,-0.07738647923346322,-0.9970011699250151,13.83388888888889,1,9.0,75.0,92.0,74.65714285714286
2024-07-06,71.5,67.9,70.0,70.0,100.0,100,8.33,23.3,10.3,81.3,1008.5,96.0,3.3,39.3,1,48.4,7,188,2024,-0.4999999999999998,-0.8660254037844388,-0.09453674981719933,-0.9955213724144752,13.825,1,3.5999999999999943,74.4,89.9,73.78571428571429
2024-07-07,78.7,69.7,72.4,71.2,96.2,100,8.33,15.4,8.1,113.0,1011.8,89.5,4.1,113.0,4,30.7,7,189,2024,-0.4999999999999998,-0.8660254037844388,-0.11165900712169444,-0.9937465804361781,13.815833333333334,1,9.0,70.0,100.0,73.42857142857143
2024-07-08,80.5,71.5,75.1,71.3,88.6,100,4.17,15.4,10.3,235.6,1012.0,83.3,4.3,156.9,7,2.0,7,190,2024,-0.4999999999999998,-0.8660254037844388,-0.12874817745258066,-0.99167731989929,13.80638888888889,1,9.0,72.4,96.2,73.39999999999999
2024-07-09,80.5,71.5,76.0,71.2,86.0,100,4.17,16.3,12.8,202.5,1012.3,88.0,4.3,185.2,7,0.5,7,191,2024,-0.4999999999999998,-0.8660254037844388,-0.14579919691987442,-0.9893142039703664,13.796111111111111,1,9.0,75.1,88.6,73.92857142857143
2024-07-10,78.7,69.7,74.1,71.5,92.2,100,8.33,16.8,13.9,175.4,1012.3,88.5,3.6,71.1,3,18.0,7,192,2024,-0.4999999999999998,-0.8660254037844388,-0.16280701293851646,-0.9866579328916572,13.785277777777777,1,9.0,76.0,86.0,73.85714285714286
2024-07-11,76.9,69.7,72.7,71.4,96.0,100,8.33,20.4,6.9,111.9,1008.9,89.4,3.6,57.4,2,40.6,7,193,2024,-0.4999999999999998,-0.8660254037844388,-0.17976658572556214,-0.9837092937736098,13.773888888888889,1,7.200000000000003,74.1,92.2,73.52857142857142
2024-07-12,78.7,69.7,73.1,70.6,92.6,100,8.33,19.5,11.4,162.1,1007.2,90.5,4.1,82.1,5,29.7,7,194,2024,-0.4999999999999998,-0.8660254037844388,-0.19667288979357622,-0.9804691603616321,13.762222222222222,1,9.0,72.7,96.0,73.34285714285714
2024-07-13,84.1,69.7,75.9,69.8,82.8,100,4.17,18.3,11.4,231.3,1006.9,87.3,4.5,132.0,7,24.4,7,195,2024,-0.4999999999999998,-0.8660254037844388,-0.2135209154397959,-0.9769384927771817,13.75,1,14.399999999999991,73.1,92.6,74.18571428571428
2024-07-14,84.1,71.5,76.9,71.4,83.9,100,4.17,12.8,11.4,217.2,1007.4,83.3,4.7,187.8,7,1.0,7,196,2024,-0.4999999999999998,-0.8660254037844388,-0.23030567023061196,-0.973118337233262,13.736944444444445,1,12.599999999999994,75.9,82.8,74.82857142857144
2024-07-15,84.1,73.3,78.4,71.1,79.1,100,20.83,14.1,12.8,178.3,1010.6,80.1,4.5,177.0,6,13.0,7,197,2024,-0.4999999999999998,-0.8660254037844388,-0.24702218048093527,-0.9690098257244063,13.723611111111111,1,10.799999999999997,76.9,83.9,75.3
2024-07-16,84.1,73.3,77.1,72.3,85.9,100,4.17,14.3,8.1,128.9,1011.8,88.0,5.0,150.7,6,0.0,7,198,2024,-0.4999999999999998,-0.8660254037844388,-0.2636654927280072,-0.9646141756912435,13.71,0,10.799999999999997,78.4,79.1,75.45714285714287
2024-07-17,82.3,70.2,75.7,73.1,92.0,100,8.33,13.4,15.0,101.3,1011.0,88.5,4.6,144.5,6,25.4,7,199,2024,-0.4999999999999998,-0.8660254037844388,-0.2802306751992161,-0.9599326896597445,13.695833333333333,1,12.099999999999994,77.1,85.9,75.68571428571428
2024-07-18,85.9,71.5,76.8,72.0,86.3,100,4.17,16.3,10.3,37.9,1009.8,88.0,4.6,156.6,6,9.8,7,200,2024,-0.4999999999999998,-0.8660254037844388,-0.2967128192734901,-0.9549667548552553,13.681111111111111,1,14.400000000000006,75.7,92.0,76.27142857142857
2024-07-19,84.1,69.7,77.5,70.2,80.1,100,4.17,15.4,8.1,259.0,1008.9,78.0,5.2,131.8,8,25.7,7,201,2024,-0.4999999999999998,-0.8660254037844388,-0.3131070409358267,-0.9497178427914317,13.66611111111111,1,14.399999999999991,76.8,86.3,76.9
2024-07-20,85.9,73.3,77.4,72.3,85.5,100,4.17,15.0,9.2,186.3,1009.3,86.4,4.8,205.1,7,1.5,7,202,2024,-0.4999999999999998,-0.8660254037844388,-0.3294084822245302,-0.9441875088341994,13.650555555555556,1,12.600000000000009,77.5,80.1,77.11428571428571
2024-07-21,80.5,71.5,75.9,72.6,90.2,0,0.0,12.5,9.2,242.2,1009.7,88.0,4.2,108.4,4,23.8,7,203,2024,-0.4999999999999998,-0.8660254037844388,-0.3456123126707333,-0.9383773917408642,13.634722222222223,1,9.0,77.4,85.5,76.97142857142858
2024-07-22,82.3,69.7,75.9,72.3,89.5,0,0.0,14.3,8.1,208.7,1009.4,89.0,4.5,133.6,6,7.6,7,204,2024,-0.4999999999999998,-0.8660254037844388,-0.3617137307297674,-0.9322892131745134,13.618333333333334,1,12.599999999999994,75.9,90.2,76.61428571428571
2024-07-23,80.5,69.7,74.8,71.6,90.5,0,0.0,12.5,8.1,238.7,1008.0,88.5,4.3,126.8,4,10.7,7,205,2024,-0.4999999999999998,-0.8660254037844388,-0.37770796520396466,-0.9259247771938499,13.60138888888889,1,10.799999999999997,75.9,89.5,76.28571428571429
2024-07-24,84.1,71.5,76.1,72.3,88.6,0,0.0,13.4,9.2,241.6,1004.8,88.0,4.7,141.9,5,28.2,7,206,2024,-0.4999999999999998,-0.8660254037844388,-0.39359027665646645,-0.9192859697186105,13.584166666666667,1,12.599999999999994,74.8,90.5,76.34285714285714
2024-07-25,84.1,71.5,76.2,72.4,89.0,0,0.0,16.3,9.2,222.4,1003.7,88.0,4.6,107.5,5,29.8,7,207,2024,-0.4999999999999998,-0.8660254037844388,-0.4093559588156211,-0.9123747579707274,13.566666666666666,1,12.599999999999994,76.1,88.6,76.25714285714287
2024-07-26,84.1,71.5,77.4,72.3,85.5,0,0.0,16.1,11.4,174.5,1005.5,88.0,4.7,170.9,6,12.2,7,208,2024,-0.4999999999999998,-0.8660254037844388,-0.42500033996955394,-0.9051931898913975,13.54861111111111,1,12.599999999999994,76.2,89.0,76.24285714285715
2024-07-27,85.9,73.3,79.5,72.9,81.8,0,0.0,15.0,10.3,267.7,1007.7,88.0,5.0,190.5,7,3.3,7,209,2024,-0.4999999999999998,-0.8660254037844388,-0.4405187843504952,-0.8977433935342336,13.530555555555555,1,12.600000000000009,77.4,85.5,76.54285714285713
2024-07-28,84.1,69.7,76.8,73.4,90.3,0,0.0,13.2,8.1,226.4,1008.7,90.0,4.6,171.0,6,24.8,7,210,2024,-0.4999999999999998,-0.8660254037844388,-0.455906693508459,-0.8900275764346766,13.511666666666667,1,14.399999999999991,79.5,81.8,76.67142857142858
2024-07-29,87.7,71.5,77.8,72.9,86.7,0,0.0,13.9,10.3,190.8,1008.5,86.3,4.6,113.0,7,44.0,7,211,2024,-0.4999999999999998,-0.8660254037844388,-0.47115950767386394,-0.8820480249558535,13.492777777777778,1,16.200000000000003,76.8,90.3,76.94285714285715
2024-07-30,84.1,71.5,77.2,73.2,88.4,0,0.0,15.4,11.4,218.2,1009.8,88.0,4.4,217.9,6,18.0,7,212,2024,-0.4999999999999998,-0.8660254037844388,-0.4862727071086902,-0.8738071036110807,13.473333333333333,1,12.599999999999994,77.8,86.7,77.28571428571429
2024-07-31,85.9,67.9,77.3,69.0,78.1,100,4.17,15.4,11.4,249.9,1010.7,68.5,5.0,227.9,8,62.5,7,213,2024,-0.4999999999999998,-0.8660254037844388,-0.5012418134457756,-0.8653072543632061,13.453611111111112,1,18.0,77.2,88.4,77.45714285714287
2024-08-01,82.3,73.3,76.9,71.6,84.7,100,4.17,15.9,15.0,250.6,1009.2,71.7,4.6,171.7,8,0.3,8,214,2024,-0.8660254037844384,-0.5000000000000004,-0.5160623910158526,-0.8565509959010037,13.43361111111111,1,9.0,77.3,78.1,77.55714285714285
2024-08-02,84.1,69.7,74.9,70.5,87.5,100,4.17,14.3,11.4,152.0,1007.4,88.0,4.5,171.9,7,0.8,8,215,2024,-0.8660254037844384,-0.5000000000000004,-0.5307300481619331,-0.8475409228928312,13.413333333333334,1,14.399999999999991,76.9,84.7,77.2
2024-08-03,84.1,71.5,76.6,69.8,81.0,100,4.17,26.4,13.9,136.6,1009.5,80.6,5.1,110.8,4,5.6,8,216,2024,-0.8660254037844384,-0.5000000000000004,-0.5452404385406507,-0.8382797052177745,13.3925,1,12.599999999999994,74.9,87.5,76.78571428571429
2024-08-04,82.3,69.7,76.4,69.9,81.1,0,0.0,17.4,13.9,206.0,1012.2,72.6,5.5,166.5,5,0.0,8,217,2024,-0.8660254037844384,-0.5000000000000004,-0.5595892624101763,-0.828770087174504,13.37138888888889,0,12.599999999999994,76.6,81.0,76.72857142857143
2024-08-05,84.1,71.5,76.5,70.8,83.8,100,4.17,14.3,12.8,228.3,1012.1,74.3,4.7,178.3,7,1.0,8,218,2024,-0.8660254037844384,-0.5000000000000004,-0.5737722679043243,-0.8190148866680802,13.350277777777778,1,12.599999999999994,76.4,81.1,76.54285714285716
2024-08-06,78.7,69.7,73.1,70.3,91.6,100,8.33,11.6,10.3,171.0,1011.0,93.5,3.7,47.5,2,73.4,8,219,2024,-0.8660254037844384,-0.5000000000000004,-0.5877852522924734,-0.8090169943749472,13.328611111111112,1,9.0,76.5,83.8,75.95714285714284
2024-08-07,80.5,69.7,73.9,71.1,91.8,100,8.33,17.9,10.3,199.5,1011.8,86.4,4.4,111.4,5,25.9,8,220,2024,-0.8660254037844384,-0.5000000000000004,-0.6016240632249227,-0.7987793728863648,13.306944444444444,1,10.799999999999997,73.1,91.6,75.47142857142858
2024-08-08,82.3,69.7,73.3,71.4,94.3,100,8.33,18.6,8.1,176.8,1012.7,88.0,4.1,165.0,8,20.8,8,221,2024,-0.8660254037844384,-0.5000000000000004,-0.6152845999633277,-0.7883050558305253,13.285,1,12.599999999999994,73.9,91.8,74.95714285714287
2024-08-09,78.7,69.7,73.0,71.1,94.3,100,8.33,18.3,9.2,149.3,1013.6,88.0,4.0,137.4,5,5.1,8,222,2024,-0.8660254037844384,-0.5000000000000004,-0.6287628145958345,-0.7775971469736268,13.2625,1,9.0,73.3,94.3,74.68571428571428
2024-08-10,78.7,69.7,73.7,70.2,89.5,100,4.17,17.2,8.1,189.5,1012.3,88.5,4.1,88.7,3,0.8,8,223,2024,-0.8660254037844384,-0.5000000000000004,-0.6420547132365636,-0.7666588193001592,13.240277777777777,1,9.0,73.0,94.3,74.27142857142857
2024-08-11,78.7,69.7,73.1,71.4,94.8,100,8.33,14.1,10.3,175.6,1011.8,89.0,3.9,72.3,3,29.0,8,224,2024,-0.8660254037844384,-0.5000000000000004,-0.655156357209085,-0.7554933140726804,13.217222222222222,1,9.0,73.7,89.5,73.8
2024-08-12,80.5,71.5,75.3,71.3,88.3,100,37.5,15.0,12.8,211.7,1012.4,88.0,4.6,177.7,7,22.2,8,225,2024,-0.8660254037844384,-0.5000000000000004,-0.6680638642135333,-0.7441039398713608,13.194166666666666,1,9.0,73.1,94.8,73.62857142857142
2024-08-13,84.1,71.5,75.1,71.6,90.3,100,8.33,13.9,13.9,188.0,1013.5,83.8,4.1,138.7,6,15.2,8,226,2024,-0.8660254037844384,-0.5000000000000004,-0.6807734094770159,-0.7324940716135792,13.171111111111111,1,12.599999999999994,75.3,88.3,73.91428571428571
2024-08-14,84.1,69.7,75.6,70.7,85.9,100,4.17,13.9,8.34,113.5,1014.2,89.5,4.0,96.5,3,14.7,8,227,2024,-0.8660254037844384,-0.5000000000000004,-0.6932812268869771,-0.7206671495538615,13.1475,1,14.399999999999991,75.1,90.3,74.15714285714286
2024-08-15,85.9,71.5,75.6,69.6,82.9,100,4.17,16.8,19.7,187.4,1013.2,81.7,4.9,221.3,8,1.3,8,228,2024,-0.8660254037844384,-0.5000000000000004,-0.7055836101071774,-0.7086266782644601,13.124166666666667,1,14.400000000000006,75.6,85.9,74.48571428571428
2024-08-16,84.1,66.1,75.0,68.7,81.9,100,4.17,14.3,11.4,224.1,1012.7,72.8,4.7,226.2,7,1.8,8,229,2024,-0.8660254037844384,-0.5000000000000004,-0.7176769136759615,-0.6963762255968726,13.1,1,18.0,75.6,82.9,74.77142857142857
2024-08-17,85.9,69.7,76.8,70.3,82.0,100,4.17,13.6,12.8,228.2,1013.5,76.9,4.7,244.3,9,13.7,8,230,2024,-0.8660254037844384,-0.5000000000000004,-0.7295575540864876,-0.6839194216246105,13.07611111111111,1,16.200000000000003,75.0,81.9,75.21428571428571
2024-08-18,84.1,67.9,74.3,69.9,88.0,100,8.33,13.6,12.8,128.9,1014.9,88.3,4.3,200.1,7,27.7,8,231,2024,-0.8660254037844384,-0.5000000000000004,-0.7412220108485957,-0.6712599575675315,13.051666666666666,1,16.19999999999999,76.8,82.0,75.38571428571427
2024-08-19,82.3,69.7,74.1,70.7,90.4,100,4.17,17.0,10.3,163.4,1013.3,88.0,4.1,204.7,7,7.9,8,232,2024,-0.8660254037844384,-0.5000000000000004,-0.7526668275320083,-0.6584015846980489,13.027222222222223,1,12.599999999999994,74.3,88.0,75.21428571428571
2024-08-20,78.7,67.9,72.3,69.9,92.5,100,25.0,13.4,9.2,66.9,1014.1,88.0,4.2,34.5,1,6.9,8,233,2024,-0.8660254037844384,-0.5000000000000004,-0.7638886127905429,-0.64534811322955,13.003055555555555,1,10.799999999999997,74.1,90.4,74.8142857142857
2024-08-21,75.1,67.9,70.5,70.0,98.3,0,0.0,13.4,9.2,296.1,1014.9,90.0,3.3,133.6,4,1.3,8,234,2024,-0.8660254037844384,-0.5000000000000004,-0.7748840413670406,-0.6321034111873488,12.978055555555555,1,7.199999999999989,72.3,92.5,74.08571428571427
2024-08-22,80.5,67.9,73.1,70.0,91.0,0,0.0,14.1,9.2,184.5,1014.0,88.0,4.2,110.9,4,6.5,8,235,2024,-0.8660254037844384,-0.5000000000000004,-0.7856498550787144,-0.6186714032625032,12.953055555555556,1,12.599999999999994,70.5,98.3,73.72857142857143
2024-08-23,82.3,71.5,74.6,71.3,90.3,0,0.0,16.1,9.2,235.8,1014.4,88.0,4.2,145.0,6,7.7,8,236,2024,-0.8660254037844384,-0.5000000000000004,-0.7961828637826154,-0.6050560696488494,12.928333333333333,1,10.799999999999997,73.1,91.0,73.67142857142856
2024-08-24,84.1,69.7,75.6,70.8,86.7,0,0.0,18.8,15.0,152.7,1014.3,84.8,4.5,210.0,7,5.6,8,237,2024,-0.8660254037844384,-0.5000000000000004,-0.8064799463209447,-0.5912614448635782,12.903055555555556,1,14.399999999999991,74.6,90.3,73.5
2024-08-25,84.1,69.7,75.3,69.7,84.5,0,0.0,13.4,13.9,208.3,1012.8,70.6,4.7,217.7,7,4.0,8,238,2024,-0.8660254037844384,-0.5000000000000004,-0.8165380514459157,-0.5772916165517278,12.877777777777778,1,14.399999999999991,75.6,86.7,73.64285714285714
2024-08-26,84.1,69.7,73.0,70.3,92.3,0,0.0,12.5,15.0,169.5,1013.1,81.6,4.0,170.0,7,8.7,8,239,2024,-0.8660254037844384,-0.5000000000000004,-0.8263541987239095,-0.5631507242749187,12.852222222222222,1,14.399999999999991,75.3,84.5,73.48571428571428
2024-08-27,82.3,67.9,72.6,69.4,90.7,100,4.17,17.7,9.2,127.9,1014.6,88.0,4.2,169.8,8,7.6,8,240,2024,-0.8660254037844384,-0.5000000000000004,-0.8359254794186365,-0.5488429582847199,12.826666666666666,1,14.399999999999991,73.0,92.3,73.52857142857142
2024-08-28,84.1,69.7,76.2,70.5,84.0,0,0.0,15.0,12.8,207.1,1014.3,81.7,4.5,206.2,8,0.0,8,241,2024,-0.8660254037844384,-0.5000000000000004,-0.8452490573530634,-0.5343725582809785,12.800833333333333,0,14.399999999999991,72.6,90.7,74.34285714285714
2024-08-29,84.1,69.7,74.5,70.7,89.0,100,8.33,15.9,12.8,154.4,1014.5,84.8,4.1,189.0,8,2.8,8,242,2024,-0.8660254037844384,-0.5000000000000004,-0.8543221697498269,-0.5197438121555157,12.775,1,14.399999999999991,76.2,84.0,74.54285714285713
2024-08-30,87.7,67.9,76.8,68.4,78.1,100,4.17,16.1,12.8,264.0,1014.8,44.9,5.3,247.5,9,6.6,8,243,2024,-0.8660254037844384,-0.5000000000000004,-0.8631421280499115,-0.5049610547215202,12.749166666666667,1,19.799999999999997,74.5,89.0,74.85714285714286
2024-08-31,87.7,71.5,77.5,72.1,85.1,100,4.17,16.1,13.9,205.3,1014.3,73.8,4.2,220.9,8,0.5,8,244,2024,-0.8660254037844384,-0.5000000000000004,-0.8717063187093218,-0.4900286664290594,12.723055555555556,1,16.200000000000003,76.8,78.1,75.12857142857142
2024-09-01,73.3,69.7,71.2,71.0,99.3,100,4.17,15.7,8.1,74.6,1015.6,90.0,3.7,59.8,2,0.0,9,245,2024,-1.0,-1.8369701987210297e-16,-0.8800122039735356,-0.4749510720670502,12.696944444444444,0,3.5999999999999943,77.5,85.1,74.54285714285713
2024-09-02,84.1,69.7,75.5,69.4,83.0,100,4.17,14.8,11.4,216.9,1015.9,83.3,4.5,185.6,7,0.0,9,246,2024,-1.0,-1.8369701987210297e-16,-0.888057322629493,-0.4597327394521046,12.670555555555556,0,14.399999999999991,71.2,99.3,74.89999999999999
2024-09-03,82.3,67.9,74.1,69.9,88.1,100,4.17,15.0,9.2,67.8,1015.9,75.9,4.3,211.4,8,4.0894,9,247,2024,-1.0,-1.8369701987210297e-16,-0.8958392907349089,-0.44437817810461344,12.644166666666667,1,14.399999999999991,75.5,83.0,75.11428571428571
2024-09-04,82.3,69.7,74.4,69.7,86.6,0,0.0,15.7,13.9,235.8,1012.7,86.4,4.3,177.1,7,0.0,9,248,2024,-1.0,-1.8369701987210297e-16,-0.9033558023246842,-0.4288919379124841,12.618055555555555,0,12.599999999999994,74.1,88.1,74.85714285714286
2024-09-05,78.7,67.9,73.1,69.5,89.1,0,0.0,14.3,8.58,134.0,1011.1,88.0,3.9,125.9,5,17.4,9,249,2024,-1.0,-1.8369701987210297e-16,-0.9106046300942162,-0.41327860778290443,12.591388888888888,1,10.799999999999997,74.4,86.6,74.65714285714286
2024-09-06,82.3,67.9,73.9,69.3,87.2,0,0.0,23.3,13.9,170.2,1013.5,83.3,4.6,144.7,8,33.2,9,250,2024,-1.0,-1.8369701987210297e-16,-0.9175836260593934,-0.3975428142825566,12.564722222222223,1,14.399999999999991,73.1,89.1,74.24285714285715
2024-09-07,85.9,69.7,76.5,69.1,80.5,0,0.0,15.4,11.4,214.3,1013.7,61.2,5.3,187.8,9,5.0,9,251,2024,-1.0,-1.8369701987210297e-16,-0.9242907221930934,-0.3816892202666586,12.538333333333334,1,16.200000000000003,73.9,87.2,74.10000000000001
2024-09-08,85.9,69.7,77.0,68.6,77.3,0,0.0,14.5,15.0,207.2,1013.5,61.7,5.0,209.6,8,0.0,9,252,2024,-1.0,-1.8369701987210297e-16,-0.9307239310379793,-0.3657225234972692,12.511388888888888,0,16.200000000000003,76.5,80.5,74.92857142857143
2024-09-09,84.1,69.7,76.1,70.2,83.5,0,0.0,16.3,11.4,161.1,1012.0,73.8,4.5,165.6,7,0.0,9,253,2024,-1.0,-1.8369701987210297e-16,-0.9368813462954315,-0.34964745525122826,12.484722222222222,0,14.399999999999991,77.0,77.3,75.01428571428572
2024-09-10,85.9,71.5,77.1,70.5,82.1,0,0.0,15.0,12.8,164.4,1011.3,62.2,4.7,203.1,8,0.0,9,254,2024,-1.0,-1.8369701987210297e-16,-0.9427611433904206,-0.33346877891818705,12.458055555555555,0,14.400000000000006,76.1,83.5,75.44285714285715
2024-09-11,85.9,71.5,77.4,70.2,79.9,0,0.0,19.5,12.8,192.7,1011.9,55.3,5.2,200.6,8,0.0,9,255,2024,-1.0,-1.8369701987210297e-16,-0.9483615800121716,-0.31719128858910595,12.430833333333334,0,14.400000000000006,77.1,82.1,75.87142857142858
2024-09-12,82.3,71.5,75.5,69.4,82.1,100,4.17,19.2,9.2,105.4,1012.9,75.9,4.4,151.8,6,0.8,9,256,2024,-1.0,-1.8369701987210297e-16,-0.9536809966304455,-0.300819807635668,12.404166666666667,1,10.799999999999997,77.4,79.9,76.21428571428571
2024-09-13,84.1,67.9,74.1,69.2,86.3,0,0.0,15.0,11.4,60.8,1011.5,71.7,4.6,181.2,7,6.2,9,257,2024,-1.0,-1.8369701987210297e-16,-0.9587178169872964,-0.2843591872810036,12.377222222222223,1,16.19999999999999,75.5,82.1,76.24285714285713
2024-09-14,78.7,67.9,71.8,68.4,90.1,100,8.33,17.9,15.0,195.1,1010.7,76.9,4.3,116.8,6,0.5,9,258,2024,-1.0,-1.8369701987210297e-16,-0.9634705485641486,-0.26781430516217486,12.35,1,10.799999999999997,74.1,86.3,75.57142857142857
2024-09-15,80.5,66.1,72.2,67.2,86.3,100,4.17,17.4,11.4,269.0,1011.1,88.0,4.3,125.6,5,1.0,9,259,2024,-1.0,-1.8369701987210297e-16,-0.9679377830240642,-0.25119006388481957,12.323055555555555,1,14.400000000000006,71.8,90.1,74.88571428571427
2024-09-16,80.5,67.9,73.0,67.8,84.9,100,4.17,10.5,6.9,288.1,1013.0,88.0,4.8,77.8,3,22.6,9,260,2024,-1.0,-1.8369701987210297e-16,-0.9721181966290612,-0.23449138957041052,12.296111111111111,1,12.599999999999994,72.2,86.3,74.44285714285715
2024-09-17,82.3,69.7,74.4,69.3,85.4,100,4.17,17.0,6.9,108.6,1015.0,77.5,4.4,128.4,5,0.0,9,261,2024,-1.0,-1.8369701987210297e-16,-0.9760105506323682,-0.21772323039653224,12.268611111111111,0,12.599999999999994,73.0,84.9,74.05714285714285
2024-09-18,85.9,67.9,76.5,69.3,80.1,0,0.0,15.7,10.3,192.7,1014.8,38.6,4.7,235.7,8,3.7,9,262,2024,-1.0,-1.8369701987210297e-16,-0.9796136916454901,-0.20089055513063528,12.241666666666667,1,18.0,74.4,85.4,73.92857142857143
2024-09-19,85.9,71.5,78.1,70.5,79.4,0,0.0,14.3,10.3,260.2,1014.4,52.2,4.7,227.5,8,0.0,9,263,2024,-1.0,-1.8369701987210297e-16,-0.9829265519799822,-0.18399835165767986,12.214444444444444,0,14.400000000000006,76.5,80.1,74.3
2024-09-20,84.1,71.5,75.8,71.8,88.5,100,4.17,12.3,11.4,75.1,1014.5,81.7,4.2,177.3,7,1.3,9,264,2024,-1.0,-1.8369701987210297e-16,-0.9859481499638303,-0.1670516255021195,12.187222222222223,1,12.599999999999994,78.1,79.4,74.54285714285713
2024-09-21,85.9,69.7,77.0,69.1,79.1,100,4.17,13.2,10.3,78.1,1015.6,84.8,4.8,156.6,7,12.8,9,265,2024,-1.0,-1.8369701987210297e-16,-0.9886775902323404,-0.15005539834465262,12.16,1,16.200000000000003,75.8,88.5,75.28571428571429
2024-09-22,87.7,73.3,78.4,68.6,73.4,0,0.0,12.8,9.2,178.3,1015.0,63.8,4.7,247.6,8,0.0,9,266,2024,-1.0,-1.8369701987210297e-16,-0.9911140639934546,-0.13301470653419636,12.132777777777777,0,14.400000000000006,77.0,79.1,76.17142857142858
2024-09-23,89.5,71.5,78.9,69.1,73.9,0,0.0,13.6,10.3,250.6,1015.2,46.5,4.9,231.7,8,2.9,9,267,2024,-1.0,-1.8369701987210297e-16,-0.9932568492674143,-0.11593459959550066,12.105555555555556,1,18.0,78.4,73.4,77.01428571428572
2024-09-24,82.3,73.3,75.6,69.4,81.9,100,4.17,14.8,10.3,207.7,1015.1,81.2,4.1,177.5,8,0.0,9,268,2024,-1.0,-1.8369701987210297e-16,-0.9951053111006974,-0.09882013873287211,12.078333333333333,0,9.0,78.9,73.9,77.18571428571428
2024-09-25,80.5,67.9,73.9,68.3,83.4,100,4.17,12.8,8.1,235.3,1015.4,88.0,4.3,95.6,3,0.8,9,269,2024,-1.0,-1.8369701987210297e-16,-0.99665890175417,-0.08167639533042288,12.051111111111112,1,12.599999999999994,75.6,81.9,76.81428571428572
2024-09-26,75.1,67.9,72.3,68.4,88.2,0,0.0,34.0,9.2,110.0,1014.7,88.0,4.4,49.9,3,0.0,9,270,2024,-1.0,-1.8369701987210297e-16,-0.9979171608653922,-0.06450844944931625,12.023888888888889,0,7.199999999999989,73.9,83.4,75.98571428571428
2024-09-27,67.9,64.3,66.0,66.0,100.0,100,8.33,35.1,6.9,86.1,1015.9,95.5,3.0,13.5,0,97.0,9,271,2024,-1.0,-1.8369701987210297e-16,-0.9988797155850335,-0.04732138832243232,11.99638888888889,1,3.6000000000000085,72.3,88.2,74.58571428571429
2024-09-28,66.1,62.5,64.2,64.1,99.9,100,8.33,24.8,5.8,71.9,1016.3,96.5,3.1,18.5,1,164.3,9,272,2024,-1.0,-1.8369701987210297e-16,-0.9995462806873573,-0.03012030484690836,11.969444444444445,1,3.5999999999999943,66.0,100.0,72.75714285714287
2024-09-29,78.7,62.5,69.7,65.3,87.0,100,8.33,17.4,9.2,259.2,1017.0,79.0,4.3,196.8,7,0.0,9,273,2024,-1.0,-1.8369701987210297e-16,-0.9999166586547379,-0.012910296075008843,11.942222222222222,0,16.200000000000003,64.2,99.9,71.51428571428572
2024-09-30,80.5,66.1,72.4,67.9,87.3,0,0.0,18.1,10.3,272.7,1015.2,68.0,4.8,173.4,6,0.0,9,274,2024,-1.0,-1.8369701987210297e-16,-0.9999907397361901,0.004303538296243821,11.914722222222222,0,14.400000000000006,69.7,87.0,70.58571428571429
2024-10-01,84.1,69.7,75.3,69.8,84.3,0,0.0,16.1,11.4,261.5,1012.8,63.3,4.9,182.0,6,0.0,10,275,2024,-0.8660254037844386,0.5000000000000001,-0.9997685019798909,0.021516097436222233,11.887777777777778,0,14.399999999999991,72.4,87.3,70.54285714285714
2024-10-02,82.3,71.5,75.7,70.2,84.1,100,4.17,12.3,15.0,222.0,1012.4,82.8,4.3,180.8,6,1.0,10,276,2024,-0.8660254037844386,0.5000000000000001,-0.9992500112396835,0.03872228089217399,11.860555555555555,1,10.799999999999997,75.3,84.3,70.8
2024-10-03,80.5,67.9,73.6,69.0,86.7,100,4.17,14.1,10.3,219.9,1013.0,80.6,4.2,88.3,5,4.6,10,277,2024,-0.8660254037844386,0.5000000000000001,-0.9984354211555643,0.05591699010060302,11.833333333333334,1,12.599999999999994,75.7,84.1,70.9857142857143
2024-10-04,80.5,69.7,73.4,68.0,84.2,0,0.0,16.8,10.3,249.7,1013.6,71.7,4.7,166.0,7,0.0,10,278,2024,-0.8660254037844386,0.5000000000000001,-0.9973249731081555,0.07309512989807776,11.80638888888889,0,10.799999999999997,73.6,86.7,72.04285714285714
2024-10-05,78.7,67.9,73.1,67.2,83.0,0,0.0,6.3,10.3,234.8,1015.7,86.4,4.6,179.6,7,0.0,10,279,2024,-0.8660254037844386,0.5000000000000001,-0.9959189961471792,0.0902516100310407,11.779444444444444,0,10.799999999999997,73.4,84.2,73.31428571428572
2024-10-06,80.5,66.1,72.7,66.0,80.6,0,0.0,14.1,9.2,248.8,1019.0,80.1,4.5,177.2,7,0.0,10,280,2024,-0.8660254037844386,0.5000000000000001,-0.994217906893952,0.10738134666416306,11.752222222222223,0,14.400000000000006,73.1,83.0,73.74285714285715
2024-10-07,80.5,64.5,72.6,66.1,81.5,0,0.0,14.5,10.3,252.1,1021.3,63.2,4.6,167.8,6,0.0,10,281,2024,-0.8660254037844386,0.5000000000000001,-0.9922222094179324,0.12447926388678869,11.725555555555555,0,16.0,72.7,80.6,73.77142857142857
2024-10-08,80.5,67.9,72.8,65.1,78.3,0,0.0,14.8,10.3,268.1,1020.6,58.5,5.2,201.1,7,0.0,10,282,2024,-0.8660254037844386,0.5000000000000001,-0.989932495087353,0.141540295217043,11.698333333333334,0,12.599999999999994,72.6,81.5,73.41428571428571
2024-10-09,80.5,64.3,72.2,63.2,75.3,0,0.0,16.3,11.4,274.6,1017.9,41.7,5.0,211.5,8,0.0,10,283,2024,-0.8660254037844386,0.5000000000000001,-0.9873494423939864,0.15855938510313475,11.671666666666667,0,16.200000000000003,72.8,78.3,72.91428571428571
2024-10-10,80.5,64.3,71.1,62.9,77.1,0,0.0,16.8,9.2,272.1,1016.7,62.8,4.7,201.8,8,0.0,10,284,2024,-0.8660254037844386,0.5000000000000001,-0.9844738167520923,0.17553149042142777,11.645,0,16.200000000000003,72.2,75.3,72.55714285714285
2024-10-11,80.5,64.3,71.4,61.5,72.6,0,0.0,17.0,12.8,267.2,1016.1,52.3,4.3,199.8,8,0.0,10,285,2024,-0.8660254037844386,0.5000000000000001,-0.9813064702716093,0.19245158197082995,11.618055555555555,0,16.200000000000003,71.1,77.1,72.27142857142857
2024-10-12,78.7,64.3,70.1,60.8,74.8,0,0.0,17.2,10.3,256.5,1017.7,62.3,4.4,188.5,8,0.0,10,286,2024,-0.8660254037844386,0.5000000000000001,-0.9778483415056568,0.20931464596304888,11.591388888888888,0,14.400000000000006,71.4,72.6,71.84285714285714
2024-10-13,76.9,60.7,68.5,61.3,79.9,0,0.0,8.3,10.3,231.2,1018.9,36.0,4.5,220.0,8,0.0,10,287,2024,-0.8660254037844386,0.5000000000000001,-0.9741004551724206,0.22611568550828803,11.565,0,16.200000000000003,70.1,74.8,71.24285714285715
2024-10-14,76.9,64.3,69.6,61.8,77.3,0,0.0,17.4,10.3,231.0,1018.9,67.5,4.3,153.9,5,0.0,10,288,2024,-0.8660254037844386,0.5000000000000001,-0.970063921851507,0.2428497220959358,11.538333333333334,0,12.600000000000009,68.5,79.9,70.81428571428572
2024-10-15,76.9,60.7,68.3,61.8,81.5,0,0.0,17.0,8.1,254.0,1017.5,33.3,4.1,171.0,6,0.0,10,289,2024,-0.8660254037844386,0.5000000000000001,-0.965739937654855,0.25951179706979943,11.511944444444444,0,16.200000000000003,69.6,77.3,70.17142857142856
2024-10-16,76.9,62.5,68.4,61.0,78.6,0,0.0,15.7,9.2,230.2,1017.6,70.3,4.0,190.9,7,0.0,10,290,2024,-0.8660254037844386,0.5000000000000001,-0.9611297838723007,0.27609697309746883,11.485833333333334,0,14.400000000000006,68.3,81.5,69.62857142857143
2024-10-17,75.1,62.5,67.8,61.2,80.7,0,0.0,15.9,9.2,261.6,1018.3,63.3,3.5,174.3,7,0.0,10,291,2024,-0.8660254037844386,0.5000000000000001,-0.9562348265919058,0.2926003356333479,11.459444444444445,0,12.599999999999994,68.4,78.6,69.15714285714286
2024-10-18,75.1,60.7,67.2,60.9,81.6,100,4.17,14.8,9.2,254.8,1017.8,59.7,4.0,173.2,7,0.0,10,292,2024,-0.8660254037844386,0.5000000000000001,-0.9510565162951536,0.30901699437494723,11.433333333333334,0,14.399999999999991,67.8,80.7,68.55714285714286
2024-10-19,75.1,58.9,66.6,59.1,77.9,0,0.0,14.5,8.1,247.9,1018.6,50.6,3.6,175.0,7,0.0,10,293,2024,-0.8660254037844386,0.5000000000000001,-0.9455963874271428,0.3253420847119795,11.4075,0,16.199999999999996,67.2,81.6,68.05714285714285
2024-10-20,75.1,62.5,67.1,59.2,76.7,0,0.0,16.8,12.8,193.1,1020.5,61.7,3.8,179.8,7,0.0,10,294,2024,-0.8660254037844386,0.5000000000000001,-0.9398560579418953,0.341570769167856,11.381388888888889,0,12.599999999999994,66.6,77.9,67.85714285714286
2024-10-21,76.9,57.1,65.9,58.2,77.9,0,0.0,8.1,10.3,140.2,1020.8,36.5,3.9,215.6,8,0.0,10,295,2024,-0.8660254037844386,0.5000000000000001,-0.9338372288229252,0.35769823883312546,11.355833333333333,0,19.800000000000004,67.1,76.7,67.32857142857142
2024-10-22,80.5,58.9,68.1,56.8,70.8,0,0.0,16.1,11.4,226.5,1021.1,35.5,4.3,203.5,8,0.0,10,296,2024,-0.8660254037844386,0.5000000000000001,-0.9275416835791965,0.3737197147904692,11.330277777777777,0,21.6,65.9,77.9,67.3
2024-10-23,82.3,58.9,69.6,58.3,70.3,0,0.0,13.6,8.1,237.8,1020.1,35.5,4.9,200.8,8,0.0,10,297,2024,-0.8660254037844386,0.5000000000000001,-0.9209712877166346,0.38963044953078774,11.304722222222223,0,23.4,68.1,70.8,67.47142857142856
2024-10-24,78.7,62.5,69.0,59.4,73.5,0,0.0,16.6,11.4,249.8,1018.8,32.8,4.6,203.9,8,0.2,10,298,2024,-0.8660254037844386,0.5000000000000001,-0.9141279881853337,0.4054257283599973,11.279444444444444,1,16.200000000000003,69.6,70.3,67.64285714285714
2024-10-25,75.1,62.5,67.5,61.1,81.0,0,0.0,17.0,11.4,210.4,1017.8,60.7,4.5,191.0,7,0.3,10,299,2024,-0.8660254037844386,0.5000000000000001,-0.9070138128026362,0.42110087079608916,11.254444444444445,1,12.599999999999994,69.0,73.5,67.68571428571428
2024-10-26,75.1,60.7,67.5,61.5,82.8,0,0.0,11.6,9.2,215.9,1018.3,52.8,4.5,213.8,8,0.0,10,300,2024,-0.8660254037844386,0.5000000000000001,-0.8996308696522434,0.4366512319560638,11.229166666666666,0,14.399999999999991,67.5,81.0,67.81428571428572
2024-10-27,78.7,62.5,69.9,63.4,81.6,0,0.0,14.8,11.4,272.1,1017.6,43.8,4.6,204.2,8,0.3,10,301,2024,-0.8660254037844386,0.5000000000000001,-0.8919813464595487,0.45207220393230374,11.204444444444444,1,16.200000000000003,67.5,82.8,68.21428571428571
2024-10-28,78.7,59.3,70.2,63.3,80.1,0,0.0,6.3,9.2,267.4,1016.4,45.5,5.0,219.7,8,0.0,10,302,2024,-0.8660254037844386,0.5000000000000001,-0.8840675099433637,0.46735921715800205,11.179722222222223,0,19.400000000000006,69.9,81.6,68.82857142857144
2024-10-29,78.7,62.5,69.9,61.5,76.9,0,0.0,15.9,10.3,267.9,1016.9,40.7,4.9,209.1,8,0.0,10,303,2024,-0.8660254037844386,0.5000000000000001,-0.8758917051442433,0.48250774176121763,11.155277777777778,0,16.200000000000003,70.2,80.1,69.08571428571429
2024-10-30,78.7,60.7,69.2,60.3,75.0,0,0.0,15.9,9.2,253.3,1017.5,31.8,4.7,153.9,7,0.5,10,304,2024,-0.8660254037844386,0.5000000000000001,-0.867456354729597,0.4975132889071803,11.13111111111111,1,18.0,69.9,76.9,69.02857142857144
2024-10-31,76.9,60.7,68.6,60.6,77.0,0,0.0,14.1,10.3,248.0,1018.1,41.8,4.2,117.7,6,0.0,10,305,2024,-0.8660254037844386,0.5000000000000001,-0.858763958275803,0.5123714121284235,11.106944444444444,0,16.200000000000003,69.2,75.0,68.97142857142858
2024-11-01,76.9,60.7,68.4,61.4,80.1,0,0.0,13.6,12.8,207.9,1019.2,52.3,3.9,131.6,5,1.6,11,306,2024,-0.5000000000000004,0.8660254037844384,-0.8498170915275277,0.5270777086423724,11.083055555555555,1,16.200000000000003,68.6,77.0,69.10000000000001
2024-11-02,75.1,66.1,68.9,61.8,78.6,0,0.0,11.4,6.9,219.1,1020.7,88.0,3.4,144.1,6,0.6,11,307,2024,-0.5000000000000004,0.8660254037844384,-0.8406184056344783,0.5416278206559811,11.059166666666666,1,9.0,68.4,80.1,69.3
2024-11-03,76.9,62.5,67.5,63.0,87.0,0,0.0,12.5,9.2,4.7,1021.4,83.8,3.2,165.0,6,6.7,11,308,2024,-0.5000000000000004,0.8660254037844384,-0.8311706263658079,0.5560174366570446,11.035833333333333,1,14.400000000000006,68.9,78.6,68.95714285714286
2024-11-04,69.7,60.7,63.9,59.8,87.3,0,0.0,11.6,11.4,65.4,1020.9,86.4,4.1,111.1,5,12.2,11,309,2024,-0.5000000000000004,0.8660254037844384,-0.8214765533024145,0.5702422926917867,11.012777777777778,1,9.0,67.5,87.0,68.05714285714286
2024-11-05,76.9,57.1,64.9,55.6,75.5,100,4.17,10.5,11.4,154.7,1022.3,59.6,5.1,182.5,7,0.1,11,310,2024,-0.5000000000000004,0.8660254037844384,-0.8115390590073611,0.5842981736283683,10.99,1,19.800000000000004,63.9,87.3,67.34285714285714
2024-11-06,75.1,55.3,64.3,55.2,75.0,0,0.0,13.2,11.4,297.9,1022.3,32.8,4.7,204.5,8,0.0,11,311,2024,-0.5000000000000004,0.8660254037844384,-0.8013610881746769,0.5981809144059159,10.966944444444444,0,19.799999999999997,64.9,75.5,66.64285714285714
2024-11-07,75.1,55.3,64.6,55.2,75.0,0,0.0,12.8,10.3,275.6,1021.4,25.0,4.9,205.0,8,0.0,11,312,2024,-0.5000000000000004,0.8660254037844384,-0.7909456567567774,0.6118864012687242,10.944444444444445,0,19.799999999999997,64.3,75.0,66.07142857142857
2024-11-08,73.3,57.1,64.7,57.3,79.3,0,0.0,14.5,9.2,238.2,1021.3,48.5,4.4,181.5,6,0.0,11,313,2024,-0.5000000000000004,0.8660254037844384,-0.780295851070776,0.6254105729852457,10.9225,0,16.199999999999996,64.6,75.0,65.54285714285713
2024-11-09,73.3,58.9,65.1,57.2,77.5,0,0.0,9.4,9.2,239.7,1021.4,60.6,4.2,113.1,4,0.0,11,314,2024,-0.5000000000000004,0.8660254037844384,-0.7694148268839381,0.6387494220515268,10.900833333333333,0,14.399999999999999,64.7,79.3,65.0
2024-11-10,73.3,58.9,65.2,56.5,75.3,0,0.0,10.7,9.2,250.2,1021.7,61.6,4.2,122.8,5,0.4,11,315,2024,-0.5000000000000004,0.8660254037844384,-0.7583058084785625,0.6518989958787125,10.879166666666666,1,14.399999999999999,65.1,77.5,64.67142857142856
2024-11-11,75.1,57.1,64.6,55.4,74.5,0,0.0,14.8,10.3,262.7,1020.8,42.6,4.7,154.6,6,0.0,11,316,2024,-0.5000000000000004,0.8660254037844384,-0.7469720876965551,0.6648553979642867,10.858055555555556,0,17.999999999999993,65.2,75.3,64.77142857142857
2024-11-12,75.1,55.3,63.6,55.5,78.1,0,0.0,14.8,10.3,247.5,1019.9,33.4,4.0,151.5,6,0.0,11,317,2024,-0.5000000000000004,0.8660254037844384,-0.7354170229639858,0.6776147890466887,10.837222222222222,0,19.799999999999997,64.6,74.5,64.58571428571427
2024-11-13,75.1,53.5,62.5,52.1,70.9,0,0.0,15.2,8.1,215.3,1018.7,27.1,3.7,140.6,5,0.0,11,318,2024,-0.5000000000000004,0.8660254037844384,-0.7236440382959123,0.690173388242972,10.81638888888889,0,21.599999999999994,63.6,78.1,64.32857142857142
2024-11-14,73.3,55.3,62.9,55.9,80.3,0,0.0,16.1,9.2,257.4,1020.0,40.5,3.5,153.1,6,0.0,11,319,2024,-0.5000000000000004,0.8660254037844384,-0.7116566222817751,0.7025274741691566,10.796111111111111,0,18.0,62.5,70.9,64.08571428571429
2024-11-15,73.3,53.5,62.1,54.9,80.0,0,0.0,15.2,9.2,224.9,1018.9,25.0,3.4,143.4,6,0.0,11,320,2024,-0.5000000000000004,0.8660254037844384,-0.6994583270516471,0.7146733860429608,10.776388888888889,0,19.799999999999997,62.9,80.3,63.71428571428571
2024-11-16,71.5,55.3,61.9,55.2,80.6,0,0.0,16.3,8.1,222.5,1017.9,44.4,3.4,155.3,6,0.0,11,321,2024,-0.5000000000000004,0.8660254037844384,-0.6870527672236675,0.726607524768565,10.756944444444445,0,16.200000000000003,62.1,80.0,63.25714285714286
2024-11-17,71.5,55.3,61.9,53.9,75.6,0,0.0,8.5,9.2,204.6,1018.4,51.2,3.7,182.7,7,0.0,11,322,2024,-0.5000000000000004,0.8660254037844384,-0.6744436188329457,0.7383263540031063,10.7375,0,16.200000000000003,61.9,80.6,62.785714285714285
2024-11-18,71.5,53.5,60.3,51.1,74.2,100,8.33,15.0,8.1,195.5,1020.2,36.0,3.8,151.3,6,0.0,11,323,2024,-0.5000000000000004,0.8660254037844384,-0.661634618242279,0.749826401204568,10.71861111111111,0,18.0,61.9,75.6,62.17142857142857
2024-11-19,71.5,49.9,59.6,50.3,74.6,100,12.5,13.4,8.1,192.9,1021.2,29.2,4.3,136.2,6,0.0,11,324,2024,-0.5000000000000004,0.8660254037844384,-0.6486295610349818,0.7611042586607742,10.700555555555555,0,21.6,60.3,74.2,61.60000000000001
2024-11-20,69.7,49.9,58.8,49.7,74.6,100,29.17,13.0,9.2,216.1,1020.3,32.8,4.6,125.3,5,1.3,11,325,2024,-0.5000000000000004,0.8660254037844384,-0.6354323008901775,0.7721565844991641,10.6825,1,19.800000000000004,59.6,74.6,61.07142857142857
2024-11-21,69.7,49.9,59.0,49.6,73.4,100,37.5,13.0,10.3,241.3,1019.3,45.4,4.8,130.9,5,1.0,11,326,2024,-0.5000000000000004,0.8660254037844384,-0.622046748440868,0.7829801036770625,10.665,1,19.800000000000004,58.8,74.6,60.51428571428571
2024-11-22,67.9,51.7,58.1,50.4,77.2,0,0.0,7.8,10.3,243.2,1019.5,42.3,4.1,117.6,6,0.0,11,327,2024,-0.5000000000000004,0.8660254037844384,-0.6084768701151264,0.7935716089521472,10.647777777777778,0,16.200000000000003,59.0,73.4,59.94285714285714
2024-11-23,67.9,49.9,57.6,50.2,78.4,0,0.0,13.4,10.3,246.0,1020.0,35.5,4.6,105.0,5,0.0,11,328,2024,-0.5000000000000004,0.8660254037844384,-0.594726686960764,0.8039279618328208,10.63111111111111,0,18.000000000000007,58.1,77.2,59.32857142857142
2024-11-24,67.9,48.1,56.8,49.0,78.0,0,0.0,17.9,12.8,260.3,1019.4,29.2,4.4,136.4,6,0.0,11,329,2024,-0.5000000000000004,0.8660254037844384,-0.5808002734538014,0.8140460935082175,10.614722222222222,0,19.800000000000004,57.6,78.4,58.6
2024-11-25,67.9,48.1,57.3,47.7,73.4,0,0.0,18.1,11.4,214.7,1019.3,41.3,4.1,137.4,6,0.0,11,330,2024,-0.5000000000000004,0.8660254037844384,-0.5667017562911184,0.8239230057575536,10.599166666666667,0,19.800000000000004,56.8,78.0,58.17142857142857
2024-11-26,67.9,49.9,57.7,48.6,74.5,0,0.0,15.0,9.2,214.2,1019.1,34.4,3.3,106.5,4,0.0,11,331,2024,-0.5000000000000004,0.8660254037844384,-0.5524353131676203,0.8335557718385695,10.58388888888889,0,18.000000000000007,57.3,73.4,57.9
2024-11-27,66.1,48.1,56.8,47.1,71.9,100,8.33,14.5,9.2,221.7,1019.1,31.3,3.7,140.7,6,0.5,11,332,2024,-0.5000000000000004,0.8660254037844384,-0.5380051715382992,0.8429415373547832,10.569166666666666,1,17.999999999999993,57.7,74.5,57.614285714285714
2024-11-28,67.9,48.1,56.4,46.4,72.3,0,0.0,13.2,9.2,221.8,1021.0,27.1,3.7,152.5,6,0.2,11,333,2024,-0.5000000000000004,0.8660254037844384,-0.5234156073655503,0.8520775211013093,10.555,1,19.800000000000004,56.8,71.9,57.24285714285714
2024-11-29,67.9,48.1,56.1,47.1,74.9,0,0.0,15.2,10.3,279.9,1021.8,25.0,3.8,172.5,7,0.0,11,334,2024,-0.5000000000000004,0.8660254037844384,-0.5086709438521042,0.8609610158889945,10.54111111111111,0,19.800000000000004,56.4,72.3,56.957142857142856
2024-11-30,67.9,46.3,55.9,46.4,73.4,0,0.0,14.5,8.1,245.8,1019.5,25.0,4.2,176.5,7,0.0,11,335,2024,-0.5000000000000004,0.8660254037844384,-0.4937755501599774,0.8695893893466109,10.527777777777779,0,21.60000000000001,56.1,74.9,56.714285714285715
2024-12-01,67.9,46.3,55.8,46.8,74.6,0,0.0,15.7,9.2,256.4,1017.5,25.0,4.1,167.7,7,0.0,12,336,2024,-2.4492935982947064e-16,1.0,-0.4787338401157883,0.8779600847008883,10.515,0,21.60000000000001,55.9,73.4,56.57142857142857
2024-12-02,67.9,46.3,55.8,48.3,78.1,0,0.0,17.0,12.8,253.9,1017.8,25.0,3.9,163.2,6,0.0,12,337,2024,-2.4492935982947064e-16,1.0,-0.4635502709028512,0.8860706215341377,10.503055555555555,0,21.60000000000001,55.8,74.6,56.357142857142854
2024-12-03,67.9,46.3,55.2,47.2,76.9,0,0.0,16.8,10.3,272.7,1018.8,32.3,4.1,172.3,7,0.0,12,338,2024,-2.4492935982947064e-16,1.0,-0.4482293417404106,0.893918596519257,10.491388888888888,0,21.60000000000001,55.8,78.1,56.0
2024-12-04,69.7,44.5,55.2,44.3,70.2,0,0.0,18.1,10.3,254.5,1017.2,25.0,4.2,166.0,6,0.0,12,339,2024,-2.4492935982947064e-16,1.0,-0.4327755925504317,0.9015016841318838,10.480277777777777,0,25.200000000000003,55.2,76.9,55.771428571428565
2024-12-05,66.1,44.5,54.1,45.7,75.6,0,0.0,17.7,6.9,197.8,1017.0,28.7,3.9,154.4,6,0.0,12,340,2024,-2.4492935982947064e-16,1.0,-0.41719360261231697,0.9088176373395028,10.469722222222222,0,21.599999999999994,55.2,70.2,55.44285714285714
2024-12-06,66.1,49.9,55.2,48.2,79.6,0,0.0,17.9,10.3,223.9,1015.9,47.0,3.3,141.4,6,0.0,12,341,2024,-2.4492935982947064e-16,1.0,-0.4014879892059737,0.9158642882672868,10.46,0,16.199999999999996,54.1,75.6,55.31428571428571
2024-12-07,66.1,49.9,55.8,48.6,78.8,0,0.0,16.6,9.2,210.5,1017.0,57.0,2.7,147.4,6,0.0,12,342,2024,-2.4492935982947064e-16,1.0,-0.38566340624360745,0.9226395488404875,10.450555555555555,0,16.199999999999996,55.2,79.6,55.300000000000004
2024-12-08,66.1,48.1,55.5,46.6,74.7,0,0.0,16.6,12.8,202.6,1018.0,53.8,2.9,163.0,6,0.0,12,343,2024,-2.4492935982947064e-16,1.0,-0.3697245428906732,0.9291414114031743,10.441944444444445,0,17.999999999999993,55.8,78.8,55.25714285714286
2024-12-09,64.3,44.5,53.2,45.5,78.1,0,0.0,15.7,10.3,248.7,1017.6,44.7,3.6,133.7,5,0.0,12,344,2024,-2.4492935982947064e-16,1.0,-0.3536761221763721,0.935367949313148,10.43388888888889,0,19.799999999999997,55.5,74.7,54.885714285714286
2024-12-10,62.5,44.5,52.1,40.0,67.6,0,0.0,16.8,8.1,218.9,1017.3,28.7,3.7,161.8,6,0.0,12,345,2024,-2.4492935982947064e-16,1.0,-0.33752289959411347,0.941317317512847,10.426388888888889,0,18.0,53.2,78.1,54.44285714285714
2024-12-11,66.1,40.9,50.9,39.6,68.8,0,0.0,17.0,10.3,218.1,1018.8,25.0,3.6,176.5,7,0.0,12,346,2024,-2.4492935982947064e-16,1.0,-0.32126966169236515,0.946987753076075,10.419444444444444,0,25.199999999999996,52.1,67.6,53.82857142857143
2024-12-12,66.1,39.1,50.9,41.3,72.9,0,0.0,17.9,10.3,263.2,1018.0,25.0,3.6,176.2,7,0.0,12,347,2024,-2.4492935982947064e-16,1.0,-0.3049212246562894,0.9523775757303973,10.413333333333334,0,26.999999999999993,50.9,68.8,53.371428571428574
2024-12-13,66.1,39.1,50.9,36.6,63.5,0,0.0,18.3,10.3,273.4,1018.0,29.7,4.2,179.7,7,0.0,12,348,2024,-2.4492935982947064e-16,1.0,-0.2884824328806098,0.9574851883550389,10.4075,0,26.999999999999993,50.9,72.9,52.75714285714286
2024-12-14,64.3,37.3,49.8,35.8,61.8,0,0.0,14.8,8.1,118.1,1020.1,25.0,4.2,163.5,6,0.0,12,349,2024,-2.4492935982947064e-16,1.0,-0.27195815753410524,0.9623090774541487,10.4025,0,27.0,50.9,63.5,51.9
2024-12-15,66.1,39.1,51.4,42.2,75.6,0,0.0,12.3,5.8,88.3,1022.7,25.0,3.7,172.1,7,0.0,12,350,2024,-2.4492935982947064e-16,1.0,-0.2553532951161881,0.9668478136052773,10.398055555555555,0,26.999999999999993,49.8,61.8,51.31428571428571
2024-12-16,69.7,42.7,53.6,41.0,67.0,0,0.0,15.0,6.9,195.4,1021.5,25.0,3.8,173.8,7,0.0,12,351,2024,-2.4492935982947064e-16,1.0,-0.23867276600594997,0.9711000518829505,10.394444444444444,0,27.0,51.4,75.6,51.371428571428574
2024-12-17,67.9,42.7,53.3,40.8,66.9,0,0.0,16.1,9.2,241.4,1020.3,25.0,3.9,173.2,7,0.0,12,352,2024,-2.4492935982947064e-16,1.0,-0.22192151300416674,0.9750645322571945,10.391388888888889,0,25.200000000000003,53.6,67.0,51.54285714285714
2024-12-18,66.1,40.9,52.9,42.5,71.1,0,0.0,17.0,11.4,247.4,1019.2,25.0,4.1,175.8,7,0.0,12,353,2024,-2.4492935982947064e-16,1.0,-0.20510449986861926,0.9787400799669153,10.389166666666666,0,25.199999999999996,53.3,66.9,51.82857142857143
2024-12-19,66.1,42.7,51.9,42.9,73.3,0,0.0,15.9,9.2,163.0,1020.1,28.7,3.9,159.3,6,0.0,12,354,2024,-2.4492935982947064e-16,1.0,-0.1882267098432439,0.9821256058680006,10.3875,0,23.39999999999999,52.9,71.1,51.97142857142857
2024-12-20,66.1,42.7,52.4,43.1,74.8,0,0.0,16.3,5.8,165.4,1018.4,24.0,4.4,173.2,7,0.0,12,355,2024,-2.4492935982947064e-16,1.0,-0.1712931441814778,0.9852201067560606,10.386388888888888,0,23.39999999999999,51.9,73.3,52.18571428571429
2024-12-21,64.3,40.9,51.2,41.3,71.6,0,0.0,15.7,9.2,237.5,1018.5,25.0,4.0,158.8,7,0.0,12,356,2024,-2.4492935982947064e-16,1.0,-0.154308820664281,0.9880226656636976,10.386111111111111,0,23.4,52.4,74.8,52.385714285714286
2024-12-22,62.5,40.9,51.1,42.9,76.6,0,0.0,18.3,10.3,227.9,1019.6,25.0,4.0,164.2,6,0.0,12,357,2024,-2.4492935982947064e-16,1.0,-0.13727877211326517,0.9905324521322227,10.386111111111111,0,21.6,51.2,71.6,52.34285714285714
2024-12-23,64.3,40.9,51.3,42.0,73.7,0,0.0,16.3,6.9,122.2,1020.0,25.0,3.6,161.0,7,0.0,12,358,2024,-2.4492935982947064e-16,1.0,-0.12020804489935275,0.9927487224577402,10.387222222222222,0,23.4,51.1,76.6,52.01428571428571
2024-12-24,62.5,40.9,51.1,41.9,74.6,0,0.0,14.5,6.9,182.9,1020.3,50.2,3.4,155.1,6,0.0,12,359,2024,-2.4492935982947064e-16,1.0,-0.10310169744743544,0.9946708199115211,10.38888888888889,0,21.6,51.3,73.7,51.699999999999996
2024-12-25,66.1,46.3,54.2,42.6,68.9,0,0.0,15.7,10.3,317.1,1021.5,51.8,3.9,127.1,5,0.2,12,360,2024,-2.4492935982947064e-16,1.0,-0.0859647987374467,0.9962981749346077,10.390833333333333,1,19.799999999999997,51.1,74.6,51.885714285714286
2024-12-26,66.1,40.9,52.1,39.9,67.2,0,0.0,19.2,9.2,268.3,1024.0,25.0,4.2,174.7,7,0.0,12,361,2024,-2.4492935982947064e-16,1.0,-0.06880242680232064,0.9976303053065857,10.393611111111111,0,25.199999999999996,54.2,68.9,51.91428571428572
2024-12-27,67.9,40.9,52.5,41.4,69.4,0,0.0,14.3,4.7,160.8,1024.1,25.0,3.7,175.9,7,0.0,12,362,2024,-2.4492935982947064e-16,1.0,-0.05161966722325418,0.9986668162884759,10.3975,0,27.000000000000007,52.1,67.2,51.92857142857143
2024-12-28,60.7,44.5,51.5,43.8,76.6,0,0.0,14.5,4.7,131.1,1023.8,71.2,2.8,67.2,3,2.0,12,363,2024,-2.4492935982947064e-16,1.0,-0.034421611622745804,0.9994074007397048,10.401666666666667,1,16.200000000000003,52.5,69.4,51.971428571428575
2024-12-29,67.9,44.5,54.8,42.6,68.3,0,0.0,15.2,11.4,257.4,1021.4,43.4,3.3,137.5,6,1.6,12,364,2024,-2.4492935982947064e-16,1.0,-0.01721335615583528,0.9998518392091162,10.40638888888889,1,23.400000000000006,51.5,76.6,52.5
2024-12-30,64.3,42.7,52.4,42.0,71.1,0,0.0,13.6,8.1,204.3,1020.5,25.0,4.1,150.8,6,0.0,12,365,2024,-2.4492935982947064e-16,1.0,6.432490598706546e-16,1.0,10.411944444444444,0,21.599999999999994,54.8,68.3,52.65714285714286
2024-12-31,64.3,42.7,52.6,43.8,74.8,0,0.0,15.0,10.3,272.5,1021.7,26.0,3.6,155.8,6,0.0,12,366,2024,-2.4492935982947064e-16,1.0,0.017213356155833904,0.9998518392091162,10.418055555555556,0,21.599999999999994,52.4,71.1,52.871428571428574
2025-01-01,66.1,42.7,52.8,43.6,74.0,0,0.0,14.5,8.1,186.1,1019.3,26.0,3.7,161.4,6,0.0,1,1,2025,0.49999999999999994,0.8660254037844387,0.017213356155834685,0.9998518392091162,10.424722222222222,0,23.39999999999999,52.6,74.8,52.67142857142857
2025-01-02,66.1,42.7,53.2,43.8,73.6,0,0.0,13.9,8.1,167.2,1019.5,25.0,3.7,176.8,7,0.0,1,2,2025,0.49999999999999994,0.8660254037844387,0.03442161162274574,0.9994074007397048,10.432222222222222,0,23.39999999999999,52.8,74.0,52.82857142857142
2025-01-03,67.9,44.5,54.2,43.6,70.8,0,0.0,15.0,9.2,252.9,1020.5,44.3,4.4,172.0,7,0.0,1,3,2025,0.49999999999999994,0.8660254037844387,0.051619667223253764,0.998666816288476,10.44,0,23.400000000000006,53.2,73.6,53.07142857142857
2025-01-04,67.9,44.5,54.6,45.2,73.6,0,0.0,14.3,8.1,201.3,1020.1,25.0,4.0,178.7,7,0.0,1,4,2025,0.49999999999999994,0.8660254037844387,0.06880242680231986,0.9976303053065857,10.448611111111111,0,23.400000000000006,54.2,70.8,53.51428571428571
2025-01-05,62.5,44.5,52.0,48.5,90.0,0,0.0,14.3,5.8,198.1,1021.3,68.0,3.1,131.3,5,0.0,1,5,2025,0.49999999999999994,0.8660254037844387,0.08596479873744647,0.9962981749346078,10.458055555555555,0,18.0,54.6,73.6,53.11428571428571
2025-01-06,67.9,46.3,54.7,47.2,79.7,0,0.0,16.1,9.2,252.7,1019.8,52.3,3.3,173.9,7,0.0,1,6,2025,0.49999999999999994,0.8660254037844387,0.10310169744743485,0.9946708199115211,10.467777777777778,0,21.60000000000001,52.0,90.0,53.44285714285714
2025-01-07,62.5,48.1,53.2,45.7,77.5,0,0.0,17.7,10.3,247.9,1016.7,54.9,4.1,116.1,5,0.0,1,7,2025,0.49999999999999994,0.8660254037844387,0.1202080448993527,0.9927487224577402,10.478055555555555,0,14.399999999999999,54.7,79.7,53.528571428571425
2025-01-08,64.3,42.7,52.1,43.6,76.0,0,0.0,14.5,6.9,246.1,1015.7,35.2,4.4,145.8,6,0.0,1,8,2025,0.49999999999999994,0.8660254037844387,0.13727877211326478,0.9905324521322229,10.489166666666666,0,21.599999999999994,53.2,77.5,53.42857142857143
2025-01-09,64.3,40.9,50.7,42.8,76.9,0,0.0,16.3,8.1,212.4,1019.0,29.7,3.7,134.4,6,0.0,1,9,2025,0.49999999999999994,0.8660254037844387,0.15430882066428117,0.9880226656636976,10.500833333333333,0,23.4,52.1,76.0,53.07142857142857
2025-01-10,64.3,40.9,51.3,40.5,70.7,0,0.0,14.5,6.9,200.2,1022.7,25.0,4.1,153.4,6,0.0,1,10,2025,0.49999999999999994,0.8660254037844387,0.1712931441814776,0.9852201067560606,10.512777777777778,0,23.4,50.7,76.9,52.65714285714286
2025-01-11,67.9,40.9,52.5,40.9,68.7,0,0.0,15.0,6.9,184.6,1023.7,25.0,4.1,182.5,7,0.0,1,11,2025,0.49999999999999994,0.8660254037844387,0.1882267098432442,0.9821256058680006,10.525555555555556,0,27.000000000000007,51.3,70.7,52.357142857142854
2025-01-12,66.1,40.9,51.9,42.7,73.6,0,0.0,14.3,11.4,197.8,1023.0,46.5,3.9,145.9,6,0.1,1,12,2025,0.49999999999999994,0.8660254037844387,0.2051044998686192,0.9787400799669153,10.538611111111111,1,25.199999999999996,52.5,68.7,52.34285714285715
2025-01-13,64.3,42.7,51.9,41.6,70.8,0,0.0,17.7,10.3,283.7,1019.8,26.0,3.9,177.5,7,0.0,1,13,2025,0.49999999999999994,0.8660254037844387,0.22192151300416552,0.9750645322571948,10.5525,0,21.599999999999994,51.9,73.6,51.942857142857136
2025-01-14,64.3,42.7,51.9,42.2,72.5,0,0.0,17.2,10.3,249.8,1021.5,25.0,3.6,181.0,7,0.0,1,14,2025,0.49999999999999994,0.8660254037844387,0.2386727660059501,0.9711000518829505,10.566666666666666,0,21.599999999999994,51.9,70.8,51.75714285714286
2025-01-15,66.1,42.7,52.3,43.1,74.2,0,0.0,14.5,9.2,223.6,1023.3,40.2,3.7,170.2,6,0.0,1,15,2025,0.49999999999999994,0.8660254037844387,0.255353295116187,0.9668478136052775,10.581388888888888,0,23.39999999999999,51.9,72.5,51.785714285714285
2025-01-16,66.1,46.3,53.7,44.2,73.3,0,0.0,15.2,8.1,190.0,1023.3,84.8,3.6,173.9,7,0.0,1,16,2025,0.49999999999999994,0.8660254037844387,0.2719581575341055,0.9623090774541486,10.596666666666666,0,19.799999999999997,52.3,74.2,52.214285714285715
2025-01-17,66.1,44.5,53.5,41.8,69.4,0,0.0,17.4,11.4,266.4,1021.8,67.0,3.9,182.8,7,0.0,1,17,2025,0.49999999999999994,0.8660254037844387,0.288482432880609,0.9574851883550393,10.6125,0,21.599999999999994,53.7,73.3,52.52857142857143
2025-01-18,67.9,40.9,52.4,38.8,63.9,0,0.0,17.2,9.2,217.4,1020.1,25.0,4.2,190.0,7,0.0,1,18,2025,0.49999999999999994,0.8660254037844387,0.30492122465628907,0.9523775757303974,10.62888888888889,0,27.000000000000007,53.5,69.4,52.51428571428572
2025-01-19,71.5,40.9,54.4,39.6,61.7,0,0.0,18.3,10.3,204.5,1018.0,25.0,4.0,189.8,7,0.0,1,19,2025,0.49999999999999994,0.8660254037844387,0.3212696616923644,0.9469877530760753,10.645555555555555,0,30.6,52.4,63.9,52.87142857142857
2025-01-20,75.1,42.7,56.0,41.5,62.2,0,0.0,18.8,6.9,71.5,1015.8,25.0,3.7,189.6,7,0.0,1,20,2025,0.49999999999999994,0.8660254037844387,0.3375228995941133,0.9413173175128471,10.662777777777778,0,32.39999999999999,54.4,61.7,53.457142857142856
2025-01-21,75.1,42.7,57.7,40.8,58.0,0,0.0,19.5,8.1,337.1,1015.4,25.0,4.1,192.2,7,0.0,1,21,2025,0.49999999999999994,0.8660254037844387,0.3536761221763716,0.9353679493131483,10.680277777777778,0,32.39999999999999,56.0,62.2,54.285714285714285
2025-01-22,76.9,44.5,58.8,37.6,52.5,0,0.0,19.2,12.8,315.9,1016.8,25.0,4.3,188.9,7,0.0,1,22,2025,0.49999999999999994,0.8660254037844387,0.3697245428906731,0.9291414114031743,10.698333333333334,0,32.400000000000006,57.7,58.0,55.214285714285715
2025-01-23,75.1,44.5,58.0,35.8,48.6,0,0.0,19.7,13.9,289.5,1016.8,27.1,5.0,193.4,7,0.0,1,23,2025,0.49999999999999994,0.8660254037844387,0.38566340624360707,0.9226395488404876,10.716944444444444,0,30.599999999999994,58.8,52.5,55.82857142857142
2025-01-24,67.9,46.3,55.4,38.0,54.6,0,0.0,23.3,13.9,297.9,1015.4,25.0,4.5,193.0,7,0.0,1,24,2025,0.49999999999999994,0.8660254037844387,0.401487989205973,0.9158642882672872,10.735833333333334,0,21.60000000000001,58.0,48.6,56.1
2025-01-25,67.9,40.9,53.1,40.0,64.2,0,0.0,19.2,10.3,205.1,1015.2,25.0,3.8,164.9,7,0.0,1,25,2025,0.49999999999999994,0.8660254037844387,0.4171936026123168,0.9088176373395029,10.755,0,27.000000000000007,55.4,54.6,56.199999999999996
2025-01-26,64.3,46.3,54.6,45.0,71.8,0,0.0,14.8,10.3,139.8,1017.2,55.4,3.4,96.5,4,0.0,1,26,2025,0.49999999999999994,0.8660254037844387,0.4327755925504312,0.901501684131884,10.774722222222222,0,18.0,53.1,64.2,56.228571428571435
2025-01-27,67.9,44.5,54.4,44.9,73.7,0,0.0,13.6,9.2,190.6,1015.3,25.0,3.1,148.6,6,0.0,1,27,2025,0.49999999999999994,0.8660254037844387,0.4482293417404106,0.893918596519257,10.795,0,23.400000000000006,54.6,71.8,56.0
2025-01-28,66.1,46.3,55.0,45.5,73.4,0,0.0,13.4,11.4,188.7,1016.1,55.3,3.2,143.6,6,0.0,1,28,2025,0.49999999999999994,0.8660254037844387,0.4635502709028509,0.886070621534138,10.815277777777778,0,19.799999999999997,54.4,73.7,55.61428571428571
2025-01-29,67.9,48.1,56.4,46.8,72.0,0,0.0,17.9,10.3,234.0,1019.0,42.8,3.4,135.5,6,0.0,1,29,2025,0.49999999999999994,0.8660254037844387,0.47873384011578846,0.8779600847008882,10.83611111111111,0,19.800000000000004,55.0,73.4,55.27142857142858
2025-01-30,67.9,49.9,56.4,47.3,74.4,0,0.0,20.4,9.2,261.3,1014.7,43.4,3.5,183.9,7,0.0,1,30,2025,0.49999999999999994,0.8660254037844387,0.4937755501599772,0.869589389346611,10.857222222222223,0,18.000000000000007,56.4,72.0,55.042857142857144
2025-01-31,69.7,44.5,55.2,44.1,69.8,0,0.0,19.2,12.8,279.1,1014.7,26.0,3.4,199.6,7,0.0,1,31,2025,0.49999999999999994,0.8660254037844387,0.5086709438521044,0.8609610158889943,10.87861111111111,0,25.200000000000003,56.4,74.4,55.01428571428571
2025-02-01,69.7,42.7,54.9,42.6,67.3,0,0.0,22.1,10.3,305.0,1016.8,25.0,3.7,205.3,8,0.0,2,32,2025,0.8660254037844386,0.5000000000000001,0.5234156073655503,0.8520775211013093,10.900277777777777,0,27.0,55.2,69.8,55.27142857142858
2025-02-02,71.5,40.9,54.9,35.0,52.0,0,0.0,21.7,9.2,338.3,1016.7,25.0,4.3,213.6,8,0.0,2,33,2025,0.8660254037844386,0.5000000000000001,0.5380051715382996,0.8429415373547828,10.9225,0,30.6,54.9,67.3,55.31428571428571
2025-02-03,69.7,40.9,54.9,39.6,60.1,0,0.0,18.8,10.3,220.8,1016.5,25.0,3.8,210.9,7,0.0,2,34,2025,0.8660254037844386,0.5000000000000001,0.5524353131676196,0.8335557718385699,10.945,0,28.800000000000004,54.9,52.0,55.38571428571429
2025-02-04,71.5,44.5,56.7,44.7,67.8,0,0.0,19.9,9.2,336.8,1017.7,30.8,3.5,194.7,8,0.0,2,35,2025,0.8660254037844386,0.5000000000000001,0.5667017562911176,0.8239230057575542,10.9675,0,27.0,54.9,60.1,55.62857142857143
2025-02-05,73.3,48.1,60.3,42.9,57.5,0,0.0,29.8,17.2,291.9,1015.9,32.3,4.3,210.0,8,0.0,2,36,2025,0.8660254037844386,0.5000000000000001,0.5808002734538009,0.8140460935082178,10.990277777777777,0,25.199999999999996,56.7,67.8,56.185714285714276
2025-02-06,73.3,46.3,58.3,39.0,53.6,0,0.0,22.4,13.9,322.5,1016.0,25.0,4.3,218.1,8,0.0,2,37,2025,0.8660254037844386,0.5000000000000001,0.5947266869607634,0.8039279618328213,11.01361111111111,0,27.0,60.3,57.5,56.457142857142856
2025-02-07,73.3,42.7,56.3,31.7,45.5,0,0.0,19.9,12.8,326.9,1016.3,25.0,4.5,222.7,8,0.0,2,38,2025,0.8660254037844386,0.5000000000000001,0.6084768701151261,0.7935716089521474,11.036944444444444,0,30.599999999999994,58.3,53.6,56.614285714285714
2025-02-08,67.9,40.9,53.8,37.5,56.9,0,0.0,17.2,13.9,207.2,1016.8,29.8,4.2,199.5,8,0.0,2,39,2025,0.8660254037844386,0.5000000000000001,0.6220467484408675,0.7829801036770629,11.060833333333333,0,27.000000000000007,56.3,45.5,56.457142857142856
2025-02-09,67.9,48.1,56.7,45.4,68.5,0,0.0,19.9,10.3,233.2,1017.1,45.5,3.0,162.1,7,0.0,2,40,2025,0.8660254037844386,0.5000000000000001,0.6354323008901774,0.7721565844991642,11.085,0,19.800000000000004,53.8,56.9,56.714285714285715
2025-02-10,69.7,46.3,56.7,46.1,71.7,0,0.0,23.7,13.9,258.8,1017.2,25.0,2.9,183.1,7,0.0,2,41,2025,0.8660254037844386,0.5000000000000001,0.6486295610349814,0.7611042586607747,11.108888888888888,0,23.400000000000006,56.7,68.5,56.971428571428575
2025-02-11,67.9,45.9,55.8,45.3,64.7,0,0.0,24.2,16.1,288.9,1015.3,30.5,5.9,210.0,8,0.0,2,42,2025,0.8660254037844386,0.5000000000000001,0.6616346182422783,0.7498264012045686,11.133333333333333,0,22.000000000000007,56.7,71.7,56.84285714285714
2025-02-12,67.9,46.3,56.1,42.2,61.0,0,0.0,22.4,16.1,194.1,1015.3,30.8,3.7,181.8,7,0.0,2,43,2025,0.8660254037844386,0.5000000000000001,0.6744436188329455,0.7383263540031065,11.157777777777778,0,21.60000000000001,55.8,64.7,56.24285714285715
2025-02-13,67.9,44.5,55.3,42.1,65.0,0,0.0,21.9,11.4,200.3,1014.3,27.1,3.7,197.6,8,0.0,2,44,2025,0.8660254037844386,0.5000000000000001,0.6870527672236669,0.7266075247685656,11.182777777777778,0,23.400000000000006,56.1,61.0,55.81428571428571
2025-02-14,66.1,46.3,54.1,45.6,75.1,0,0.0,18.6,15.0,197.2,1013.1,31.8,3.1,184.0,8,0.0,2,45,2025,0.8660254037844386,0.5000000000000001,0.6994583270516471,0.7146733860429609,11.207777777777778,0,19.799999999999997,55.3,65.0,55.5
2025-02-15,60.7,46.3,53.4,44.3,72.4,0,0.0,17.7,6.9,198.2,1015.2,72.2,3.2,120.8,5,0.0,2,46,2025,0.8660254037844386,0.5000000000000001,0.7116566222817746,0.702527474169157,11.233055555555556,0,14.400000000000006,54.1,75.1,55.442857142857136
2025-02-16,66.1,46.3,54.9,45.6,74.1,0,0.0,17.9,11.4,209.6,1016.3,41.8,3.2,189.3,8,0.0,2,47,2025,0.8660254037844386,0.5000000000000001,0.7236440382959124,0.6901733882429719,11.258333333333333,0,19.799999999999997,53.4,72.4,55.18571428571429
2025-02-17,66.1,48.1,55.8,47.1,74.6,0,0.0,17.2,12.8,220.1,1019.5,48.0,2.9,170.7,6,0.0,2,48,2025,0.8660254037844386,0.5000000000000001,0.7354170229639855,0.6776147890466889,11.283888888888889,0,17.999999999999993,54.9,74.1,55.05714285714286
2025-02-18,67.9,48.1,56.3,47.2,74.0,0,0.0,17.9,15.0,214.7,1018.4,46.0,3.3,160.1,6,0.0,2,49,2025,0.8660254037844386,0.5000000000000001,0.7469720876965552,0.6648553979642865,11.309444444444445,0,19.800000000000004,55.8,74.6,55.128571428571426
2025-02-19,67.9,46.3,57.0,45.4,68.7,0,0.0,18.8,8.1,226.7,1017.7,39.6,3.3,207.8,8,0.0,2,50,2025,0.8660254037844386,0.5000000000000001,0.7583058084785625,0.6518989958787126,11.335277777777778,0,21.60000000000001,56.3,74.0,55.25714285714285
2025-02-20,69.7,48.1,57.9,45.9,66.9,0,0.0,18.3,15.0,240.6,1020.1,58.0,3.2,202.1,8,0.0,2,51,2025,0.8660254037844386,0.5000000000000001,0.7694148268839378,0.6387494220515272,11.36138888888889,0,21.6,57.0,68.7,55.62857142857143
2025-02-21,69.7,48.1,57.8,45.2,66.2,0,0.0,22.6,13.9,287.6,1019.8,39.5,4.2,215.5,8,0.0,2,52,2025,0.8660254037844386,0.5000000000000001,0.7802958510707755,0.6254105729852463,11.3875,0,21.6,57.9,66.9,56.15714285714285
2025-02-22,71.5,46.3,58.0,41.9,60.3,0,0.0,20.1,11.4,276.6,1019.8,26.0,4.0,216.9,8,0.0,2,53,2025,0.8660254037844386,0.5000000000000001,0.7909456567567772,0.6118864012687243,11.41388888888889,0,25.200000000000003,57.8,66.2,56.81428571428571
2025-02-23,67.9,48.1,57.4,42.3,59.6,0,0.0,17.2,13.9,195.4,1021.0,43.8,4.0,191.1,8,0.0,2,54,2025,0.8660254037844386,0.5000000000000001,0.8013610881746766,0.5981809144059164,11.44,0,19.800000000000004,58.0,60.3,57.17142857142857
2025-02-24,67.9,48.1,57.3,46.2,69.8,0,0.0,17.9,11.4,241.8,1021.6,39.1,3.4,193.4,8,0.0,2,55,2025,0.8660254037844386,0.5000000000000001,0.8115390590073611,0.5842981736283683,11.466666666666667,0,19.800000000000004,57.4,59.6,57.38571428571428
2025-02-25,69.7,48.1,58.0,47.9,71.5,0,0.0,20.1,13.9,222.8,1022.9,48.0,3.5,211.2,8,0.0,2,56,2025,0.8660254037844386,0.5000000000000001,0.8214765533024142,0.5702422926917871,11.493333333333334,0,21.6,57.3,69.8,57.628571428571426
2025-02-26,69.7,49.9,58.9,48.4,70.7,0,0.0,18.8,11.4,230.1,1023.3,50.2,3.3,229.5,8,0.0,2,57,2025,0.8660254037844386,0.5000000000000001,0.8311706263658079,0.5560174366570446,11.52,0,19.800000000000004,58.0,71.5,57.9
2025-02-27,71.5,51.7,60.0,50.7,73.1,0,0.0,14.1,13.9,221.2,1020.6,67.4,3.2,132.3,5,0.0,2,58,2025,0.8660254037844386,0.5000000000000001,0.8406184056344782,0.5416278206559814,11.546666666666667,0,19.799999999999997,58.9,70.7,58.199999999999996
2025-02-28,67.9,49.9,58.5,50.9,78.5,100,20.83,30.4,9.2,351.0,1020.3,86.4,3.2,92.8,4,3.0,2,59,2025,0.8660254037844386,0.5000000000000001,0.8498170915275278,0.5270777086423722,11.573611111111111,1,18.000000000000007,60.0,73.1,58.300000000000004
2025-03-01,71.5,51.7,58.2,50.1,78.1,100,8.33,30.9,10.3,3.7,1018.7,67.5,4.6,216.1,9,9.3,3,60,2025,1.0,6.123233995736766e-17,0.8587639582758029,0.5123714121284237,11.600555555555555,1,19.799999999999997,58.5,78.5,58.32857142857143
2025-03-02,75.1,44.5,59.2,44.8,66.3,0,0.0,20.4,11.4,250.6,1013.9,25.0,4.6,258.5,9,0.0,3,61,2025,1.0,6.123233995736766e-17,0.8674563547295968,0.49751328890718066,11.627777777777778,0,30.599999999999994,58.2,78.1,58.58571428571428
2025-03-03,75.1,48.1,61.2,47.1,63.4,0,0.0,20.8,10.3,255.5,1014.3,24.1,5.2,253.1,9,0.0,3,62,2025,1.0,6.123233995736766e-17,0.8758917051442429,0.48250774176121847,11.654722222222222,0,26.999999999999993,59.2,66.3,59.142857142857146
2025-03-04,75.1,49.9,62.2,44.9,57.7,0,0.0,27.3,12.8,284.9,1014.3,25.0,4.6,242.8,9,0.0,3,63,2025,1.0,6.123233995736766e-17,0.8840675099433636,0.46735921715800227,11.681944444444444,0,25.199999999999996,61.2,63.4,59.74285714285714
2025-03-05,73.3,49.9,60.5,46.8,63.5,0,0.0,21.9,23.0,212.2,1011.7,25.0,4.4,240.9,9,0.0,3,64,2025,1.0,6.123233995736766e-17,0.8919813464595485,0.45207220393230435,11.709166666666667,0,23.4,62.2,57.7,59.971428571428575
2025-03-06,67.9,49.9,57.9,48.7,72.8,0,0.0,18.6,16.1,188.6,1014.9,58.6,3.8,168.8,6,0.0,3,65,2025,1.0,6.123233995736766e-17,0.8996308696522433,0.43665123195606403,11.73638888888889,0,18.000000000000007,60.5,63.5,59.67142857142857
2025-03-07,67.9,53.5,59.8,47.5,64.9,0,0.0,17.2,13.9,220.3,1014.3,74.3,3.9,114.7,4,0.0,3,66,2025,1.0,6.123233995736766e-17,0.9070138128026359,0.4211008707960896,11.76388888888889,0,14.400000000000006,57.9,72.8,59.857142857142854
2025-03-08,66.1,53.5,59.5,48.4,68.0,0,0.0,17.7,13.9,213.2,1013.7,78.0,3.7,175.4,7,0.0,3,67,2025,1.0,6.123233995736766e-17,0.9141279881853337,0.40542572835999735,11.79138888888889,0,12.599999999999994,59.8,64.9,60.042857142857144
2025-03-09,69.7,51.7,60.0,49.9,70.9,0,0.0,15.0,13.9,205.3,1019.1,77.0,3.2,164.6,6,0.0,3,68,2025,1.0,6.123233995736766e-17,0.9209712877166346,0.38963044953078796,11.81861111111111,0,18.0,59.5,68.0,60.15714285714286
2025-03-10,73.3,53.5,62.9,52.1,70.1,100,4.17,17.0,9.2,243.3,1022.3,66.4,2.9,176.7,6,1.5,3,69,2025,1.0,6.123233995736766e-17,0.9275416835791966,0.37371971479046906,11.846388888888889,1,19.799999999999997,60.0,70.9,60.39999999999999
2025-03-11,73.3,52.8,63.0,52.4,70.1,0,0.0,18.8,12.8,211.8,1018.5,75.0,4.9,178.8,7,1.4,3,70,2025,1.0,6.123233995736766e-17,0.9338372288229252,0.35769823883312546,11.873888888888889,1,20.5,62.9,70.1,60.51428571428571
2025-03-12,73.3,54.9,64.1,55.0,74.2,0,0.0,17.0,12.8,174.1,1014.3,84.6,3.4,184.0,7,3.1,3,71,2025,1.0,6.123233995736766e-17,0.9398560579418954,0.3415707691678556,11.901388888888889,1,18.4,63.0,70.1,61.028571428571425
2025-03-13,76.9,57.1,63.7,53.7,74.4,100,8.33,24.4,12.8,324.0,1013.3,62.3,3.3,208.1,7,1.3,3,72,2025,1.0,6.123233995736766e-17,0.9455963874271426,0.3253420847119801,11.929166666666667,1,19.800000000000004,64.1,74.2,61.857142857142854
2025-03-14,78.7,51.7,64.9,45.9,57.3,100,4.17,27.5,12.8,297.8,1015.0,26.0,4.8,266.2,9,0.3,3,73,2025,1.0,6.123233995736766e-17,0.9510565162951535,0.30901699437494745,11.956666666666667,1,27.0,63.7,74.4,62.58571428571429
2025-03-15,80.5,55.3,67.8,48.9,56.8,0,0.0,28.9,13.9,308.3,1017.7,41.8,4.5,261.1,9,0.0,3,74,2025,1.0,6.123233995736766e-17,0.9562348265919056,0.29260033563334836,11.984444444444444,0,25.200000000000003,64.9,57.3,63.771428571428565
2025-03-16,78.7,55.3,66.6,46.8,52.5,0,0.0,32.2,12.8,315.4,1017.5,46.5,4.8,216.2,8,0.0,3,75,2025,1.0,6.123233995736766e-17,0.9611297838723007,0.27609697309746883,12.012222222222222,0,23.400000000000006,67.8,56.8,64.71428571428571
2025-03-17,78.7,53.5,66.6,41.9,45.2,0,0.0,32.4,13.9,294.3,1015.9,39.1,4.8,243.7,8,0.0,3,76,2025,1.0,6.123233995736766e-17,0.9657399376548549,0.2595117970697999,12.039722222222222,0,25.200000000000003,66.6,52.5,65.24285714285715
2025-03-18,78.7,51.7,64.8,37.4,39.3,0,0.0,22.4,11.4,269.0,1015.3,38.1,5.2,285.3,10,0.0,3,77,2025,1.0,6.123233995736766e-17,0.970063921851507,0.2428497220959356,12.0675,0,27.0,66.6,45.2,65.5
2025-03-19,82.3,51.7,65.6,39.9,45.4,0,0.0,22.6,13.9,248.0,1018.7,26.0,4.6,272.7,9,0.0,3,78,2025,1.0,6.123233995736766e-17,0.9741004551724205,0.22611568550828828,12.095,0,30.599999999999994,64.8,39.3,65.71428571428571
2025-03-20,80.5,53.5,66.6,43.4,47.5,0,0.0,27.3,12.8,247.3,1020.5,27.1,4.4,267.0,10,0.0,3,79,2025,1.0,6.123233995736766e-17,0.9778483415056568,0.20931464596304847,12.122777777777777,0,27.0,65.6,45.4,66.12857142857142
2025-03-21,76.9,55.3,65.0,45.7,52.0,0,0.0,21.9,17.2,213.5,1019.6,40.7,3.9,235.8,9,0.0,3,80,2025,1.0,6.123233995736766e-17,0.9813064702716093,0.19245158197082998,12.150277777777777,0,21.60000000000001,66.6,47.5,66.14285714285714
2025-03-22,73.3,55.3,63.3,44.4,52.0,0,0.0,28.9,17.2,235.3,1019.7,61.2,4.8,239.6,9,0.0,3,81,2025,1.0,6.123233995736766e-17,0.9844738167520922,0.1755314904214282,12.178055555555556,0,18.0,65.0,52.0,65.49999999999999
2025-03-23,73.3,51.7,62.2,43.5,52.9,0,0.0,16.8,10.3,212.2,1021.0,49.6,5.1,246.1,8,0.0,3,82,2025,1.0,6.123233995736766e-17,0.9873494423939864,0.15855938510313478,12.205833333333333,0,21.599999999999994,63.3,52.0,64.87142857142857
2025-03-24,75.1,51.7,63.5,46.0,55.9,0,0.0,18.3,9.2,278.8,1020.8,27.1,4.5,288.3,9,0.0,3,83,2025,1.0,6.123233995736766e-17,0.989932495087353,0.141540295217043,12.233055555555556,0,23.39999999999999,62.2,52.9,64.42857142857143
2025-03-25,80.5,53.5,66.3,48.6,56.0,0,0.0,17.4,10.3,252.3,1016.8,25.0,3.9,295.2,10,0.0,3,84,2025,1.0,6.123233995736766e-17,0.9922222094179323,0.12447926388678915,12.260833333333334,0,27.0,63.5,55.9,64.64285714285714
2025-03-26,78.7,57.1,67.8,50.7,56.3,0,0.0,21.9,16.1,214.9,1013.4,23.6,5.2,268.6,9,0.0,3,85,2025,1.0,6.123233995736766e-17,0.994217906893952,0.10738134666416309,12.288611111111111,0,21.6,66.3,56.0,64.95714285714286
2025-03-27,82.3,58.9,70.1,54.3,59.9,0,0.0,21.0,11.4,213.2,1011.8,22.2,4.2,284.2,10,0.0,3,86,2025,1.0,6.123233995736766e-17,0.995918996147179,0.09025161003104117,12.31611111111111,0,23.4,67.8,56.3,65.45714285714286
2025-03-28,84.1,58.9,71.6,50.6,51.8,0,0.0,26.6,16.1,294.7,1011.4,22.1,4.7,276.6,9,0.0,3,87,2025,1.0,6.123233995736766e-17,0.9973249731081555,0.07309512989807777,12.343333333333334,0,25.199999999999996,70.1,59.9,66.4
2025-03-29,85.9,57.1,71.2,47.6,46.7,0,0.0,25.9,12.8,242.9,1012.3,25.0,3.4,295.5,10,0.0,3,88,2025,1.0,6.123233995736766e-17,0.9984354211555643,0.055916990100603484,12.37111111111111,0,28.800000000000004,71.6,51.8,67.52857142857142
2025-03-30,84.1,57.1,69.6,48.3,49.7,0,0.0,20.1,36.9,182.4,1015.5,29.7,2.6,294.2,10,0.0,3,89,2025,1.0,6.123233995736766e-17,0.9992500112396835,0.03872228089217446,12.398333333333333,0,26.999999999999993,71.2,46.7,68.58571428571429
2025-03-31,82.3,57.1,69.0,46.1,47.2,0,0.0,23.9,11.4,256.1,1016.5,26.0,2.4,290.3,10,0.0,3,90,2025,1.0,6.123233995736766e-17,0.9997685019798909,0.021516097436222254,12.425833333333333,0,25.199999999999996,69.6,49.7,69.37142857142858
2025-04-01,84.1,57.1,69.0,41.8,41.1,0,0.0,22.6,11.4,215.1,1015.9,25.0,2.5,295.7,10,0.0,4,91,2025,0.8660254037844387,-0.49999999999999983,0.9999907397361901,0.004303538296244289,12.453055555555556,0,26.999999999999993,69.0,47.2,69.75714285714285
2025-04-02,82.3,55.3,68.2,41.4,40.3,0,0.0,24.6,9.2,267.7,1017.2,73.3,3.1,255.3,9,0.0,4,92,2025,0.8660254037844387,-0.49999999999999983,0.9999166586547379,-0.01291029607500882,12.480277777777777,0,27.0,69.0,41.1,69.81428571428572
2025-04-03,82.3,55.3,67.5,39.3,39.4,0,0.0,25.5,12.8,269.3,1018.6,49.5,1.9,298.8,10,0.0,4,93,2025,0.8660254037844387,-0.49999999999999983,0.9995462806873573,-0.030120304846908114,12.5075,0,27.0,68.2,40.3,69.44285714285715
2025-04-04,80.5,52.8,67.9,34.4,34.1,0,0.0,23.7,9.2,292.7,1016.7,42.3,5.1,286.2,9,0.0,4,94,2025,0.8660254037844387,-0.49999999999999983,0.9988797155850336,-0.04732138832243185,12.534444444444444,0,27.700000000000003,67.5,39.4,68.91428571428571
2025-04-05,80.5,55.3,67.7,39.9,38.7,0,0.0,21.0,9.2,240.3,1015.9,40.2,2.6,296.6,10,0.0,4,95,2025,0.8660254037844387,-0.49999999999999983,0.9979171608653922,-0.06450844944931623,12.561666666666667,0,25.200000000000003,67.9,34.1,68.41428571428571
2025-04-06,80.5,57.1,68.9,42.7,41.5,0,0.0,17.9,12.8,187.4,1016.3,39.1,2.8,292.1,10,0.0,4,96,2025,0.8660254037844387,-0.49999999999999983,0.9966589017541702,-0.08167639533042241,12.588611111111112,0,23.4,67.7,38.7,68.31428571428572
2025-04-07,80.5,57.1,68.6,50.5,53.6,0,0.0,17.0,10.3,272.0,1018.7,59.1,2.2,286.8,10,0.0,4,97,2025,0.8660254037844387,-0.49999999999999983,0.9951053111006976,-0.09882013873287143,12.615555555555556,0,23.4,68.9,41.5,68.25714285714287
2025-04-08,80.5,60.7,70.1,55.7,62.3,0,0.0,15.2,8.1,106.0,1021.5,78.0,2.1,209.7,8,0.0,4,98,2025,0.8660254037844387,-0.49999999999999983,0.9932568492674143,-0.11593459959550041,12.642222222222221,0,19.799999999999997,68.6,53.6,68.41428571428573
2025-04-09,80.5,60.7,68.0,56.7,68.8,0,0.0,15.0,8.1,87.9,1019.2,64.3,2.6,223.9,8,4.8,4,99,2025,0.8660254037844387,-0.49999999999999983,0.9911140639934547,-0.1330147065341959,12.669166666666667,1,19.799999999999997,70.1,62.3,68.38571428571429
2025-04-10,66.1,57.3,62.0,58.1,87.6,100,8.33,16.8,10.3,105.6,1013.6,89.9,5.1,127.7,6,8.9,4,100,2025,0.8660254037844387,-0.49999999999999983,0.9886775902323405,-0.1500553983446526,12.695833333333333,1,8.799999999999997,68.0,68.8,67.6
2025-04-11,75.1,56.6,64.7,58.1,81.4,100,4.17,18.6,11.4,195.1,1012.7,75.8,4.1,195.4,7,4.8,4,101,2025,0.8660254037844387,-0.49999999999999983,0.9859481499638304,-0.16705162550211924,12.722222222222221,1,18.499999999999993,62.0,87.6,67.14285714285714
2025-04-12,76.9,57.1,64.7,55.4,75.8,100,8.33,30.0,13.9,311.6,1015.1,43.8,4.2,283.1,10,8.1,4,102,2025,0.8660254037844387,-0.49999999999999983,0.9829265519799822,-0.18399835165768005,12.748611111111112,1,19.800000000000004,64.7,81.4,66.71428571428571
2025-04-13,82.3,57.1,65.3,51.8,64.3,0,0.0,20.1,16.1,145.8,1017.0,62.0,4.4,269.2,10,4.8,4,103,2025,0.8660254037844387,-0.49999999999999983,0.9796136916454901,-0.20089055513063506,12.775,1,25.199999999999996,64.7,75.8,66.2
2025-04-14,78.7,55.3,64.8,52.6,67.1,100,8.33,21.0,11.4,133.3,1018.1,53.4,4.7,238.1,8,0.8,4,104,2025,0.8660254037844387,-0.49999999999999983,0.9760105506323683,-0.21772323039653177,12.801111111111112,1,23.400000000000006,65.3,64.3,65.65714285714286
2025-04-15,78.7,55.3,66.1,54.1,68.4,0,0.0,16.8,16.1,94.7,1018.5,53.8,4.3,277.5,9,0.1,4,105,2025,0.8660254037844387,-0.49999999999999983,0.9721181966290613,-0.23449138957040985,12.827222222222222,1,23.400000000000006,64.8,67.1,65.08571428571429
2025-04-16,76.9,62.5,68.6,59.2,73.9,100,4.17,15.2,10.3,90.4,1017.0,66.5,4.0,260.5,9,0.3,4,106,2025,0.8660254037844387,-0.49999999999999983,0.9679377830240642,-0.25119006388481935,12.853055555555555,1,14.400000000000006,66.1,68.4,65.17142857142856
2025-04-17,76.9,62.5,66.4,59.9,81.3,0,0.0,20.8,17.2,157.1,1015.1,75.4,3.5,226.8,7,1.8,4,107,2025,0.8660254037844387,-0.49999999999999983,0.9634705485641488,-0.2678143051621742,12.879166666666666,1,14.400000000000006,68.6,73.9,65.8
2025-04-18,76.9,58.9,67.8,59.9,78.1,100,4.17,16.8,13.9,190.8,1013.8,53.8,4.6,226.6,9,2.5,4,108,2025,0.8660254037844387,-0.49999999999999983,0.9587178169872964,-0.2843591872810034,12.904444444444444,1,18.000000000000007,66.4,81.3,66.24285714285715
2025-04-19,75.1,64.3,68.2,63.0,84.5,100,8.33,13.6,5.8,88.4,1014.9,83.3,4.0,189.1,7,5.6,4,109,2025,0.8660254037844387,-0.49999999999999983,0.9536809966304457,-0.30081980763566735,12.93,1,10.799999999999997,67.8,78.1,66.74285714285715
2025-04-20,82.3,60.7,71.4,60.5,72.3,0,0.0,19.5,10.3,282.3,1014.3,31.8,4.4,254.8,8,0.0,4,110,2025,0.8660254037844387,-0.49999999999999983,0.9483615800121715,-0.3171912885891061,12.955555555555556,0,21.599999999999994,68.2,84.5,67.61428571428571
2025-04-21,85.9,64.3,75.0,60.6,64.2,0,0.0,23.3,10.3,254.9,1016.0,28.1,4.2,295.6,10,0.0,4,111,2025,0.8660254037844387,-0.49999999999999983,0.9427611433904207,-0.3334687789181868,12.980555555555556,0,21.60000000000001,71.4,72.3,69.07142857142857
2025-04-22,85.9,66.1,76.7,57.7,55.9,0,0.0,25.7,12.8,307.4,1015.4,25.0,4.1,302.1,10,0.0,4,112,2025,0.8660254037844387,-0.49999999999999983,0.9368813462954315,-0.3496474552512284,13.005833333333333,0,19.80000000000001,75.0,64.2,70.58571428571427
2025-04-23,89.5,64.3,76.7,49.7,43.5,0,0.0,24.6,13.9,290.3,1011.9,25.2,4.6,314.6,10,0.0,4,113,2025,0.8660254037844387,-0.49999999999999983,0.9307239310379795,-0.36572252349726897,13.030555555555555,0,25.200000000000003,76.7,55.9,71.74285714285715
2025-04-24,89.5,64.3,76.5,45.8,37.1,0,0.0,25.3,11.4,213.6,1011.4,25.0,4.3,314.4,10,0.0,4,114,2025,0.8660254037844387,-0.49999999999999983,0.9242907221930934,-0.3816892202666588,13.055555555555555,0,25.200000000000003,76.7,43.5,73.1857142857143
2025-04-25,87.7,60.7,74.9,42.2,35.9,0,0.0,24.4,12.8,301.4,1013.3,25.0,4.3,316.9,10,0.0,4,115,2025,0.8660254037844387,-0.49999999999999983,0.9175836260593937,-0.39754281428255595,13.079722222222221,0,27.0,76.5,37.1,74.20000000000002
2025-04-26,87.7,62.5,75.9,44.3,36.5,0,0.0,24.8,10.3,215.9,1013.8,32.3,4.2,307.2,10,0.0,4,116,2025,0.8660254037844387,-0.49999999999999983,0.9106046300942163,-0.4132786077829042,13.104166666666666,0,25.200000000000003,74.9,35.9,75.3
2025-04-27,82.3,60.7,70.1,52.4,55.4,0,0.0,19.5,17.2,114.0,1016.8,54.4,3.9,272.7,9,1.5,4,117,2025,0.8660254037844387,-0.49999999999999983,0.9033558023246845,-0.4288919379124835,13.128333333333334,1,21.599999999999994,75.9,36.5,75.11428571428571
2025-04-28,71.5,58.9,63.0,55.2,77.7,100,4.17,17.9,9.2,113.1,1016.3,86.4,4.1,146.2,7,3.0,4,118,2025,0.8660254037844387,-0.49999999999999983,0.895839290734909,-0.4443781781046132,13.152222222222223,1,12.600000000000001,70.1,55.4,73.39999999999999
2025-04-29,76.9,57.1,65.8,56.3,74.8,100,4.17,15.2,11.4,196.0,1015.8,68.5,4.5,194.6,6,4.3,4,119,2025,0.8660254037844387,-0.49999999999999983,0.8880573226294932,-0.45973273945210397,13.175833333333333,1,19.800000000000004,63.0,77.7,71.84285714285714
2025-04-30,76.9,62.5,69.3,57.3,67.4,0,0.0,11.9,10.3,169.3,1017.0,83.3,4.4,186.8,6,2.0,4,120,2025,0.8660254037844387,-0.49999999999999983,0.8800122039735357,-0.47495107206704995,13.199444444444444,1,14.400000000000006,65.8,74.8,70.78571428571429
2025-05-01,73.3,58.9,66.5,57.2,73.9,0,0.0,18.6,10.3,110.6,1019.5,79.0,4.8,186.8,6,11.8,5,121,2025,0.49999999999999994,-0.8660254037844387,0.8717063187093218,-0.49002866642905923,13.2225,1,14.399999999999999,69.3,67.4,69.35714285714286
2025-05-02,76.9,57.1,66.9,56.2,70.3,0,0.0,15.4,11.4,70.6,1018.0,53.3,4.5,250.5,8,3.1,5,122,2025,0.49999999999999994,-0.8660254037844387,0.8631421280499114,-0.5049610547215204,13.245833333333334,1,19.800000000000004,66.5,73.9,68.21428571428571
2025-05-03,73.3,62.5,67.7,59.8,77.0,0,0.0,15.9,13.9,185.1,1015.3,67.5,4.2,236.9,8,0.7,5,123,2025,0.49999999999999994,-0.8660254037844387,0.854322169749827,-0.5197438121555155,13.268333333333333,1,10.799999999999997,66.9,70.3,67.04285714285714
2025-05-04,75.1,60.7,66.1,60.9,84.8,0,0.0,18.3,6.9,79.7,1015.2,79.0,4.6,232.4,8,16.9,5,124,2025,0.49999999999999994,-0.8660254037844387,0.8452490573530633,-0.5343725582809787,13.290833333333333,1,14.399999999999991,67.7,77.0,66.47142857142858
2025-05-05,76.9,60.7,68.6,59.1,73.9,0,0.0,19.0,13.9,185.4,1015.2,65.4,4.4,246.1,9,4.8,5,125,2025,0.49999999999999994,-0.8660254037844387,0.835925479418637,-0.548842958284719,13.313333333333333,1,16.200000000000003,66.1,84.8,67.27142857142857
2025-05-06,71.5,62.5,65.1,61.5,89.0,0,0.0,14.5,16.1,78.8,1015.0,78.0,3.9,167.8,5,6.3,5,126,2025,0.49999999999999994,-0.8660254037844387,0.8263541987239096,-0.5631507242749186,13.335277777777778,1,9.0,68.6,73.9,67.17142857142856
2025-05-07,80.5,58.9,69.6,58.7,72.0,0,0.0,20.1,12.8,303.8,1014.0,31.8,4.8,270.7,9,8.1,5,127,2025,0.49999999999999994,-0.8660254037844387,0.8165380514459161,-0.5772916165517272,13.356666666666667,1,21.6,65.1,89.0,67.21428571428571
2025-05-08,84.1,64.3,73.3,59.6,65.5,0,0.0,29.1,13.4,311.3,1014.6,29.2,5.1,285.4,9,0.0,5,128,2025,0.49999999999999994,-0.8660254037844387,0.8064799463209448,-0.5912614448635781,13.378055555555555,0,19.799999999999997,69.6,72.0,68.18571428571428
2025-05-09,85.9,62.5,74.6,58.2,63.1,0,0.0,28.2,13.9,315.9,1015.7,41.8,4.9,260.9,8,0.0,5,129,2025,0.49999999999999994,-0.8660254037844387,0.7961828637826158,-0.6050560696488488,13.399166666666666,0,23.400000000000006,73.3,65.5,69.28571428571429
2025-05-10,85.9,65.0,76.6,57.0,53.2,100,4.17,23.7,12.8,307.0,1014.7,33.6,6.0,279.7,9,0.0,5,130,2025,0.49999999999999994,-0.8660254037844387,0.7856498550787145,-0.6186714032625031,13.42,0,20.900000000000006,74.6,63.1,70.55714285714285
2025-05-11,85.9,67.9,76.9,59.4,56.4,0,0.0,22.1,11.4,317.7,1013.5,45.4,4.9,260.5,8,0.0,5,131,2025,0.49999999999999994,-0.8660254037844387,0.7748840413670407,-0.6321034111873487,13.440555555555555,0,18.0,76.6,53.2,72.1
2025-05-12,84.1,67.9,76.3,60.7,59.9,0,0.0,24.2,13.9,300.0,1011.4,58.6,4.4,237.3,8,0.0,5,132,2025,0.49999999999999994,-0.8660254037844387,0.7638886127905428,-0.6453481132295501,13.460555555555555,0,16.19999999999999,76.9,56.4,73.2
2025-05-13,84.1,67.9,76.4,61.4,61.6,0,0.0,19.9,13.9,280.9,1011.5,47.0,4.6,280.9,9,0.0,5,133,2025,0.49999999999999994,-0.8660254037844387,0.7526668275320084,-0.6584015846980488,13.480277777777777,0,16.19999999999999,76.3,59.9,74.8142857142857
2025-05-14,87.7,69.7,77.4,61.1,59.9,0,0.0,24.2,15.0,299.8,1012.6,48.0,4.8,268.3,8,0.0,5,134,2025,0.49999999999999994,-0.8660254037844387,0.741222010848596,-0.6712599575675313,13.5,0,18.0,76.4,61.6,75.92857142857143
2025-05-15,87.7,66.1,77.0,58.8,56.5,0,0.0,21.0,11.4,316.5,1013.2,48.6,4.7,284.8,8,0.0,5,135,2025,0.49999999999999994,-0.8660254037844387,0.7295575540864875,-0.6839194216246106,13.518888888888888,0,21.60000000000001,77.4,59.9,76.45714285714287
2025-05-16,85.9,66.1,73.4,63.0,73.6,100,4.17,20.1,15.0,262.3,1013.6,69.6,4.0,252.0,8,2.0,5,136,2025,0.49999999999999994,-0.8660254037844387,0.717676913675962,-0.6963762255968722,13.5375,1,19.80000000000001,77.0,56.5,76.28571428571429
2025-05-17,80.5,62.5,70.7,61.3,74.1,100,4.17,19.5,18.3,105.8,1013.1,52.3,4.3,247.3,8,3.6,5,137,2025,0.49999999999999994,-0.8660254037844387,0.705583610107178,-0.7086266782644596,13.556111111111111,1,18.0,73.4,73.6,75.44285714285715
2025-05-18,78.7,66.1,69.7,63.2,80.7,100,8.33,19.5,11.4,102.0,1014.2,75.9,4.0,240.5,8,30.5,5,138,2025,0.49999999999999994,-0.8660254037844387,0.6932812268869777,-0.7206671495538609,13.573888888888888,1,12.600000000000009,70.7,74.1,74.41428571428573
2025-05-19,78.7,66.1,71.1,65.6,83.9,0,0.0,15.7,15.0,183.9,1013.2,87.7,4.2,134.6,5,0.0,5,139,2025,0.49999999999999994,-0.8660254037844387,0.6807734094770161,-0.7324940716135789,13.591388888888888,0,12.600000000000009,69.7,80.7,73.67142857142858
2025-05-20,80.5,62.5,71.3,64.5,80.8,100,8.33,15.7,17.2,208.0,1011.8,72.2,4.9,123.7,5,15.2,5,140,2025,0.49999999999999994,-0.8660254037844387,0.6680638642135335,-0.7441039398713607,13.608611111111111,1,18.0,71.1,83.9,72.94285714285715
2025-05-21,78.7,66.1,70.5,65.0,83.8,100,8.33,23.0,13.9,117.1,1012.9,66.4,4.5,238.8,8,10.9,5,141,2025,0.49999999999999994,-0.8660254037844387,0.6551563572090853,-0.7554933140726803,13.625277777777777,1,12.600000000000009,71.3,80.8,71.95714285714287
2025-05-22,78.7,62.5,71.1,62.0,74.8,0,0.0,15.9,9.2,246.6,1013.1,72.4,5.1,247.0,9,0.0,5,142,2025,0.49999999999999994,-0.8660254037844387,0.6420547132365637,-0.766658819300159,13.641944444444444,0,16.200000000000003,70.5,83.8,71.11428571428571
2025-05-23,78.7,66.1,72.0,64.8,79.2,0,0.0,18.1,10.3,204.9,1011.6,84.8,4.1,215.2,7,0.0,5,143,2025,0.49999999999999994,-0.8660254037844387,0.6287628145958344,-0.777597146973627,13.657777777777778,0,12.600000000000009,71.1,74.8,70.91428571428571
2025-05-24,80.5,66.1,72.5,65.9,81.2,100,4.17,19.5,11.4,186.8,1012.8,83.3,4.6,218.2,8,22.1,5,144,2025,0.49999999999999994,-0.8660254037844387,0.6152845999633276,-0.7883050558305255,13.673055555555555,1,14.400000000000006,72.0,79.2,71.17142857142856
2025-05-25,82.3,67.0,73.4,65.8,79.3,100,4.17,17.0,10.3,213.5,1013.7,68.5,5.3,221.5,9,0.5,5,145,2025,0.49999999999999994,-0.8660254037844387,0.6016240632249226,-0.7987793728863649,13.688333333333333,1,15.299999999999997,72.5,81.2,71.7
2025-05-26,80.5,67.9,73.1,67.4,83.7,100,4.17,18.1,15.0,217.3,1012.1,81.7,4.7,186.3,7,3.0,5,146,2025,0.49999999999999994,-0.8660254037844387,0.5877852522924732,-0.8090169943749473,13.702777777777778,1,12.599999999999994,73.4,79.3,71.98571428571428
2025-05-27,82.3,69.7,74.7,67.5,79.2,100,4.17,16.8,12.8,217.7,1009.7,80.1,5.1,219.4,8,0.0,5,147,2025,0.49999999999999994,-0.8660254037844387,0.5737722679043246,-0.8190148866680801,13.716666666666667,0,12.599999999999994,73.1,83.7,72.47142857142858
2025-05-28,84.1,69.7,76.1,69.2,80.9,0,0.0,23.0,13.9,228.1,1008.3,79.6,4.8,236.4,8,0.0,5,148,2025,0.49999999999999994,-0.8660254037844387,0.5595892624101765,-0.8287700871745037,13.730277777777777,0,14.399999999999991,74.7,79.2,73.27142857142857
2025-05-29,84.1,66.1,75.4,66.9,77.6,100,4.17,19.0,11.4,271.2,1006.5,52.2,5.5,229.2,8,43.4,5,149,2025,0.49999999999999994,-0.8660254037844387,0.545240438540651,-0.8382797052177743,13.743611111111111,1,18.0,76.1,80.9,73.88571428571429
2025-05-30,82.3,69.7,75.7,68.5,80.0,100,4.17,21.0,11.4,279.5,1004.3,68.0,5.5,206.2,7,6.4,5,150,2025,0.49999999999999994,-0.8660254037844387,0.5307300481619334,-0.8475409228928311,13.755833333333333,1,12.599999999999994,75.4,77.6,74.41428571428571
2025-05-31,84.1,71.5,76.6,68.5,77.6,100,8.33,18.8,10.3,278.3,1007.1,79.0,4.6,217.0,8,2.3,5,151,2025,0.49999999999999994,-0.8660254037844387,0.5160623910158528,-0.8565509959010036,13.768055555555556,1,12.599999999999994,75.7,80.0,75.0
2025-06-01,84.1,67.9,76.3,64.7,69.4,100,4.17,22.4,15.0,282.0,1007.4,67.0,4.5,294.1,10,1.0,6,152,2025,1.2246467991473532e-16,-1.0,0.5012418134457758,-0.865307254363206,13.779722222222222,1,16.19999999999999,76.6,77.6,75.41428571428571
2025-06-02,84.1,66.1,75.2,60.7,62.5,100,4.17,22.8,11.4,303.1,1007.5,60.2,4.7,289.2,9,0.0,6,153,2025,1.2246467991473532e-16,-1.0,0.48627270710869,-0.8738071036110808,13.790833333333333,0,18.0,76.3,69.4,75.71428571428571
2025-06-03,78.7,67.9,73.2,62.1,68.7,0,0.0,12.8,8.1,337.7,1009.8,81.2,4.2,152.3,5,0.0,6,154,2025,1.2246467991473532e-16,-1.0,0.4711595076738638,-0.8820480249558537,13.801388888888889,0,10.799999999999997,75.2,62.5,75.5
2025-06-04,76.9,66.1,69.4,63.6,83.3,100,8.33,12.5,9.2,86.3,1012.3,83.3,4.6,128.3,4,2.5,6,155,2025,1.2246467991473532e-16,-1.0,0.4559066935084588,-0.8900275764346767,13.811388888888889,1,10.800000000000011,73.2,68.7,74.54285714285713
2025-06-05,80.5,64.3,70.8,63.0,78.6,100,4.17,16.8,13.9,197.0,1015.2,78.5,4.7,186.3,9,1.0,6,156,2025,1.2246467991473532e-16,-1.0,0.440518784350495,-0.8977433935342337,13.820833333333333,1,16.200000000000003,69.4,83.3,73.88571428571429
2025-06-06,78.7,64.3,71.6,61.2,71.3,0,0.0,17.4,17.2,209.5,1015.2,57.5,5.0,266.1,8,0.0,6,157,2025,1.2246467991473532e-16,-1.0,0.42500033996955416,-0.9051931898913974,13.83,0,14.400000000000006,70.8,78.6,73.29999999999998
2025-06-07,84.1,64.3,74.4,61.9,67.9,0,0.0,15.7,10.3,262.8,1014.2,31.3,5.2,283.8,9,0.0,6,158,2025,1.2246467991473532e-16,-1.0,0.4093559588156213,-0.9123747579707273,13.838333333333333,0,19.799999999999997,71.6,71.3,72.98571428571428
2025-06-08,85.9,67.9,76.7,65.2,69.6,0,0.0,15.9,10.3,276.0,1013.0,40.1,4.7,262.1,9,0.0,6,159,2025,1.2246467991473532e-16,-1.0,0.39359027665646673,-0.9192859697186104,13.846111111111112,0,18.0,74.4,67.9,73.04285714285714
2025-06-09,87.7,71.5,78.9,68.3,72.0,0,0.0,14.5,9.2,266.4,1011.8,42.2,4.3,295.5,9,0.0,6,160,2025,1.2246467991473532e-16,-1.0,0.3777079652039649,-0.9259247771938498,13.853055555555555,0,16.200000000000003,76.7,69.6,73.57142857142857
2025-06-10,87.7,73.3,78.9,69.6,74.4,100,4.17,6.7,4.02,222.8,1011.4,66.9,3.7,319.3,10,1.5,6,161,2025,1.2246467991473532e-16,-1.0,0.36171373072976765,-0.9322892131745133,13.86,1,14.400000000000006,78.9,72.0,74.38571428571429
2025-06-11,85.9,71.5,77.5,72.0,84.8,100,8.33,7.6,13.9,186.2,1012.5,83.3,3.9,313.4,10,16.8,6,162,2025,1.2246467991473532e-16,-1.0,0.3456123126707335,-0.9383773917408641,13.866111111111111,1,14.400000000000006,78.9,74.4,75.54285714285713
2025-06-12,82.3,73.3,75.9,72.6,90.3,100,4.17,6.3,3.78,211.3,1012.7,86.4,3.7,277.1,9,0.3,6,163,2025,1.2246467991473532e-16,-1.0,0.3294084822245304,-0.9441875088341993,13.871666666666666,1,9.0,77.5,84.8,76.27142857142859
2025-06-13,80.5,68.4,73.9,71.6,93.1,100,12.5,31.1,19.7,63.7,1012.7,85.7,4.9,180.9,6,25.9,6,164,2025,1.2246467991473532e-16,-1.0,0.3131070409358269,-0.9497178427914316,13.876666666666667,1,12.099999999999994,75.9,90.3,76.60000000000001
2025-06-14,85.9,67.9,77.1,69.3,79.2,100,4.17,5.8,10.3,236.8,1010.6,72.6,5.1,220.1,10,0.0,6,165,2025,1.2246467991473532e-16,-1.0,0.29671281927349075,-0.9549667548552551,13.880833333333333,0,18.0,73.9,93.1,76.9857142857143
2025-06-15,82.3,69.7,74.9,70.5,87.1,100,8.33,4.9,2.94,190.8,1010.0,88.5,4.1,240.9,9,9.7,6,166,2025,1.2246467991473532e-16,-1.0,0.28023067519921585,-0.9599326896597447,13.885,1,12.599999999999994,77.1,79.2,76.72857142857143
2025-06-16,82.3,71.5,74.7,71.1,89.4,100,4.17,7.2,11.4,185.3,1009.8,88.0,4.1,221.5,10,5.3,6,167,2025,1.2246467991473532e-16,-1.0,0.26366549272800704,-0.9646141756912435,13.888055555555555,1,10.799999999999997,74.9,87.1,76.12857142857145
2025-06-17,84.1,69.7,75.3,70.1,85.5,100,8.33,5.8,3.48,260.6,1009.3,81.7,4.7,215.2,9,41.1,6,168,2025,1.2246467991473532e-16,-1.0,0.24702218048093552,-0.9690098257244062,13.890555555555556,1,14.399999999999991,74.7,89.4,75.61428571428571
2025-06-18,82.3,69.7,75.3,74.3,96.8,0,0.0,6.3,11.4,246.4,1007.5,88.0,5.0,263.0,8,0.0,6,169,2025,1.2246467991473532e-16,-1.0,0.23030567023061221,-0.9731183372332619,13.892777777777777,0,12.599999999999994,75.3,85.5,75.3
2025-06-19,82.3,71.5,74.9,71.9,91.5,100,8.33,4.7,8.1,130.4,1007.0,90.0,4.2,55.3,2,23.6,6,170,2025,1.2246467991473532e-16,-1.0,0.21352091543979612,-0.9769384927771817,13.893888888888888,1,10.799999999999997,75.3,96.8,75.15714285714286
2025-06-20,82.3,71.5,74.4,71.3,91.2,100,8.33,5.1,3.0599999999999996,217.4,1008.7,88.0,4.3,222.3,9,32.8,6,171,2025,1.2246467991473532e-16,-1.0,0.19667288979357647,-0.980469160361632,13.894722222222223,1,10.799999999999997,74.9,91.5,75.22857142857143
2025-06-21,82.3,71.5,76.0,71.6,87.4,100,4.17,4.7,2.82,183.4,1009.4,83.3,5.0,254.5,9,6.6,6,172,2025,1.2246467991473532e-16,-1.0,0.1797665857255624,-0.9837092937736097,13.895,1,10.799999999999997,74.4,91.2,75.07142857142857
2025-06-22,84.1,69.7,76.8,72.2,86.9,100,4.17,28.9,17.2,188.8,1009.5,88.5,4.6,222.7,9,0.8,6,173,2025,1.2246467991473532e-16,-1.0,0.16280701293851715,-0.986657932891657,13.894444444444444,1,14.399999999999991,76.0,87.4,75.34285714285714
2025-06-23,80.5,67.9,73.6,70.8,91.8,100,4.17,4.9,2.94,167.9,1007.6,88.4,4.7,281.7,9,60.5,6,174,2025,1.2246467991473532e-16,-1.0,0.1457991969198751,-0.9893142039703663,13.893611111111111,1,12.599999999999994,76.8,86.9,75.18571428571428
2025-06-24,82.3,69.7,74.6,70.5,88.4,100,8.33,5.8,3.48,187.4,1007.0,79.0,4.7,222.2,7,17.0,6,175,2025,1.2246467991473532e-16,-1.0,0.12874817745258132,-0.99167731989929,13.891944444444444,1,12.599999999999994,73.6,91.8,75.08571428571429
2025-06-25,82.3,69.7,75.5,70.6,86.1,100,4.17,4.7,2.82,254.5,1010.5,81.7,4.4,220.5,7,8.9,6,176,2025,1.2246467991473532e-16,-1.0,0.11165900712169512,-0.993746580436178,13.889722222222222,1,12.599999999999994,74.6,88.4,75.11428571428573
2025-06-26,84.1,71.5,76.7,71.6,85.9,100,8.33,5.6,3.36,220.1,1011.7,75.9,4.6,301.5,9,9.9,6,177,2025,1.2246467991473532e-16,-1.0,0.09453674981719912,-0.9955213724144752,13.887222222222222,1,12.599999999999994,75.5,86.1,75.37142857142858
2025-06-27,82.3,69.7,76.7,71.1,84.0,100,54.17,5.8,3.48,237.0,1010.3,80.1,5.1,266.0,9,18.8,6,178,2025,1.2246467991473532e-16,-1.0,0.07738647923346301,-0.9970011699250151,13.883611111111112,1,12.599999999999994,76.7,85.9,75.7
2025-06-28,82.3,71.5,76.1,70.5,84.3,100,58.33,4.9,2.94,278.3,1009.3,86.4,4.5,262.4,7,3.8,6,179,2025,1.2246467991473532e-16,-1.0,0.06021327736579302,-0.9981855344718586,13.879722222222222,1,10.799999999999997,76.7,84.0,75.71428571428571
2025-06-29,82.3,71.5,73.5,71.4,94.2,100,62.5,4.9,2.94,223.2,1006.8,88.0,4.4,153.8,6,19.9898,6,180,2025,1.2246467991473532e-16,-1.0,0.04302223300453059,-0.99907411510223,13.875,1,10.799999999999997,76.1,84.3,75.24285714285715
2025-06-30,76.9,68.6,71.1,68.1,90.7,100,62.5,6.9,3.4,132.3,1004.5,93.2,9.3,79.8,3,13.0048,6,181,2025,1.2246467991473532e-16,-1.0,0.02581844022713308,-0.9996666485105112,13.87,1,8.300000000000011,73.5,94.2,74.88571428571427
